2025-01-30 11:39:48.593 [main] INFO  com.rs.mv.mvvs.Startup - [LSP:100101]ROCKET MV BASIC EXTENSION to start
2025-01-30 11:39:48.610 [main] INFO  com.rs.mv.mvvs.lsp.server.BasicLanguageServerLauncher - [LSP:100102]start pip server
2025-01-30 11:39:48.713 [main] INFO  com.rs.mv.mvvs.lsp.server.BasicLanguageServerLauncher - [LSP:100103]ROCKET MV BASIC EXTENSION start successful
2025-01-30 11:39:48.762 [pool-3-thread-1] INFO  com.rs.mv.mvvs.instance.workspace.WorkspaceManager - [workspace:200101]load all workspace folders start
2025-01-30 11:39:48.763 [pool-3-thread-1] INFO  com.rs.mv.mvvs.instance.workspace.WorkspaceManager - [workspace:20010201]root uri: file:///d%3A/Projet-Github/nodejs-formation
2025-01-30 11:39:48.764 [pool-3-thread-1] INFO  com.rs.mv.mvvs.instance.workspace.handler.FolderHandler - [workspace:200103]workspace contains workspace folder: file:///d%3A/Projet-Github/nodejs-formation
2025-01-30 11:39:48.782 [pool-3-thread-1] INFO  com.rs.mv.mvvs.instance.workspace.handler.FolderHandler - [workspace:200104]workspace folder will be cached: file:///d%3A/Projet-Github/nodejs-formation
2025-01-30 11:39:48.783 [pool-3-thread-1] INFO  com.rs.mv.mvvs.rmv.config.Config - [framework:30010101]config load start
2025-01-30 11:39:48.784 [pool-3-thread-1] INFO  com.rs.mv.mvvs.rmv.config.Config - [framework:30010102]project config path is : D:/Projet-Github/nodejs-formation/.rmv/config
2025-01-30 11:39:48.784 [pool-3-thread-1] INFO  com.rs.mv.mvvs.rmv.config.Config - [framework:30010103]resource config path is : /
2025-01-30 11:39:48.784 [pool-3-thread-1] INFO  com.rs.mv.mvvs.rmv.config.Config - [framework:30010104]user config path is : C:/Users/alexa
2025-01-30 11:39:48.803 [pool-3-thread-1] INFO  com.rs.mv.mvvs.rmv.config.Config - [framework:30010105]config load end
2025-01-30 11:39:48.805 [pool-3-thread-1] INFO  com.rs.mv.mvvs.rmv.documentation.BasicDocumentation - [framework:30020101]documentation load start
2025-01-30 11:39:48.805 [pool-3-thread-1] INFO  com.rs.mv.mvvs.rmv.documentation.reader.SystemDocReader - [framework:30020102]system documentation path: /documentation/UNIVERSE/
2025-01-30 11:39:48.808 [pool-3-thread-1] INFO  com.rs.mv.mvvs.rmv.documentation.reader.ProjectDocReader - [framework:30020103]project documentation brief file: D:\Projet-Github\nodejs-formation\.rmv\documentation\UNIVERSE\custom.json
2025-01-30 11:39:48.809 [pool-3-thread-1] INFO  com.rs.mv.mvvs.rmv.documentation.reader.UserDocReader - [framework:30020104]user documentation brief file: C:\Users\alexa\documentation\UNIVERSE\custom.json
2025-01-30 11:39:48.867 [pool-3-thread-1] INFO  com.rs.mv.mvvs.rmv.documentation.BasicDocumentation - [framework:30020105]documentation load end
2025-01-30 11:39:48.871 [pool-3-thread-1] INFO  com.rs.mv.mvvs.common.convertor.ConvertorManager - [framework:30030101]convertors for folder(D:/Projet-Github/nodejs-formation) load start
2025-01-30 11:39:48.876 [pool-3-thread-1] INFO  com.rs.mv.mvvs.common.convertor.ConvertorManager - [framework:30030102]comment convertor load finish
2025-01-30 11:39:48.988 [pool-3-thread-1] INFO  com.rs.mv.mvvs.common.convertor.ConvertorManager - [framework:30030103]keyword convertor load finish
2025-01-30 11:39:48.993 [pool-3-thread-1] INFO  com.rs.mv.mvvs.common.convertor.ConvertorManager - [framework:30030104]operator convertor load finish
2025-01-30 11:39:48.995 [pool-3-thread-1] INFO  com.rs.mv.mvvs.common.convertor.ConvertorManager - [framework:30030105]function name convertor load finish
2025-01-30 11:39:48.995 [pool-3-thread-1] INFO  com.rs.mv.mvvs.common.convertor.ConvertorManager - [framework:30030106]atVariable convertor load finish
2025-01-30 11:39:48.996 [pool-3-thread-1] INFO  com.rs.mv.mvvs.common.convertor.ConvertorManager - [framework:30030107]convertors for folder(D:/Projet-Github/nodejs-formation) load end
2025-01-30 11:39:48.999 [pool-3-thread-1] INFO  com.rs.mv.mvvs.rmv.config.CapabilityConfig - [framework:30010301]capabilities file(D:/Projet-Github/nodejs-formation/config/capability) doesn't exist or read error, default config will take effect
2025-01-30 11:39:48.999 [pool-3-thread-1] INFO  com.rs.mv.mvvs.instance.workspace.WorkspaceManager - [workspace:200105]load all workspace folders successful
2025-01-30 11:39:49.000 [pool-3-thread-1] INFO  com.rs.mv.mvvs.client.account.AccountManager - [client:40010101]load account manager start
2025-01-30 11:39:49.009 [pool-3-thread-1] INFO  com.rs.mv.mvvs.client.account.handler.CacheAccountHandler - [client:40010102]load cache account: 
2025-01-30 11:39:49.012 [pool-3-thread-1] INFO  com.rs.mv.mvvs.client.account.handler.ExternalAccountHandler - [client:40010103]load external account: 
2025-01-30 11:39:51.024 [pool-3-thread-1] INFO  com.rs.mv.mvvs.client.catalog.manager.U2CatalogManager - [client:400203]cache file auto update thread launch in nodejs-formation account
2025-01-30 11:39:51.031 [pool-3-thread-1] INFO  com.rs.mv.mvvs.client.catalog.from.config.DirsConfigReader - [client:400206]parse dir config information
2025-01-30 11:39:51.033 [pool-3-thread-1] INFO  com.rs.mv.mvvs.client.catalog.from.config.MappingConfigReader - [client:400207]parse mapping config information
2025-01-30 11:39:51.043 [pool-3-thread-1] INFO  com.rs.mv.mvvs.client.catalog.manager.U2CatalogManager - [client:400202]start a schedule task to get global/local catalog for nodejs-formation, its period 5s 
2025-01-30 11:39:51.043 [pool-3-thread-1] INFO  com.rs.mv.mvvs.client.catalog.manager.U2CatalogManager - [client:400203]cache file auto update thread launch in .git account
2025-01-30 11:39:51.043 [pool-3-thread-1] INFO  com.rs.mv.mvvs.client.catalog.from.config.DirsConfigReader - [client:400206]parse dir config information
2025-01-30 11:39:51.044 [pool-3-thread-1] INFO  com.rs.mv.mvvs.client.catalog.from.config.MappingConfigReader - [client:400207]parse mapping config information
2025-01-30 11:39:51.044 [pool-3-thread-1] INFO  com.rs.mv.mvvs.client.catalog.manager.U2CatalogManager - [client:400202]start a schedule task to get global/local catalog for .git, its period 5s 
2025-01-30 11:39:51.044 [pool-3-thread-1] INFO  com.rs.mv.mvvs.client.catalog.manager.U2CatalogManager - [client:400203]cache file auto update thread launch in logs account
2025-01-30 11:39:51.045 [pool-3-thread-1] INFO  com.rs.mv.mvvs.client.catalog.from.config.DirsConfigReader - [client:400206]parse dir config information
2025-01-30 11:39:51.045 [pool-3-thread-1] INFO  com.rs.mv.mvvs.client.catalog.from.config.MappingConfigReader - [client:400207]parse mapping config information
2025-01-30 11:39:51.045 [pool-3-thread-1] INFO  com.rs.mv.mvvs.client.catalog.manager.U2CatalogManager - [client:400202]start a schedule task to get global/local catalog for logs, its period 5s 
2025-01-30 11:39:51.046 [pool-3-thread-1] INFO  com.rs.mv.mvvs.client.catalog.manager.U2CatalogManager - [client:400203]cache file auto update thread launch in refs account
2025-01-30 11:39:51.046 [pool-3-thread-1] INFO  com.rs.mv.mvvs.client.catalog.from.config.DirsConfigReader - [client:400206]parse dir config information
2025-01-30 11:39:51.046 [pool-3-thread-1] INFO  com.rs.mv.mvvs.client.catalog.from.config.MappingConfigReader - [client:400207]parse mapping config information
2025-01-30 11:39:51.047 [pool-3-thread-1] INFO  com.rs.mv.mvvs.client.catalog.manager.U2CatalogManager - [client:400202]start a schedule task to get global/local catalog for refs, its period 5s 
2025-01-30 11:39:51.047 [pool-3-thread-1] INFO  com.rs.mv.mvvs.client.catalog.manager.U2CatalogManager - [client:400203]cache file auto update thread launch in remotes account
2025-01-30 11:39:51.047 [pool-3-thread-1] INFO  com.rs.mv.mvvs.client.catalog.from.config.DirsConfigReader - [client:400206]parse dir config information
2025-01-30 11:39:51.047 [pool-3-thread-1] INFO  com.rs.mv.mvvs.client.catalog.from.config.MappingConfigReader - [client:400207]parse mapping config information
2025-01-30 11:39:51.049 [pool-3-thread-1] INFO  com.rs.mv.mvvs.client.catalog.manager.U2CatalogManager - [client:400202]start a schedule task to get global/local catalog for remotes, its period 5s 
2025-01-30 11:39:51.049 [pool-3-thread-1] INFO  com.rs.mv.mvvs.client.catalog.manager.U2CatalogManager - [client:400203]cache file auto update thread launch in objects account
2025-01-30 11:39:51.049 [pool-3-thread-1] INFO  com.rs.mv.mvvs.client.catalog.from.config.DirsConfigReader - [client:400206]parse dir config information
2025-01-30 11:39:51.050 [pool-3-thread-1] INFO  com.rs.mv.mvvs.client.catalog.from.config.MappingConfigReader - [client:400207]parse mapping config information
2025-01-30 11:39:51.050 [pool-3-thread-1] INFO  com.rs.mv.mvvs.client.catalog.manager.U2CatalogManager - [client:400202]start a schedule task to get global/local catalog for objects, its period 5s 
2025-01-30 11:39:51.051 [pool-3-thread-1] INFO  com.rs.mv.mvvs.client.catalog.manager.U2CatalogManager - [client:400203]cache file auto update thread launch in refs account
2025-01-30 11:39:51.051 [pool-3-thread-1] INFO  com.rs.mv.mvvs.client.catalog.from.config.DirsConfigReader - [client:400206]parse dir config information
2025-01-30 11:39:51.051 [pool-3-thread-1] INFO  com.rs.mv.mvvs.client.catalog.from.config.MappingConfigReader - [client:400207]parse mapping config information
2025-01-30 11:39:51.052 [pool-3-thread-1] INFO  com.rs.mv.mvvs.client.catalog.manager.U2CatalogManager - [client:400202]start a schedule task to get global/local catalog for refs, its period 5s 
2025-01-30 11:39:51.052 [pool-3-thread-1] INFO  com.rs.mv.mvvs.client.catalog.manager.U2CatalogManager - [client:400203]cache file auto update thread launch in remotes account
2025-01-30 11:39:51.052 [pool-3-thread-1] INFO  com.rs.mv.mvvs.client.catalog.from.config.DirsConfigReader - [client:400206]parse dir config information
2025-01-30 11:39:51.053 [pool-3-thread-1] INFO  com.rs.mv.mvvs.client.catalog.from.config.MappingConfigReader - [client:400207]parse mapping config information
2025-01-30 11:39:51.053 [pool-3-thread-1] INFO  com.rs.mv.mvvs.client.catalog.manager.U2CatalogManager - [client:400202]start a schedule task to get global/local catalog for remotes, its period 5s 
2025-01-30 11:39:51.053 [pool-3-thread-1] INFO  com.rs.mv.mvvs.client.catalog.manager.U2CatalogManager - [client:400203]cache file auto update thread launch in 00.Base-Javascript(Optionnel) account
2025-01-30 11:39:51.054 [pool-3-thread-1] INFO  com.rs.mv.mvvs.client.catalog.from.config.DirsConfigReader - [client:400206]parse dir config information
2025-01-30 11:39:51.054 [pool-3-thread-1] INFO  com.rs.mv.mvvs.client.catalog.from.config.MappingConfigReader - [client:400207]parse mapping config information
2025-01-30 11:39:51.054 [pool-3-thread-1] INFO  com.rs.mv.mvvs.client.catalog.manager.U2CatalogManager - [client:400202]start a schedule task to get global/local catalog for 00.Base-Javascript(Optionnel), its period 5s 
2025-01-30 11:39:51.055 [pool-3-thread-1] INFO  com.rs.mv.mvvs.client.catalog.manager.U2CatalogManager - [client:400203]cache file auto update thread launch in A.Modules account
2025-01-30 11:39:51.055 [pool-3-thread-1] INFO  com.rs.mv.mvvs.client.catalog.from.config.DirsConfigReader - [client:400206]parse dir config information
2025-01-30 11:39:51.055 [pool-3-thread-1] INFO  com.rs.mv.mvvs.client.catalog.from.config.MappingConfigReader - [client:400207]parse mapping config information
2025-01-30 11:39:51.055 [pool-3-thread-1] INFO  com.rs.mv.mvvs.client.catalog.manager.U2CatalogManager - [client:400202]start a schedule task to get global/local catalog for A.Modules, its period 5s 
2025-01-30 11:39:51.055 [pool-3-thread-1] INFO  com.rs.mv.mvvs.client.catalog.manager.U2CatalogManager - [client:400203]cache file auto update thread launch in B.Modules-Internes account
2025-01-30 11:39:51.055 [pool-3-thread-1] INFO  com.rs.mv.mvvs.client.catalog.from.config.DirsConfigReader - [client:400206]parse dir config information
2025-01-30 11:39:51.055 [pool-3-thread-1] INFO  com.rs.mv.mvvs.client.catalog.from.config.MappingConfigReader - [client:400207]parse mapping config information
2025-01-30 11:39:51.055 [pool-3-thread-1] INFO  com.rs.mv.mvvs.client.catalog.manager.U2CatalogManager - [client:400202]start a schedule task to get global/local catalog for B.Modules-Internes, its period 5s 
2025-01-30 11:39:51.056 [pool-3-thread-1] INFO  com.rs.mv.mvvs.client.catalog.manager.U2CatalogManager - [client:400203]cache file auto update thread launch in 05.Character-Set-Encoding account
2025-01-30 11:39:51.056 [pool-3-thread-1] INFO  com.rs.mv.mvvs.client.catalog.from.config.DirsConfigReader - [client:400206]parse dir config information
2025-01-30 11:39:51.056 [pool-3-thread-1] INFO  com.rs.mv.mvvs.client.catalog.from.config.MappingConfigReader - [client:400207]parse mapping config information
2025-01-30 11:39:51.057 [pool-3-thread-1] INFO  com.rs.mv.mvvs.client.catalog.manager.U2CatalogManager - [client:400202]start a schedule task to get global/local catalog for 05.Character-Set-Encoding, its period 5s 
2025-01-30 11:39:51.057 [pool-3-thread-1] INFO  com.rs.mv.mvvs.client.catalog.manager.U2CatalogManager - [client:400203]cache file auto update thread launch in node_modules account
2025-01-30 11:39:51.058 [pool-3-thread-1] INFO  com.rs.mv.mvvs.client.catalog.from.config.DirsConfigReader - [client:400206]parse dir config information
2025-01-30 11:39:51.058 [pool-3-thread-1] INFO  com.rs.mv.mvvs.client.catalog.from.config.MappingConfigReader - [client:400207]parse mapping config information
2025-01-30 11:39:51.058 [pool-3-thread-1] INFO  com.rs.mv.mvvs.client.catalog.manager.U2CatalogManager - [client:400202]start a schedule task to get global/local catalog for node_modules, its period 5s 
2025-01-30 11:39:51.059 [pool-3-thread-1] INFO  com.rs.mv.mvvs.client.catalog.manager.U2CatalogManager - [client:400203]cache file auto update thread launch in iconv-lite account
2025-01-30 11:39:51.059 [pool-3-thread-1] INFO  com.rs.mv.mvvs.client.catalog.from.config.DirsConfigReader - [client:400206]parse dir config information
2025-01-30 11:39:51.059 [pool-3-thread-1] INFO  com.rs.mv.mvvs.client.catalog.from.config.MappingConfigReader - [client:400207]parse mapping config information
2025-01-30 11:39:51.060 [pool-3-thread-1] INFO  com.rs.mv.mvvs.client.catalog.manager.U2CatalogManager - [client:400202]start a schedule task to get global/local catalog for iconv-lite, its period 5s 
2025-01-30 11:39:51.060 [pool-3-thread-1] INFO  com.rs.mv.mvvs.client.catalog.manager.U2CatalogManager - [client:400203]cache file auto update thread launch in .idea account
2025-01-30 11:39:51.060 [pool-3-thread-1] INFO  com.rs.mv.mvvs.client.catalog.from.config.DirsConfigReader - [client:400206]parse dir config information
2025-01-30 11:39:51.061 [pool-3-thread-1] INFO  com.rs.mv.mvvs.client.catalog.from.config.MappingConfigReader - [client:400207]parse mapping config information
2025-01-30 11:39:51.061 [pool-3-thread-1] INFO  com.rs.mv.mvvs.client.catalog.manager.U2CatalogManager - [client:400202]start a schedule task to get global/local catalog for .idea, its period 5s 
2025-01-30 11:39:51.061 [pool-3-thread-1] INFO  com.rs.mv.mvvs.client.catalog.manager.U2CatalogManager - [client:400203]cache file auto update thread launch in encodings account
2025-01-30 11:39:51.061 [pool-3-thread-1] INFO  com.rs.mv.mvvs.client.catalog.from.config.DirsConfigReader - [client:400206]parse dir config information
2025-01-30 11:39:51.062 [pool-3-thread-1] INFO  com.rs.mv.mvvs.client.catalog.from.config.MappingConfigReader - [client:400207]parse mapping config information
2025-01-30 11:39:51.062 [pool-3-thread-1] INFO  com.rs.mv.mvvs.client.catalog.manager.U2CatalogManager - [client:400202]start a schedule task to get global/local catalog for encodings, its period 5s 
2025-01-30 11:39:51.062 [pool-3-thread-1] INFO  com.rs.mv.mvvs.client.catalog.manager.U2CatalogManager - [client:400203]cache file auto update thread launch in 08.FS-Module account
2025-01-30 11:39:51.063 [pool-3-thread-1] INFO  com.rs.mv.mvvs.client.catalog.from.config.DirsConfigReader - [client:400206]parse dir config information
2025-01-30 11:39:51.063 [pool-3-thread-1] INFO  com.rs.mv.mvvs.client.catalog.from.config.MappingConfigReader - [client:400207]parse mapping config information
2025-01-30 11:39:51.063 [pool-3-thread-1] INFO  com.rs.mv.mvvs.client.catalog.manager.U2CatalogManager - [client:400202]start a schedule task to get global/local catalog for 08.FS-Module, its period 5s 
2025-01-30 11:39:51.063 [pool-3-thread-1] INFO  com.rs.mv.mvvs.client.catalog.manager.U2CatalogManager - [client:400203]cache file auto update thread launch in C.Serveur-Routing account
2025-01-30 11:39:51.064 [pool-3-thread-1] INFO  com.rs.mv.mvvs.client.catalog.from.config.DirsConfigReader - [client:400206]parse dir config information
2025-01-30 11:39:51.064 [pool-3-thread-1] INFO  com.rs.mv.mvvs.client.catalog.from.config.MappingConfigReader - [client:400207]parse mapping config information
2025-01-30 11:39:51.064 [pool-3-thread-1] INFO  com.rs.mv.mvvs.client.catalog.manager.U2CatalogManager - [client:400202]start a schedule task to get global/local catalog for C.Serveur-Routing, its period 5s 
2025-01-30 11:39:51.064 [pool-3-thread-1] INFO  com.rs.mv.mvvs.client.catalog.manager.U2CatalogManager - [client:400203]cache file auto update thread launch in 04.HTML-Template account
2025-01-30 11:39:51.065 [pool-3-thread-1] INFO  com.rs.mv.mvvs.client.catalog.from.config.DirsConfigReader - [client:400206]parse dir config information
2025-01-30 11:39:51.065 [pool-3-thread-1] INFO  com.rs.mv.mvvs.client.catalog.from.config.MappingConfigReader - [client:400207]parse mapping config information
2025-01-30 11:39:51.065 [pool-3-thread-1] INFO  com.rs.mv.mvvs.client.catalog.manager.U2CatalogManager - [client:400202]start a schedule task to get global/local catalog for 04.HTML-Template, its period 5s 
2025-01-30 11:39:51.065 [pool-3-thread-1] INFO  com.rs.mv.mvvs.client.catalog.manager.U2CatalogManager - [client:400203]cache file auto update thread launch in node_modules account
2025-01-30 11:39:51.066 [pool-3-thread-1] INFO  com.rs.mv.mvvs.client.catalog.from.config.DirsConfigReader - [client:400206]parse dir config information
2025-01-30 11:39:51.066 [pool-3-thread-1] INFO  com.rs.mv.mvvs.client.catalog.from.config.MappingConfigReader - [client:400207]parse mapping config information
2025-01-30 11:39:51.066 [pool-3-thread-1] INFO  com.rs.mv.mvvs.client.catalog.manager.U2CatalogManager - [client:400202]start a schedule task to get global/local catalog for node_modules, its period 5s 
2025-01-30 11:39:51.066 [pool-3-thread-1] INFO  com.rs.mv.mvvs.client.catalog.manager.U2CatalogManager - [client:400203]cache file auto update thread launch in handlebars account
2025-01-30 11:39:51.067 [pool-3-thread-1] INFO  com.rs.mv.mvvs.client.catalog.from.config.DirsConfigReader - [client:400206]parse dir config information
2025-01-30 11:39:51.067 [pool-3-thread-1] INFO  com.rs.mv.mvvs.client.catalog.from.config.MappingConfigReader - [client:400207]parse mapping config information
2025-01-30 11:39:51.067 [pool-3-thread-1] INFO  com.rs.mv.mvvs.client.catalog.manager.U2CatalogManager - [client:400202]start a schedule task to get global/local catalog for handlebars, its period 5s 
2025-01-30 11:39:51.068 [pool-3-thread-1] INFO  com.rs.mv.mvvs.client.catalog.manager.U2CatalogManager - [client:400203]cache file auto update thread launch in dist account
2025-01-30 11:39:51.068 [pool-3-thread-1] INFO  com.rs.mv.mvvs.client.catalog.from.config.DirsConfigReader - [client:400206]parse dir config information
2025-01-30 11:39:51.068 [pool-3-thread-1] INFO  com.rs.mv.mvvs.client.catalog.from.config.MappingConfigReader - [client:400207]parse mapping config information
2025-01-30 11:39:51.068 [pool-3-thread-1] INFO  com.rs.mv.mvvs.client.catalog.manager.U2CatalogManager - [client:400202]start a schedule task to get global/local catalog for dist, its period 5s 
2025-01-30 11:39:51.069 [pool-3-thread-1] INFO  com.rs.mv.mvvs.client.catalog.manager.U2CatalogManager - [client:400203]cache file auto update thread launch in amd account
2025-01-30 11:39:51.069 [pool-3-thread-1] INFO  com.rs.mv.mvvs.client.catalog.from.config.DirsConfigReader - [client:400206]parse dir config information
2025-01-30 11:39:51.069 [pool-3-thread-1] INFO  com.rs.mv.mvvs.client.catalog.from.config.MappingConfigReader - [client:400207]parse mapping config information
2025-01-30 11:39:51.069 [pool-3-thread-1] INFO  com.rs.mv.mvvs.client.catalog.manager.U2CatalogManager - [client:400202]start a schedule task to get global/local catalog for amd, its period 5s 
2025-01-30 11:39:51.070 [pool-3-thread-1] INFO  com.rs.mv.mvvs.client.catalog.manager.U2CatalogManager - [client:400203]cache file auto update thread launch in handlebars account
2025-01-30 11:39:51.070 [pool-3-thread-1] INFO  com.rs.mv.mvvs.client.catalog.from.config.DirsConfigReader - [client:400206]parse dir config information
2025-01-30 11:39:51.070 [pool-3-thread-1] INFO  com.rs.mv.mvvs.client.catalog.from.config.MappingConfigReader - [client:400207]parse mapping config information
2025-01-30 11:39:51.070 [pool-3-thread-1] INFO  com.rs.mv.mvvs.client.catalog.manager.U2CatalogManager - [client:400202]start a schedule task to get global/local catalog for handlebars, its period 5s 
2025-01-30 11:39:51.071 [pool-3-thread-1] INFO  com.rs.mv.mvvs.client.catalog.manager.U2CatalogManager - [client:400203]cache file auto update thread launch in cjs account
2025-01-30 11:39:51.071 [pool-3-thread-1] INFO  com.rs.mv.mvvs.client.catalog.from.config.DirsConfigReader - [client:400206]parse dir config information
2025-01-30 11:39:51.071 [pool-3-thread-1] INFO  com.rs.mv.mvvs.client.catalog.from.config.MappingConfigReader - [client:400207]parse mapping config information
2025-01-30 11:39:51.071 [pool-3-thread-1] INFO  com.rs.mv.mvvs.client.catalog.manager.U2CatalogManager - [client:400202]start a schedule task to get global/local catalog for cjs, its period 5s 
2025-01-30 11:39:51.072 [pool-3-thread-1] INFO  com.rs.mv.mvvs.client.catalog.manager.U2CatalogManager - [client:400203]cache file auto update thread launch in handlebars account
2025-01-30 11:39:51.072 [pool-3-thread-1] INFO  com.rs.mv.mvvs.client.catalog.from.config.DirsConfigReader - [client:400206]parse dir config information
2025-01-30 11:39:51.072 [pool-3-thread-1] INFO  com.rs.mv.mvvs.client.catalog.from.config.MappingConfigReader - [client:400207]parse mapping config information
2025-01-30 11:39:51.072 [pool-3-thread-1] INFO  com.rs.mv.mvvs.client.catalog.manager.U2CatalogManager - [client:400202]start a schedule task to get global/local catalog for handlebars, its period 5s 
2025-01-30 11:39:51.073 [pool-3-thread-1] INFO  com.rs.mv.mvvs.client.catalog.manager.U2CatalogManager - [client:400203]cache file auto update thread launch in lib account
2025-01-30 11:39:51.073 [pool-3-thread-1] INFO  com.rs.mv.mvvs.client.catalog.from.config.DirsConfigReader - [client:400206]parse dir config information
2025-01-30 11:39:51.073 [pool-3-thread-1] INFO  com.rs.mv.mvvs.client.catalog.from.config.MappingConfigReader - [client:400207]parse mapping config information
2025-01-30 11:39:51.074 [pool-3-thread-1] INFO  com.rs.mv.mvvs.client.catalog.manager.U2CatalogManager - [client:400202]start a schedule task to get global/local catalog for lib, its period 5s 
2025-01-30 11:39:51.074 [pool-3-thread-1] INFO  com.rs.mv.mvvs.client.catalog.manager.U2CatalogManager - [client:400203]cache file auto update thread launch in handlebars account
2025-01-30 11:39:51.074 [pool-3-thread-1] INFO  com.rs.mv.mvvs.client.catalog.from.config.DirsConfigReader - [client:400206]parse dir config information
2025-01-30 11:39:51.074 [pool-3-thread-1] INFO  com.rs.mv.mvvs.client.catalog.from.config.MappingConfigReader - [client:400207]parse mapping config information
2025-01-30 11:39:51.075 [pool-3-thread-1] INFO  com.rs.mv.mvvs.client.catalog.manager.U2CatalogManager - [client:400202]start a schedule task to get global/local catalog for handlebars, its period 5s 
2025-01-30 11:39:51.075 [pool-3-thread-1] INFO  com.rs.mv.mvvs.client.catalog.manager.U2CatalogManager - [client:400203]cache file auto update thread launch in minimist account
2025-01-30 11:39:51.075 [pool-3-thread-1] INFO  com.rs.mv.mvvs.client.catalog.from.config.DirsConfigReader - [client:400206]parse dir config information
2025-01-30 11:39:51.076 [pool-3-thread-1] INFO  com.rs.mv.mvvs.client.catalog.from.config.MappingConfigReader - [client:400207]parse mapping config information
2025-01-30 11:39:51.077 [pool-3-thread-1] INFO  com.rs.mv.mvvs.client.catalog.manager.U2CatalogManager - [client:400202]start a schedule task to get global/local catalog for minimist, its period 5s 
2025-01-30 11:39:51.077 [pool-3-thread-1] INFO  com.rs.mv.mvvs.client.catalog.manager.U2CatalogManager - [client:400203]cache file auto update thread launch in source-map account
2025-01-30 11:39:51.077 [pool-3-thread-1] INFO  com.rs.mv.mvvs.client.catalog.from.config.DirsConfigReader - [client:400206]parse dir config information
2025-01-30 11:39:51.079 [pool-3-thread-1] INFO  com.rs.mv.mvvs.client.catalog.from.config.MappingConfigReader - [client:400207]parse mapping config information
2025-01-30 11:39:51.079 [pool-3-thread-1] INFO  com.rs.mv.mvvs.client.catalog.manager.U2CatalogManager - [client:400202]start a schedule task to get global/local catalog for source-map, its period 5s 
2025-01-30 11:39:51.079 [pool-3-thread-1] INFO  com.rs.mv.mvvs.client.catalog.manager.U2CatalogManager - [client:400203]cache file auto update thread launch in uglify-js account
2025-01-30 11:39:51.080 [pool-3-thread-1] INFO  com.rs.mv.mvvs.client.catalog.from.config.DirsConfigReader - [client:400206]parse dir config information
2025-01-30 11:39:51.080 [pool-3-thread-1] INFO  com.rs.mv.mvvs.client.catalog.from.config.MappingConfigReader - [client:400207]parse mapping config information
2025-01-30 11:39:51.080 [pool-3-thread-1] INFO  com.rs.mv.mvvs.client.catalog.manager.U2CatalogManager - [client:400202]start a schedule task to get global/local catalog for uglify-js, its period 5s 
2025-01-30 11:39:51.080 [pool-3-thread-1] INFO  com.rs.mv.mvvs.client.catalog.manager.U2CatalogManager - [client:400203]cache file auto update thread launch in wordwrap account
2025-01-30 11:39:51.081 [pool-3-thread-1] INFO  com.rs.mv.mvvs.client.catalog.from.config.DirsConfigReader - [client:400206]parse dir config information
2025-01-30 11:39:51.081 [pool-3-thread-1] INFO  com.rs.mv.mvvs.client.catalog.from.config.MappingConfigReader - [client:400207]parse mapping config information
2025-01-30 11:39:51.081 [pool-3-thread-1] INFO  com.rs.mv.mvvs.client.catalog.manager.U2CatalogManager - [client:400202]start a schedule task to get global/local catalog for wordwrap, its period 5s 
2025-01-30 11:39:51.081 [pool-3-thread-1] INFO  com.rs.mv.mvvs.client.catalog.manager.U2CatalogManager - [client:400203]cache file auto update thread launch in 05.Serveur-Express account
2025-01-30 11:39:51.081 [pool-3-thread-1] INFO  com.rs.mv.mvvs.client.catalog.from.config.DirsConfigReader - [client:400206]parse dir config information
2025-01-30 11:39:51.081 [pool-3-thread-1] INFO  com.rs.mv.mvvs.client.catalog.from.config.MappingConfigReader - [client:400207]parse mapping config information
2025-01-30 11:39:51.082 [pool-3-thread-1] INFO  com.rs.mv.mvvs.client.catalog.manager.U2CatalogManager - [client:400202]start a schedule task to get global/local catalog for 05.Serveur-Express, its period 5s 
2025-01-30 11:39:51.082 [pool-3-thread-1] INFO  com.rs.mv.mvvs.client.catalog.manager.U2CatalogManager - [client:400203]cache file auto update thread launch in node_modules account
2025-01-30 11:39:51.082 [pool-3-thread-1] INFO  com.rs.mv.mvvs.client.catalog.from.config.DirsConfigReader - [client:400206]parse dir config information
2025-01-30 11:39:51.082 [pool-3-thread-1] INFO  com.rs.mv.mvvs.client.catalog.from.config.MappingConfigReader - [client:400207]parse mapping config information
2025-01-30 11:39:51.083 [pool-3-thread-1] INFO  com.rs.mv.mvvs.client.catalog.manager.U2CatalogManager - [client:400202]start a schedule task to get global/local catalog for node_modules, its period 5s 
2025-01-30 11:39:51.083 [pool-3-thread-1] INFO  com.rs.mv.mvvs.client.catalog.manager.U2CatalogManager - [client:400203]cache file auto update thread launch in body-parser account
2025-01-30 11:39:51.083 [pool-3-thread-1] INFO  com.rs.mv.mvvs.client.catalog.from.config.DirsConfigReader - [client:400206]parse dir config information
2025-01-30 11:39:51.084 [pool-3-thread-1] INFO  com.rs.mv.mvvs.client.catalog.from.config.MappingConfigReader - [client:400207]parse mapping config information
2025-01-30 11:39:51.084 [pool-3-thread-1] INFO  com.rs.mv.mvvs.client.catalog.manager.U2CatalogManager - [client:400202]start a schedule task to get global/local catalog for body-parser, its period 5s 
2025-01-30 11:39:51.085 [pool-3-thread-1] INFO  com.rs.mv.mvvs.client.catalog.manager.U2CatalogManager - [client:400203]cache file auto update thread launch in lib account
2025-01-30 11:39:51.085 [pool-3-thread-1] INFO  com.rs.mv.mvvs.client.catalog.from.config.DirsConfigReader - [client:400206]parse dir config information
2025-01-30 11:39:51.085 [pool-3-thread-1] INFO  com.rs.mv.mvvs.client.catalog.from.config.MappingConfigReader - [client:400207]parse mapping config information
2025-01-30 11:39:51.086 [pool-3-thread-1] INFO  com.rs.mv.mvvs.client.catalog.manager.U2CatalogManager - [client:400202]start a schedule task to get global/local catalog for lib, its period 5s 
2025-01-30 11:39:51.086 [pool-3-thread-1] INFO  com.rs.mv.mvvs.client.catalog.manager.U2CatalogManager - [client:400203]cache file auto update thread launch in call-bind-apply-helpers account
2025-01-30 11:39:51.086 [pool-3-thread-1] INFO  com.rs.mv.mvvs.client.catalog.from.config.DirsConfigReader - [client:400206]parse dir config information
2025-01-30 11:39:51.086 [pool-3-thread-1] INFO  com.rs.mv.mvvs.client.catalog.from.config.MappingConfigReader - [client:400207]parse mapping config information
2025-01-30 11:39:51.087 [pool-3-thread-1] INFO  com.rs.mv.mvvs.client.catalog.manager.U2CatalogManager - [client:400202]start a schedule task to get global/local catalog for call-bind-apply-helpers, its period 5s 
2025-01-30 11:39:51.087 [pool-3-thread-1] INFO  com.rs.mv.mvvs.client.catalog.manager.U2CatalogManager - [client:400203]cache file auto update thread launch in call-bound account
2025-01-30 11:39:51.087 [pool-3-thread-1] INFO  com.rs.mv.mvvs.client.catalog.from.config.DirsConfigReader - [client:400206]parse dir config information
2025-01-30 11:39:51.088 [pool-3-thread-1] INFO  com.rs.mv.mvvs.client.catalog.from.config.MappingConfigReader - [client:400207]parse mapping config information
2025-01-30 11:39:51.088 [pool-3-thread-1] INFO  com.rs.mv.mvvs.client.catalog.manager.U2CatalogManager - [client:400202]start a schedule task to get global/local catalog for call-bound, its period 5s 
2025-01-30 11:39:51.088 [pool-3-thread-1] INFO  com.rs.mv.mvvs.client.catalog.manager.U2CatalogManager - [client:400203]cache file auto update thread launch in debug account
2025-01-30 11:39:51.088 [pool-3-thread-1] INFO  com.rs.mv.mvvs.client.catalog.from.config.DirsConfigReader - [client:400206]parse dir config information
2025-01-30 11:39:51.089 [pool-3-thread-1] INFO  com.rs.mv.mvvs.client.catalog.from.config.MappingConfigReader - [client:400207]parse mapping config information
2025-01-30 11:39:51.089 [pool-3-thread-1] INFO  com.rs.mv.mvvs.client.catalog.manager.U2CatalogManager - [client:400202]start a schedule task to get global/local catalog for debug, its period 5s 
2025-01-30 11:39:51.089 [pool-3-thread-1] INFO  com.rs.mv.mvvs.client.catalog.manager.U2CatalogManager - [client:400203]cache file auto update thread launch in depd account
2025-01-30 11:39:51.089 [pool-3-thread-1] INFO  com.rs.mv.mvvs.client.catalog.from.config.DirsConfigReader - [client:400206]parse dir config information
2025-01-30 11:39:51.090 [pool-3-thread-1] INFO  com.rs.mv.mvvs.client.catalog.from.config.MappingConfigReader - [client:400207]parse mapping config information
2025-01-30 11:39:51.090 [pool-3-thread-1] INFO  com.rs.mv.mvvs.client.catalog.manager.U2CatalogManager - [client:400202]start a schedule task to get global/local catalog for depd, its period 5s 
2025-01-30 11:39:51.090 [pool-3-thread-1] INFO  com.rs.mv.mvvs.client.catalog.manager.U2CatalogManager - [client:400203]cache file auto update thread launch in lib account
2025-01-30 11:39:51.090 [pool-3-thread-1] INFO  com.rs.mv.mvvs.client.catalog.from.config.DirsConfigReader - [client:400206]parse dir config information
2025-01-30 11:39:51.091 [pool-3-thread-1] INFO  com.rs.mv.mvvs.client.catalog.from.config.MappingConfigReader - [client:400207]parse mapping config information
2025-01-30 11:39:51.091 [pool-3-thread-1] INFO  com.rs.mv.mvvs.client.catalog.manager.U2CatalogManager - [client:400202]start a schedule task to get global/local catalog for lib, its period 5s 
2025-01-30 11:39:51.091 [pool-3-thread-1] INFO  com.rs.mv.mvvs.client.catalog.manager.U2CatalogManager - [client:400203]cache file auto update thread launch in dunder-proto account
2025-01-30 11:39:51.092 [pool-3-thread-1] INFO  com.rs.mv.mvvs.client.catalog.from.config.DirsConfigReader - [client:400206]parse dir config information
2025-01-30 11:39:51.092 [pool-3-thread-1] INFO  com.rs.mv.mvvs.client.catalog.from.config.MappingConfigReader - [client:400207]parse mapping config information
2025-01-30 11:39:51.093 [pool-3-thread-1] INFO  com.rs.mv.mvvs.client.catalog.manager.U2CatalogManager - [client:400202]start a schedule task to get global/local catalog for dunder-proto, its period 5s 
2025-01-30 11:39:51.093 [pool-3-thread-1] INFO  com.rs.mv.mvvs.client.catalog.manager.U2CatalogManager - [client:400203]cache file auto update thread launch in es-define-property account
2025-01-30 11:39:51.094 [pool-3-thread-1] INFO  com.rs.mv.mvvs.client.catalog.from.config.DirsConfigReader - [client:400206]parse dir config information
2025-01-30 11:39:51.094 [pool-3-thread-1] INFO  com.rs.mv.mvvs.client.catalog.from.config.MappingConfigReader - [client:400207]parse mapping config information
2025-01-30 11:39:51.094 [pool-3-thread-1] INFO  com.rs.mv.mvvs.client.catalog.manager.U2CatalogManager - [client:400202]start a schedule task to get global/local catalog for es-define-property, its period 5s 
2025-01-30 11:39:51.095 [pool-3-thread-1] INFO  com.rs.mv.mvvs.client.catalog.manager.U2CatalogManager - [client:400203]cache file auto update thread launch in es-errors account
2025-01-30 11:39:51.095 [pool-3-thread-1] INFO  com.rs.mv.mvvs.client.catalog.from.config.DirsConfigReader - [client:400206]parse dir config information
2025-01-30 11:39:51.095 [pool-3-thread-1] INFO  com.rs.mv.mvvs.client.catalog.from.config.MappingConfigReader - [client:400207]parse mapping config information
2025-01-30 11:39:51.095 [pool-3-thread-1] INFO  com.rs.mv.mvvs.client.catalog.manager.U2CatalogManager - [client:400202]start a schedule task to get global/local catalog for es-errors, its period 5s 
2025-01-30 11:39:51.096 [pool-3-thread-1] INFO  com.rs.mv.mvvs.client.catalog.manager.U2CatalogManager - [client:400203]cache file auto update thread launch in es-object-atoms account
2025-01-30 11:39:51.096 [pool-3-thread-1] INFO  com.rs.mv.mvvs.client.catalog.from.config.DirsConfigReader - [client:400206]parse dir config information
2025-01-30 11:39:51.096 [pool-3-thread-1] INFO  com.rs.mv.mvvs.client.catalog.from.config.MappingConfigReader - [client:400207]parse mapping config information
2025-01-30 11:39:51.096 [pool-3-thread-1] INFO  com.rs.mv.mvvs.client.catalog.manager.U2CatalogManager - [client:400202]start a schedule task to get global/local catalog for es-object-atoms, its period 5s 
2025-01-30 11:39:51.097 [pool-3-thread-1] INFO  com.rs.mv.mvvs.client.catalog.manager.U2CatalogManager - [client:400203]cache file auto update thread launch in express account
2025-01-30 11:39:51.097 [pool-3-thread-1] INFO  com.rs.mv.mvvs.client.catalog.from.config.DirsConfigReader - [client:400206]parse dir config information
2025-01-30 11:39:51.097 [pool-3-thread-1] INFO  com.rs.mv.mvvs.client.catalog.from.config.MappingConfigReader - [client:400207]parse mapping config information
2025-01-30 11:39:51.097 [pool-3-thread-1] INFO  com.rs.mv.mvvs.client.catalog.manager.U2CatalogManager - [client:400202]start a schedule task to get global/local catalog for express, its period 5s 
2025-01-30 11:39:51.097 [pool-3-thread-1] INFO  com.rs.mv.mvvs.client.catalog.manager.U2CatalogManager - [client:400203]cache file auto update thread launch in lib account
2025-01-30 11:39:51.097 [pool-3-thread-1] INFO  com.rs.mv.mvvs.client.catalog.from.config.DirsConfigReader - [client:400206]parse dir config information
2025-01-30 11:39:51.097 [pool-3-thread-1] INFO  com.rs.mv.mvvs.client.catalog.from.config.MappingConfigReader - [client:400207]parse mapping config information
2025-01-30 11:39:51.099 [pool-3-thread-1] INFO  com.rs.mv.mvvs.client.catalog.manager.U2CatalogManager - [client:400202]start a schedule task to get global/local catalog for lib, its period 5s 
2025-01-30 11:39:51.099 [pool-3-thread-1] INFO  com.rs.mv.mvvs.client.catalog.manager.U2CatalogManager - [client:400203]cache file auto update thread launch in function-bind account
2025-01-30 11:39:51.099 [pool-3-thread-1] INFO  com.rs.mv.mvvs.client.catalog.from.config.DirsConfigReader - [client:400206]parse dir config information
2025-01-30 11:39:51.099 [pool-3-thread-1] INFO  com.rs.mv.mvvs.client.catalog.from.config.MappingConfigReader - [client:400207]parse mapping config information
2025-01-30 11:39:51.099 [pool-3-thread-1] INFO  com.rs.mv.mvvs.client.catalog.manager.U2CatalogManager - [client:400202]start a schedule task to get global/local catalog for function-bind, its period 5s 
2025-01-30 11:39:51.100 [pool-3-thread-1] INFO  com.rs.mv.mvvs.client.catalog.manager.U2CatalogManager - [client:400203]cache file auto update thread launch in get-intrinsic account
2025-01-30 11:39:51.100 [pool-3-thread-1] INFO  com.rs.mv.mvvs.client.catalog.from.config.DirsConfigReader - [client:400206]parse dir config information
2025-01-30 11:39:51.100 [pool-3-thread-1] INFO  com.rs.mv.mvvs.client.catalog.from.config.MappingConfigReader - [client:400207]parse mapping config information
2025-01-30 11:39:51.100 [pool-3-thread-1] INFO  com.rs.mv.mvvs.client.catalog.manager.U2CatalogManager - [client:400202]start a schedule task to get global/local catalog for get-intrinsic, its period 5s 
2025-01-30 11:39:51.101 [pool-3-thread-1] INFO  com.rs.mv.mvvs.client.catalog.manager.U2CatalogManager - [client:400203]cache file auto update thread launch in get-proto account
2025-01-30 11:39:51.101 [pool-3-thread-1] INFO  com.rs.mv.mvvs.client.catalog.from.config.DirsConfigReader - [client:400206]parse dir config information
2025-01-30 11:39:51.101 [pool-3-thread-1] INFO  com.rs.mv.mvvs.client.catalog.from.config.MappingConfigReader - [client:400207]parse mapping config information
2025-01-30 11:39:51.101 [pool-3-thread-1] INFO  com.rs.mv.mvvs.client.catalog.manager.U2CatalogManager - [client:400202]start a schedule task to get global/local catalog for get-proto, its period 5s 
2025-01-30 11:39:51.101 [pool-3-thread-1] INFO  com.rs.mv.mvvs.client.catalog.manager.U2CatalogManager - [client:400203]cache file auto update thread launch in gopd account
2025-01-30 11:39:51.102 [pool-3-thread-1] INFO  com.rs.mv.mvvs.client.catalog.from.config.DirsConfigReader - [client:400206]parse dir config information
2025-01-30 11:39:51.102 [pool-3-thread-1] INFO  com.rs.mv.mvvs.client.catalog.from.config.MappingConfigReader - [client:400207]parse mapping config information
2025-01-30 11:39:51.102 [pool-3-thread-1] INFO  com.rs.mv.mvvs.client.catalog.manager.U2CatalogManager - [client:400202]start a schedule task to get global/local catalog for gopd, its period 5s 
2025-01-30 11:39:51.102 [pool-3-thread-1] INFO  com.rs.mv.mvvs.client.catalog.manager.U2CatalogManager - [client:400203]cache file auto update thread launch in has-symbols account
2025-01-30 11:39:51.102 [pool-3-thread-1] INFO  com.rs.mv.mvvs.client.catalog.from.config.DirsConfigReader - [client:400206]parse dir config information
2025-01-30 11:39:51.103 [pool-3-thread-1] INFO  com.rs.mv.mvvs.client.catalog.from.config.MappingConfigReader - [client:400207]parse mapping config information
2025-01-30 11:39:51.103 [pool-3-thread-1] INFO  com.rs.mv.mvvs.client.catalog.manager.U2CatalogManager - [client:400202]start a schedule task to get global/local catalog for has-symbols, its period 5s 
2025-01-30 11:39:51.103 [pool-3-thread-1] INFO  com.rs.mv.mvvs.client.catalog.manager.U2CatalogManager - [client:400203]cache file auto update thread launch in test account
2025-01-30 11:39:51.103 [pool-3-thread-1] INFO  com.rs.mv.mvvs.client.catalog.from.config.DirsConfigReader - [client:400206]parse dir config information
2025-01-30 11:39:51.103 [pool-3-thread-1] INFO  com.rs.mv.mvvs.client.catalog.from.config.MappingConfigReader - [client:400207]parse mapping config information
2025-01-30 11:39:51.104 [pool-3-thread-1] INFO  com.rs.mv.mvvs.client.catalog.manager.U2CatalogManager - [client:400202]start a schedule task to get global/local catalog for test, its period 5s 
2025-01-30 11:39:51.104 [pool-3-thread-1] INFO  com.rs.mv.mvvs.client.catalog.manager.U2CatalogManager - [client:400203]cache file auto update thread launch in hasown account
2025-01-30 11:39:51.105 [pool-3-thread-1] INFO  com.rs.mv.mvvs.client.catalog.from.config.DirsConfigReader - [client:400206]parse dir config information
2025-01-30 11:39:51.105 [pool-3-thread-1] INFO  com.rs.mv.mvvs.client.catalog.from.config.MappingConfigReader - [client:400207]parse mapping config information
2025-01-30 11:39:51.105 [pool-3-thread-1] INFO  com.rs.mv.mvvs.client.catalog.manager.U2CatalogManager - [client:400202]start a schedule task to get global/local catalog for hasown, its period 5s 
2025-01-30 11:39:51.106 [pool-3-thread-1] INFO  com.rs.mv.mvvs.client.catalog.manager.U2CatalogManager - [client:400203]cache file auto update thread launch in iconv-lite account
2025-01-30 11:39:51.106 [pool-3-thread-1] INFO  com.rs.mv.mvvs.client.catalog.from.config.DirsConfigReader - [client:400206]parse dir config information
2025-01-30 11:39:51.107 [pool-3-thread-1] INFO  com.rs.mv.mvvs.client.catalog.from.config.MappingConfigReader - [client:400207]parse mapping config information
2025-01-30 11:39:51.108 [pool-3-thread-1] INFO  com.rs.mv.mvvs.client.catalog.manager.U2CatalogManager - [client:400202]start a schedule task to get global/local catalog for iconv-lite, its period 5s 
2025-01-30 11:39:51.108 [pool-3-thread-1] INFO  com.rs.mv.mvvs.client.catalog.manager.U2CatalogManager - [client:400203]cache file auto update thread launch in encodings account
2025-01-30 11:39:51.109 [pool-3-thread-1] INFO  com.rs.mv.mvvs.client.catalog.from.config.DirsConfigReader - [client:400206]parse dir config information
2025-01-30 11:39:51.109 [pool-3-thread-1] INFO  com.rs.mv.mvvs.client.catalog.from.config.MappingConfigReader - [client:400207]parse mapping config information
2025-01-30 11:39:51.110 [pool-3-thread-1] INFO  com.rs.mv.mvvs.client.catalog.manager.U2CatalogManager - [client:400202]start a schedule task to get global/local catalog for encodings, its period 5s 
2025-01-30 11:39:51.110 [pool-3-thread-1] INFO  com.rs.mv.mvvs.client.catalog.manager.U2CatalogManager - [client:400203]cache file auto update thread launch in ipaddr.js account
2025-01-30 11:39:51.111 [pool-3-thread-1] INFO  com.rs.mv.mvvs.client.catalog.from.config.DirsConfigReader - [client:400206]parse dir config information
2025-01-30 11:39:51.111 [pool-3-thread-1] INFO  com.rs.mv.mvvs.client.catalog.from.config.MappingConfigReader - [client:400207]parse mapping config information
2025-01-30 11:39:51.112 [pool-3-thread-1] INFO  com.rs.mv.mvvs.client.catalog.manager.U2CatalogManager - [client:400202]start a schedule task to get global/local catalog for ipaddr.js, its period 5s 
2025-01-30 11:39:51.112 [pool-3-thread-1] INFO  com.rs.mv.mvvs.client.catalog.manager.U2CatalogManager - [client:400203]cache file auto update thread launch in math-intrinsics account
2025-01-30 11:39:51.113 [pool-3-thread-1] INFO  com.rs.mv.mvvs.client.catalog.from.config.DirsConfigReader - [client:400206]parse dir config information
2025-01-30 11:39:51.113 [pool-3-thread-1] INFO  com.rs.mv.mvvs.client.catalog.from.config.MappingConfigReader - [client:400207]parse mapping config information
2025-01-30 11:39:51.115 [pool-3-thread-1] INFO  com.rs.mv.mvvs.client.catalog.manager.U2CatalogManager - [client:400202]start a schedule task to get global/local catalog for math-intrinsics, its period 5s 
2025-01-30 11:39:51.115 [pool-3-thread-1] INFO  com.rs.mv.mvvs.client.catalog.manager.U2CatalogManager - [client:400203]cache file auto update thread launch in mime account
2025-01-30 11:39:51.116 [pool-3-thread-1] INFO  com.rs.mv.mvvs.client.catalog.from.config.DirsConfigReader - [client:400206]parse dir config information
2025-01-30 11:39:51.116 [pool-3-thread-1] INFO  com.rs.mv.mvvs.client.catalog.from.config.MappingConfigReader - [client:400207]parse mapping config information
2025-01-30 11:39:51.116 [pool-3-thread-1] INFO  com.rs.mv.mvvs.client.catalog.manager.U2CatalogManager - [client:400202]start a schedule task to get global/local catalog for mime, its period 5s 
2025-01-30 11:39:51.117 [pool-3-thread-1] INFO  com.rs.mv.mvvs.client.catalog.manager.U2CatalogManager - [client:400203]cache file auto update thread launch in negotiator account
2025-01-30 11:39:51.117 [pool-3-thread-1] INFO  com.rs.mv.mvvs.client.catalog.from.config.DirsConfigReader - [client:400206]parse dir config information
2025-01-30 11:39:51.117 [pool-3-thread-1] INFO  com.rs.mv.mvvs.client.catalog.from.config.MappingConfigReader - [client:400207]parse mapping config information
2025-01-30 11:39:51.118 [pool-3-thread-1] INFO  com.rs.mv.mvvs.client.catalog.manager.U2CatalogManager - [client:400202]start a schedule task to get global/local catalog for negotiator, its period 5s 
2025-01-30 11:39:51.119 [pool-3-thread-1] INFO  com.rs.mv.mvvs.client.catalog.manager.U2CatalogManager - [client:400203]cache file auto update thread launch in object-inspect account
2025-01-30 11:39:51.119 [pool-3-thread-1] INFO  com.rs.mv.mvvs.client.catalog.from.config.DirsConfigReader - [client:400206]parse dir config information
2025-01-30 11:39:51.120 [pool-3-thread-1] INFO  com.rs.mv.mvvs.client.catalog.from.config.MappingConfigReader - [client:400207]parse mapping config information
2025-01-30 11:39:51.120 [pool-3-thread-1] INFO  com.rs.mv.mvvs.client.catalog.manager.U2CatalogManager - [client:400202]start a schedule task to get global/local catalog for object-inspect, its period 5s 
2025-01-30 11:39:51.121 [pool-3-thread-1] INFO  com.rs.mv.mvvs.client.catalog.manager.U2CatalogManager - [client:400203]cache file auto update thread launch in test account
2025-01-30 11:39:51.121 [pool-3-thread-1] INFO  com.rs.mv.mvvs.client.catalog.from.config.DirsConfigReader - [client:400206]parse dir config information
2025-01-30 11:39:51.121 [pool-3-thread-1] INFO  com.rs.mv.mvvs.client.catalog.from.config.MappingConfigReader - [client:400207]parse mapping config information
2025-01-30 11:39:51.122 [pool-3-thread-1] INFO  com.rs.mv.mvvs.client.catalog.manager.U2CatalogManager - [client:400202]start a schedule task to get global/local catalog for test, its period 5s 
2025-01-30 11:39:51.122 [pool-3-thread-1] INFO  com.rs.mv.mvvs.client.catalog.manager.U2CatalogManager - [client:400203]cache file auto update thread launch in qs account
2025-01-30 11:39:51.122 [pool-3-thread-1] INFO  com.rs.mv.mvvs.client.catalog.from.config.DirsConfigReader - [client:400206]parse dir config information
2025-01-30 11:39:51.122 [pool-3-thread-1] INFO  com.rs.mv.mvvs.client.catalog.from.config.MappingConfigReader - [client:400207]parse mapping config information
2025-01-30 11:39:51.123 [pool-3-thread-1] INFO  com.rs.mv.mvvs.client.catalog.manager.U2CatalogManager - [client:400202]start a schedule task to get global/local catalog for qs, its period 5s 
2025-01-30 11:39:51.123 [pool-3-thread-1] INFO  com.rs.mv.mvvs.client.catalog.manager.U2CatalogManager - [client:400203]cache file auto update thread launch in send account
2025-01-30 11:39:51.124 [pool-3-thread-1] INFO  com.rs.mv.mvvs.client.catalog.from.config.DirsConfigReader - [client:400206]parse dir config information
2025-01-30 11:39:51.124 [pool-3-thread-1] INFO  com.rs.mv.mvvs.client.catalog.from.config.MappingConfigReader - [client:400207]parse mapping config information
2025-01-30 11:39:51.124 [pool-3-thread-1] INFO  com.rs.mv.mvvs.client.catalog.manager.U2CatalogManager - [client:400202]start a schedule task to get global/local catalog for send, its period 5s 
2025-01-30 11:39:51.125 [pool-3-thread-1] INFO  com.rs.mv.mvvs.client.catalog.manager.U2CatalogManager - [client:400203]cache file auto update thread launch in node_modules account
2025-01-30 11:39:51.125 [pool-3-thread-1] INFO  com.rs.mv.mvvs.client.catalog.from.config.DirsConfigReader - [client:400206]parse dir config information
2025-01-30 11:39:51.125 [pool-3-thread-1] INFO  com.rs.mv.mvvs.client.catalog.from.config.MappingConfigReader - [client:400207]parse mapping config information
2025-01-30 11:39:51.125 [pool-3-thread-1] INFO  com.rs.mv.mvvs.client.catalog.manager.U2CatalogManager - [client:400202]start a schedule task to get global/local catalog for node_modules, its period 5s 
2025-01-30 11:39:51.126 [pool-3-thread-1] INFO  com.rs.mv.mvvs.client.catalog.manager.U2CatalogManager - [client:400203]cache file auto update thread launch in setprototypeof account
2025-01-30 11:39:51.126 [pool-3-thread-1] INFO  com.rs.mv.mvvs.client.catalog.from.config.DirsConfigReader - [client:400206]parse dir config information
2025-01-30 11:39:51.126 [pool-3-thread-1] INFO  com.rs.mv.mvvs.client.catalog.from.config.MappingConfigReader - [client:400207]parse mapping config information
2025-01-30 11:39:51.127 [pool-3-thread-1] INFO  com.rs.mv.mvvs.client.catalog.manager.U2CatalogManager - [client:400202]start a schedule task to get global/local catalog for setprototypeof, its period 5s 
2025-01-30 11:39:51.127 [pool-3-thread-1] INFO  com.rs.mv.mvvs.client.catalog.manager.U2CatalogManager - [client:400203]cache file auto update thread launch in side-channel account
2025-01-30 11:39:51.127 [pool-3-thread-1] INFO  com.rs.mv.mvvs.client.catalog.from.config.DirsConfigReader - [client:400206]parse dir config information
2025-01-30 11:39:51.127 [pool-3-thread-1] INFO  com.rs.mv.mvvs.client.catalog.from.config.MappingConfigReader - [client:400207]parse mapping config information
2025-01-30 11:39:51.127 [pool-3-thread-1] INFO  com.rs.mv.mvvs.client.catalog.manager.U2CatalogManager - [client:400202]start a schedule task to get global/local catalog for side-channel, its period 5s 
2025-01-30 11:39:51.127 [pool-3-thread-1] INFO  com.rs.mv.mvvs.client.catalog.manager.U2CatalogManager - [client:400203]cache file auto update thread launch in side-channel-list account
2025-01-30 11:39:51.129 [pool-3-thread-1] INFO  com.rs.mv.mvvs.client.catalog.from.config.DirsConfigReader - [client:400206]parse dir config information
2025-01-30 11:39:51.129 [pool-3-thread-1] INFO  com.rs.mv.mvvs.client.catalog.from.config.MappingConfigReader - [client:400207]parse mapping config information
2025-01-30 11:39:51.129 [pool-3-thread-1] INFO  com.rs.mv.mvvs.client.catalog.manager.U2CatalogManager - [client:400202]start a schedule task to get global/local catalog for side-channel-list, its period 5s 
2025-01-30 11:39:51.129 [pool-3-thread-1] INFO  com.rs.mv.mvvs.client.catalog.manager.U2CatalogManager - [client:400203]cache file auto update thread launch in side-channel-map account
2025-01-30 11:39:51.130 [pool-3-thread-1] INFO  com.rs.mv.mvvs.client.catalog.from.config.DirsConfigReader - [client:400206]parse dir config information
2025-01-30 11:39:51.130 [pool-3-thread-1] INFO  com.rs.mv.mvvs.client.catalog.from.config.MappingConfigReader - [client:400207]parse mapping config information
2025-01-30 11:39:51.130 [pool-3-thread-1] INFO  com.rs.mv.mvvs.client.catalog.manager.U2CatalogManager - [client:400202]start a schedule task to get global/local catalog for side-channel-map, its period 5s 
2025-01-30 11:39:51.130 [pool-3-thread-1] INFO  com.rs.mv.mvvs.client.catalog.manager.U2CatalogManager - [client:400203]cache file auto update thread launch in side-channel-weakmap account
2025-01-30 11:39:51.131 [pool-3-thread-1] INFO  com.rs.mv.mvvs.client.catalog.from.config.DirsConfigReader - [client:400206]parse dir config information
2025-01-30 11:39:51.131 [pool-3-thread-1] INFO  com.rs.mv.mvvs.client.catalog.from.config.MappingConfigReader - [client:400207]parse mapping config information
2025-01-30 11:39:51.131 [pool-3-thread-1] INFO  com.rs.mv.mvvs.client.catalog.manager.U2CatalogManager - [client:400202]start a schedule task to get global/local catalog for side-channel-weakmap, its period 5s 
2025-01-30 11:39:51.132 [pool-3-thread-1] INFO  com.rs.mv.mvvs.client.catalog.manager.U2CatalogManager - [client:400203]cache file auto update thread launch in 06.Code-detats account
2025-01-30 11:39:51.132 [pool-3-thread-1] INFO  com.rs.mv.mvvs.client.catalog.from.config.DirsConfigReader - [client:400206]parse dir config information
2025-01-30 11:39:51.132 [pool-3-thread-1] INFO  com.rs.mv.mvvs.client.catalog.from.config.MappingConfigReader - [client:400207]parse mapping config information
2025-01-30 11:39:51.132 [pool-3-thread-1] INFO  com.rs.mv.mvvs.client.catalog.manager.U2CatalogManager - [client:400202]start a schedule task to get global/local catalog for 06.Code-detats, its period 5s 
2025-01-30 11:39:51.132 [pool-3-thread-1] INFO  com.rs.mv.mvvs.client.catalog.manager.U2CatalogManager - [client:400203]cache file auto update thread launch in node_modules account
2025-01-30 11:39:51.132 [pool-3-thread-1] INFO  com.rs.mv.mvvs.client.catalog.from.config.DirsConfigReader - [client:400206]parse dir config information
2025-01-30 11:39:51.132 [pool-3-thread-1] INFO  com.rs.mv.mvvs.client.catalog.from.config.MappingConfigReader - [client:400207]parse mapping config information
2025-01-30 11:39:51.133 [pool-3-thread-1] INFO  com.rs.mv.mvvs.client.catalog.manager.U2CatalogManager - [client:400202]start a schedule task to get global/local catalog for node_modules, its period 5s 
2025-01-30 11:39:51.133 [pool-3-thread-1] INFO  com.rs.mv.mvvs.client.catalog.manager.U2CatalogManager - [client:400203]cache file auto update thread launch in body-parser account
2025-01-30 11:39:51.133 [pool-3-thread-1] INFO  com.rs.mv.mvvs.client.catalog.from.config.DirsConfigReader - [client:400206]parse dir config information
2025-01-30 11:39:51.133 [pool-3-thread-1] INFO  com.rs.mv.mvvs.client.catalog.from.config.MappingConfigReader - [client:400207]parse mapping config information
2025-01-30 11:39:51.134 [pool-3-thread-1] INFO  com.rs.mv.mvvs.client.catalog.manager.U2CatalogManager - [client:400202]start a schedule task to get global/local catalog for body-parser, its period 5s 
2025-01-30 11:39:51.134 [pool-3-thread-1] INFO  com.rs.mv.mvvs.client.catalog.manager.U2CatalogManager - [client:400203]cache file auto update thread launch in lib account
2025-01-30 11:39:51.134 [pool-3-thread-1] INFO  com.rs.mv.mvvs.client.catalog.from.config.DirsConfigReader - [client:400206]parse dir config information
2025-01-30 11:39:51.134 [pool-3-thread-1] INFO  com.rs.mv.mvvs.client.catalog.from.config.MappingConfigReader - [client:400207]parse mapping config information
2025-01-30 11:39:51.135 [pool-3-thread-1] INFO  com.rs.mv.mvvs.client.catalog.manager.U2CatalogManager - [client:400202]start a schedule task to get global/local catalog for lib, its period 5s 
2025-01-30 11:39:51.135 [pool-3-thread-1] INFO  com.rs.mv.mvvs.client.catalog.manager.U2CatalogManager - [client:400203]cache file auto update thread launch in call-bind-apply-helpers account
2025-01-30 11:39:51.135 [pool-3-thread-1] INFO  com.rs.mv.mvvs.client.catalog.from.config.DirsConfigReader - [client:400206]parse dir config information
2025-01-30 11:39:51.135 [pool-3-thread-1] INFO  com.rs.mv.mvvs.client.catalog.from.config.MappingConfigReader - [client:400207]parse mapping config information
2025-01-30 11:39:51.136 [pool-3-thread-1] INFO  com.rs.mv.mvvs.client.catalog.manager.U2CatalogManager - [client:400202]start a schedule task to get global/local catalog for call-bind-apply-helpers, its period 5s 
2025-01-30 11:39:51.136 [pool-3-thread-1] INFO  com.rs.mv.mvvs.client.catalog.manager.U2CatalogManager - [client:400203]cache file auto update thread launch in call-bound account
2025-01-30 11:39:51.136 [pool-3-thread-1] INFO  com.rs.mv.mvvs.client.catalog.from.config.DirsConfigReader - [client:400206]parse dir config information
2025-01-30 11:39:51.137 [pool-3-thread-1] INFO  com.rs.mv.mvvs.client.catalog.from.config.MappingConfigReader - [client:400207]parse mapping config information
2025-01-30 11:39:51.137 [pool-3-thread-1] INFO  com.rs.mv.mvvs.client.catalog.manager.U2CatalogManager - [client:400202]start a schedule task to get global/local catalog for call-bound, its period 5s 
2025-01-30 11:39:51.137 [pool-3-thread-1] INFO  com.rs.mv.mvvs.client.catalog.manager.U2CatalogManager - [client:400203]cache file auto update thread launch in debug account
2025-01-30 11:39:51.137 [pool-3-thread-1] INFO  com.rs.mv.mvvs.client.catalog.from.config.DirsConfigReader - [client:400206]parse dir config information
2025-01-30 11:39:51.138 [pool-3-thread-1] INFO  com.rs.mv.mvvs.client.catalog.from.config.MappingConfigReader - [client:400207]parse mapping config information
2025-01-30 11:39:51.138 [pool-3-thread-1] INFO  com.rs.mv.mvvs.client.catalog.manager.U2CatalogManager - [client:400202]start a schedule task to get global/local catalog for debug, its period 5s 
2025-01-30 11:39:51.139 [pool-3-thread-1] INFO  com.rs.mv.mvvs.client.catalog.manager.U2CatalogManager - [client:400203]cache file auto update thread launch in depd account
2025-01-30 11:39:51.139 [pool-3-thread-1] INFO  com.rs.mv.mvvs.client.catalog.from.config.DirsConfigReader - [client:400206]parse dir config information
2025-01-30 11:39:51.140 [pool-3-thread-1] INFO  com.rs.mv.mvvs.client.catalog.from.config.MappingConfigReader - [client:400207]parse mapping config information
2025-01-30 11:39:51.140 [pool-3-thread-1] INFO  com.rs.mv.mvvs.client.catalog.manager.U2CatalogManager - [client:400202]start a schedule task to get global/local catalog for depd, its period 5s 
2025-01-30 11:39:51.141 [pool-3-thread-1] INFO  com.rs.mv.mvvs.client.catalog.manager.U2CatalogManager - [client:400203]cache file auto update thread launch in lib account
2025-01-30 11:39:51.141 [pool-3-thread-1] INFO  com.rs.mv.mvvs.client.catalog.from.config.DirsConfigReader - [client:400206]parse dir config information
2025-01-30 11:39:51.141 [pool-3-thread-1] INFO  com.rs.mv.mvvs.client.catalog.from.config.MappingConfigReader - [client:400207]parse mapping config information
2025-01-30 11:39:51.142 [pool-3-thread-1] INFO  com.rs.mv.mvvs.client.catalog.manager.U2CatalogManager - [client:400202]start a schedule task to get global/local catalog for lib, its period 5s 
2025-01-30 11:39:51.142 [pool-3-thread-1] INFO  com.rs.mv.mvvs.client.catalog.manager.U2CatalogManager - [client:400203]cache file auto update thread launch in dunder-proto account
2025-01-30 11:39:51.142 [pool-3-thread-1] INFO  com.rs.mv.mvvs.client.catalog.from.config.DirsConfigReader - [client:400206]parse dir config information
2025-01-30 11:39:51.143 [pool-3-thread-1] INFO  com.rs.mv.mvvs.client.catalog.from.config.MappingConfigReader - [client:400207]parse mapping config information
2025-01-30 11:39:51.144 [pool-3-thread-1] INFO  com.rs.mv.mvvs.client.catalog.manager.U2CatalogManager - [client:400202]start a schedule task to get global/local catalog for dunder-proto, its period 5s 
2025-01-30 11:39:51.144 [pool-3-thread-1] INFO  com.rs.mv.mvvs.client.catalog.manager.U2CatalogManager - [client:400203]cache file auto update thread launch in es-define-property account
2025-01-30 11:39:51.144 [pool-3-thread-1] INFO  com.rs.mv.mvvs.client.catalog.from.config.DirsConfigReader - [client:400206]parse dir config information
2025-01-30 11:39:51.145 [pool-3-thread-1] INFO  com.rs.mv.mvvs.client.catalog.from.config.MappingConfigReader - [client:400207]parse mapping config information
2025-01-30 11:39:51.145 [pool-3-thread-1] INFO  com.rs.mv.mvvs.client.catalog.manager.U2CatalogManager - [client:400202]start a schedule task to get global/local catalog for es-define-property, its period 5s 
2025-01-30 11:39:51.146 [pool-3-thread-1] INFO  com.rs.mv.mvvs.client.catalog.manager.U2CatalogManager - [client:400203]cache file auto update thread launch in es-errors account
2025-01-30 11:39:51.146 [pool-3-thread-1] INFO  com.rs.mv.mvvs.client.catalog.from.config.DirsConfigReader - [client:400206]parse dir config information
2025-01-30 11:39:51.147 [pool-3-thread-1] INFO  com.rs.mv.mvvs.client.catalog.from.config.MappingConfigReader - [client:400207]parse mapping config information
2025-01-30 11:39:51.147 [pool-3-thread-1] INFO  com.rs.mv.mvvs.client.catalog.manager.U2CatalogManager - [client:400202]start a schedule task to get global/local catalog for es-errors, its period 5s 
2025-01-30 11:39:51.148 [pool-3-thread-1] INFO  com.rs.mv.mvvs.client.catalog.manager.U2CatalogManager - [client:400203]cache file auto update thread launch in es-object-atoms account
2025-01-30 11:39:51.148 [pool-3-thread-1] INFO  com.rs.mv.mvvs.client.catalog.from.config.DirsConfigReader - [client:400206]parse dir config information
2025-01-30 11:39:51.148 [pool-3-thread-1] INFO  com.rs.mv.mvvs.client.catalog.from.config.MappingConfigReader - [client:400207]parse mapping config information
2025-01-30 11:39:51.148 [pool-3-thread-1] INFO  com.rs.mv.mvvs.client.catalog.manager.U2CatalogManager - [client:400202]start a schedule task to get global/local catalog for es-object-atoms, its period 5s 
2025-01-30 11:39:51.149 [pool-3-thread-1] INFO  com.rs.mv.mvvs.client.catalog.manager.U2CatalogManager - [client:400203]cache file auto update thread launch in express account
2025-01-30 11:39:51.149 [pool-3-thread-1] INFO  com.rs.mv.mvvs.client.catalog.from.config.DirsConfigReader - [client:400206]parse dir config information
2025-01-30 11:39:51.149 [pool-3-thread-1] INFO  com.rs.mv.mvvs.client.catalog.from.config.MappingConfigReader - [client:400207]parse mapping config information
2025-01-30 11:39:51.149 [pool-3-thread-1] INFO  com.rs.mv.mvvs.client.catalog.manager.U2CatalogManager - [client:400202]start a schedule task to get global/local catalog for express, its period 5s 
2025-01-30 11:39:51.150 [pool-3-thread-1] INFO  com.rs.mv.mvvs.client.catalog.manager.U2CatalogManager - [client:400203]cache file auto update thread launch in lib account
2025-01-30 11:39:51.150 [pool-3-thread-1] INFO  com.rs.mv.mvvs.client.catalog.from.config.DirsConfigReader - [client:400206]parse dir config information
2025-01-30 11:39:51.150 [pool-3-thread-1] INFO  com.rs.mv.mvvs.client.catalog.from.config.MappingConfigReader - [client:400207]parse mapping config information
2025-01-30 11:39:51.150 [pool-3-thread-1] INFO  com.rs.mv.mvvs.client.catalog.manager.U2CatalogManager - [client:400202]start a schedule task to get global/local catalog for lib, its period 5s 
2025-01-30 11:39:51.151 [pool-3-thread-1] INFO  com.rs.mv.mvvs.client.catalog.manager.U2CatalogManager - [client:400203]cache file auto update thread launch in function-bind account
2025-01-30 11:39:51.151 [pool-3-thread-1] INFO  com.rs.mv.mvvs.client.catalog.from.config.DirsConfigReader - [client:400206]parse dir config information
2025-01-30 11:39:51.151 [pool-3-thread-1] INFO  com.rs.mv.mvvs.client.catalog.from.config.MappingConfigReader - [client:400207]parse mapping config information
2025-01-30 11:39:51.152 [pool-3-thread-1] INFO  com.rs.mv.mvvs.client.catalog.manager.U2CatalogManager - [client:400202]start a schedule task to get global/local catalog for function-bind, its period 5s 
2025-01-30 11:39:51.153 [pool-3-thread-1] INFO  com.rs.mv.mvvs.client.catalog.manager.U2CatalogManager - [client:400203]cache file auto update thread launch in get-intrinsic account
2025-01-30 11:39:51.153 [pool-3-thread-1] INFO  com.rs.mv.mvvs.client.catalog.from.config.DirsConfigReader - [client:400206]parse dir config information
2025-01-30 11:39:51.153 [pool-3-thread-1] INFO  com.rs.mv.mvvs.client.catalog.from.config.MappingConfigReader - [client:400207]parse mapping config information
2025-01-30 11:39:51.154 [pool-3-thread-1] INFO  com.rs.mv.mvvs.client.catalog.manager.U2CatalogManager - [client:400202]start a schedule task to get global/local catalog for get-intrinsic, its period 5s 
2025-01-30 11:39:51.154 [pool-3-thread-1] INFO  com.rs.mv.mvvs.client.catalog.manager.U2CatalogManager - [client:400203]cache file auto update thread launch in get-proto account
2025-01-30 11:39:51.154 [pool-3-thread-1] INFO  com.rs.mv.mvvs.client.catalog.from.config.DirsConfigReader - [client:400206]parse dir config information
2025-01-30 11:39:51.154 [pool-3-thread-1] INFO  com.rs.mv.mvvs.client.catalog.from.config.MappingConfigReader - [client:400207]parse mapping config information
2025-01-30 11:39:51.155 [pool-3-thread-1] INFO  com.rs.mv.mvvs.client.catalog.manager.U2CatalogManager - [client:400202]start a schedule task to get global/local catalog for get-proto, its period 5s 
2025-01-30 11:39:51.155 [pool-3-thread-1] INFO  com.rs.mv.mvvs.client.catalog.manager.U2CatalogManager - [client:400203]cache file auto update thread launch in gopd account
2025-01-30 11:39:51.155 [pool-3-thread-1] INFO  com.rs.mv.mvvs.client.catalog.from.config.DirsConfigReader - [client:400206]parse dir config information
2025-01-30 11:39:51.156 [pool-3-thread-1] INFO  com.rs.mv.mvvs.client.catalog.from.config.MappingConfigReader - [client:400207]parse mapping config information
2025-01-30 11:39:51.156 [pool-3-thread-1] INFO  com.rs.mv.mvvs.client.catalog.manager.U2CatalogManager - [client:400202]start a schedule task to get global/local catalog for gopd, its period 5s 
2025-01-30 11:39:51.156 [pool-3-thread-1] INFO  com.rs.mv.mvvs.client.catalog.manager.U2CatalogManager - [client:400203]cache file auto update thread launch in has-symbols account
2025-01-30 11:39:51.156 [pool-3-thread-1] INFO  com.rs.mv.mvvs.client.catalog.from.config.DirsConfigReader - [client:400206]parse dir config information
2025-01-30 11:39:51.157 [pool-3-thread-1] INFO  com.rs.mv.mvvs.client.catalog.from.config.MappingConfigReader - [client:400207]parse mapping config information
2025-01-30 11:39:51.157 [pool-3-thread-1] INFO  com.rs.mv.mvvs.client.catalog.manager.U2CatalogManager - [client:400202]start a schedule task to get global/local catalog for has-symbols, its period 5s 
2025-01-30 11:39:51.157 [pool-3-thread-1] INFO  com.rs.mv.mvvs.client.catalog.manager.U2CatalogManager - [client:400203]cache file auto update thread launch in test account
2025-01-30 11:39:51.157 [pool-3-thread-1] INFO  com.rs.mv.mvvs.client.catalog.from.config.DirsConfigReader - [client:400206]parse dir config information
2025-01-30 11:39:51.157 [pool-3-thread-1] INFO  com.rs.mv.mvvs.client.catalog.from.config.MappingConfigReader - [client:400207]parse mapping config information
2025-01-30 11:39:51.157 [pool-3-thread-1] INFO  com.rs.mv.mvvs.client.catalog.manager.U2CatalogManager - [client:400202]start a schedule task to get global/local catalog for test, its period 5s 
2025-01-30 11:39:51.158 [pool-3-thread-1] INFO  com.rs.mv.mvvs.client.catalog.manager.U2CatalogManager - [client:400203]cache file auto update thread launch in hasown account
2025-01-30 11:39:51.158 [pool-3-thread-1] INFO  com.rs.mv.mvvs.client.catalog.from.config.DirsConfigReader - [client:400206]parse dir config information
2025-01-30 11:39:51.158 [pool-3-thread-1] INFO  com.rs.mv.mvvs.client.catalog.from.config.MappingConfigReader - [client:400207]parse mapping config information
2025-01-30 11:39:51.159 [pool-3-thread-1] INFO  com.rs.mv.mvvs.client.catalog.manager.U2CatalogManager - [client:400202]start a schedule task to get global/local catalog for hasown, its period 5s 
2025-01-30 11:39:51.160 [pool-3-thread-1] INFO  com.rs.mv.mvvs.client.catalog.manager.U2CatalogManager - [client:400203]cache file auto update thread launch in iconv-lite account
2025-01-30 11:39:51.160 [pool-3-thread-1] INFO  com.rs.mv.mvvs.client.catalog.from.config.DirsConfigReader - [client:400206]parse dir config information
2025-01-30 11:39:51.160 [pool-3-thread-1] INFO  com.rs.mv.mvvs.client.catalog.from.config.MappingConfigReader - [client:400207]parse mapping config information
2025-01-30 11:39:51.161 [pool-3-thread-1] INFO  com.rs.mv.mvvs.client.catalog.manager.U2CatalogManager - [client:400202]start a schedule task to get global/local catalog for iconv-lite, its period 5s 
2025-01-30 11:39:51.161 [pool-3-thread-1] INFO  com.rs.mv.mvvs.client.catalog.manager.U2CatalogManager - [client:400203]cache file auto update thread launch in encodings account
2025-01-30 11:39:51.161 [pool-3-thread-1] INFO  com.rs.mv.mvvs.client.catalog.from.config.DirsConfigReader - [client:400206]parse dir config information
2025-01-30 11:39:51.161 [pool-3-thread-1] INFO  com.rs.mv.mvvs.client.catalog.from.config.MappingConfigReader - [client:400207]parse mapping config information
2025-01-30 11:39:51.161 [pool-3-thread-1] INFO  com.rs.mv.mvvs.client.catalog.manager.U2CatalogManager - [client:400202]start a schedule task to get global/local catalog for encodings, its period 5s 
2025-01-30 11:39:51.162 [pool-3-thread-1] INFO  com.rs.mv.mvvs.client.catalog.manager.U2CatalogManager - [client:400203]cache file auto update thread launch in ipaddr.js account
2025-01-30 11:39:51.162 [pool-3-thread-1] INFO  com.rs.mv.mvvs.client.catalog.from.config.DirsConfigReader - [client:400206]parse dir config information
2025-01-30 11:39:51.162 [pool-3-thread-1] INFO  com.rs.mv.mvvs.client.catalog.from.config.MappingConfigReader - [client:400207]parse mapping config information
2025-01-30 11:39:51.162 [pool-3-thread-1] INFO  com.rs.mv.mvvs.client.catalog.manager.U2CatalogManager - [client:400202]start a schedule task to get global/local catalog for ipaddr.js, its period 5s 
2025-01-30 11:39:51.163 [pool-3-thread-1] INFO  com.rs.mv.mvvs.client.catalog.manager.U2CatalogManager - [client:400203]cache file auto update thread launch in math-intrinsics account
2025-01-30 11:39:51.163 [pool-3-thread-1] INFO  com.rs.mv.mvvs.client.catalog.from.config.DirsConfigReader - [client:400206]parse dir config information
2025-01-30 11:39:51.163 [pool-3-thread-1] INFO  com.rs.mv.mvvs.client.catalog.from.config.MappingConfigReader - [client:400207]parse mapping config information
2025-01-30 11:39:51.164 [pool-3-thread-1] INFO  com.rs.mv.mvvs.client.catalog.manager.U2CatalogManager - [client:400202]start a schedule task to get global/local catalog for math-intrinsics, its period 5s 
2025-01-30 11:39:51.164 [pool-3-thread-1] INFO  com.rs.mv.mvvs.client.catalog.manager.U2CatalogManager - [client:400203]cache file auto update thread launch in mime account
2025-01-30 11:39:51.164 [pool-3-thread-1] INFO  com.rs.mv.mvvs.client.catalog.from.config.DirsConfigReader - [client:400206]parse dir config information
2025-01-30 11:39:51.165 [pool-3-thread-1] INFO  com.rs.mv.mvvs.client.catalog.from.config.MappingConfigReader - [client:400207]parse mapping config information
2025-01-30 11:39:51.165 [pool-3-thread-1] INFO  com.rs.mv.mvvs.client.catalog.manager.U2CatalogManager - [client:400202]start a schedule task to get global/local catalog for mime, its period 5s 
2025-01-30 11:39:51.165 [pool-3-thread-1] INFO  com.rs.mv.mvvs.client.catalog.manager.U2CatalogManager - [client:400203]cache file auto update thread launch in negotiator account
2025-01-30 11:39:51.166 [pool-3-thread-1] INFO  com.rs.mv.mvvs.client.catalog.from.config.DirsConfigReader - [client:400206]parse dir config information
2025-01-30 11:39:51.166 [pool-3-thread-1] INFO  com.rs.mv.mvvs.client.catalog.from.config.MappingConfigReader - [client:400207]parse mapping config information
2025-01-30 11:39:51.166 [pool-3-thread-1] INFO  com.rs.mv.mvvs.client.catalog.manager.U2CatalogManager - [client:400202]start a schedule task to get global/local catalog for negotiator, its period 5s 
2025-01-30 11:39:51.167 [pool-3-thread-1] INFO  com.rs.mv.mvvs.client.catalog.manager.U2CatalogManager - [client:400203]cache file auto update thread launch in object-inspect account
2025-01-30 11:39:51.167 [pool-3-thread-1] INFO  com.rs.mv.mvvs.client.catalog.from.config.DirsConfigReader - [client:400206]parse dir config information
2025-01-30 11:39:51.167 [pool-3-thread-1] INFO  com.rs.mv.mvvs.client.catalog.from.config.MappingConfigReader - [client:400207]parse mapping config information
2025-01-30 11:39:51.168 [pool-3-thread-1] INFO  com.rs.mv.mvvs.client.catalog.manager.U2CatalogManager - [client:400202]start a schedule task to get global/local catalog for object-inspect, its period 5s 
2025-01-30 11:39:51.168 [pool-3-thread-1] INFO  com.rs.mv.mvvs.client.catalog.manager.U2CatalogManager - [client:400203]cache file auto update thread launch in test account
2025-01-30 11:39:51.168 [pool-3-thread-1] INFO  com.rs.mv.mvvs.client.catalog.from.config.DirsConfigReader - [client:400206]parse dir config information
2025-01-30 11:39:51.168 [pool-3-thread-1] INFO  com.rs.mv.mvvs.client.catalog.from.config.MappingConfigReader - [client:400207]parse mapping config information
2025-01-30 11:39:51.169 [pool-3-thread-1] INFO  com.rs.mv.mvvs.client.catalog.manager.U2CatalogManager - [client:400202]start a schedule task to get global/local catalog for test, its period 5s 
2025-01-30 11:39:51.169 [pool-3-thread-1] INFO  com.rs.mv.mvvs.client.catalog.manager.U2CatalogManager - [client:400203]cache file auto update thread launch in qs account
2025-01-30 11:39:51.169 [pool-3-thread-1] INFO  com.rs.mv.mvvs.client.catalog.from.config.DirsConfigReader - [client:400206]parse dir config information
2025-01-30 11:39:51.169 [pool-3-thread-1] INFO  com.rs.mv.mvvs.client.catalog.from.config.MappingConfigReader - [client:400207]parse mapping config information
2025-01-30 11:39:51.169 [pool-3-thread-1] INFO  com.rs.mv.mvvs.client.catalog.manager.U2CatalogManager - [client:400202]start a schedule task to get global/local catalog for qs, its period 5s 
2025-01-30 11:39:51.170 [pool-3-thread-1] INFO  com.rs.mv.mvvs.client.catalog.manager.U2CatalogManager - [client:400203]cache file auto update thread launch in send account
2025-01-30 11:39:51.170 [pool-3-thread-1] INFO  com.rs.mv.mvvs.client.catalog.from.config.DirsConfigReader - [client:400206]parse dir config information
2025-01-30 11:39:51.170 [pool-3-thread-1] INFO  com.rs.mv.mvvs.client.catalog.from.config.MappingConfigReader - [client:400207]parse mapping config information
2025-01-30 11:39:51.170 [pool-3-thread-1] INFO  com.rs.mv.mvvs.client.catalog.manager.U2CatalogManager - [client:400202]start a schedule task to get global/local catalog for send, its period 5s 
2025-01-30 11:39:51.171 [pool-3-thread-1] INFO  com.rs.mv.mvvs.client.catalog.manager.U2CatalogManager - [client:400203]cache file auto update thread launch in node_modules account
2025-01-30 11:39:51.171 [pool-3-thread-1] INFO  com.rs.mv.mvvs.client.catalog.from.config.DirsConfigReader - [client:400206]parse dir config information
2025-01-30 11:39:51.172 [pool-3-thread-1] INFO  com.rs.mv.mvvs.client.catalog.from.config.MappingConfigReader - [client:400207]parse mapping config information
2025-01-30 11:39:51.173 [pool-3-thread-1] INFO  com.rs.mv.mvvs.client.catalog.manager.U2CatalogManager - [client:400202]start a schedule task to get global/local catalog for node_modules, its period 5s 
2025-01-30 11:39:51.173 [pool-3-thread-1] INFO  com.rs.mv.mvvs.client.catalog.manager.U2CatalogManager - [client:400203]cache file auto update thread launch in setprototypeof account
2025-01-30 11:39:51.174 [pool-3-thread-1] INFO  com.rs.mv.mvvs.client.catalog.from.config.DirsConfigReader - [client:400206]parse dir config information
2025-01-30 11:39:51.174 [pool-3-thread-1] INFO  com.rs.mv.mvvs.client.catalog.from.config.MappingConfigReader - [client:400207]parse mapping config information
2025-01-30 11:39:51.175 [pool-3-thread-1] INFO  com.rs.mv.mvvs.client.catalog.manager.U2CatalogManager - [client:400202]start a schedule task to get global/local catalog for setprototypeof, its period 5s 
2025-01-30 11:39:51.175 [pool-3-thread-1] INFO  com.rs.mv.mvvs.client.catalog.manager.U2CatalogManager - [client:400203]cache file auto update thread launch in side-channel account
2025-01-30 11:39:51.176 [pool-3-thread-1] INFO  com.rs.mv.mvvs.client.catalog.from.config.DirsConfigReader - [client:400206]parse dir config information
2025-01-30 11:39:51.176 [pool-3-thread-1] INFO  com.rs.mv.mvvs.client.catalog.from.config.MappingConfigReader - [client:400207]parse mapping config information
2025-01-30 11:39:51.177 [pool-3-thread-1] INFO  com.rs.mv.mvvs.client.catalog.manager.U2CatalogManager - [client:400202]start a schedule task to get global/local catalog for side-channel, its period 5s 
2025-01-30 11:39:51.177 [pool-3-thread-1] INFO  com.rs.mv.mvvs.client.catalog.manager.U2CatalogManager - [client:400203]cache file auto update thread launch in side-channel-list account
2025-01-30 11:39:51.177 [pool-3-thread-1] INFO  com.rs.mv.mvvs.client.catalog.from.config.DirsConfigReader - [client:400206]parse dir config information
2025-01-30 11:39:51.177 [pool-3-thread-1] INFO  com.rs.mv.mvvs.client.catalog.from.config.MappingConfigReader - [client:400207]parse mapping config information
2025-01-30 11:39:51.177 [pool-3-thread-1] INFO  com.rs.mv.mvvs.client.catalog.manager.U2CatalogManager - [client:400202]start a schedule task to get global/local catalog for side-channel-list, its period 5s 
2025-01-30 11:39:51.177 [pool-3-thread-1] INFO  com.rs.mv.mvvs.client.catalog.manager.U2CatalogManager - [client:400203]cache file auto update thread launch in side-channel-map account
2025-01-30 11:39:51.179 [pool-3-thread-1] INFO  com.rs.mv.mvvs.client.catalog.from.config.DirsConfigReader - [client:400206]parse dir config information
2025-01-30 11:39:51.179 [pool-3-thread-1] INFO  com.rs.mv.mvvs.client.catalog.from.config.MappingConfigReader - [client:400207]parse mapping config information
2025-01-30 11:39:51.179 [pool-3-thread-1] INFO  com.rs.mv.mvvs.client.catalog.manager.U2CatalogManager - [client:400202]start a schedule task to get global/local catalog for side-channel-map, its period 5s 
2025-01-30 11:39:51.179 [pool-3-thread-1] INFO  com.rs.mv.mvvs.client.catalog.manager.U2CatalogManager - [client:400203]cache file auto update thread launch in side-channel-weakmap account
2025-01-30 11:39:51.179 [pool-3-thread-1] INFO  com.rs.mv.mvvs.client.catalog.from.config.DirsConfigReader - [client:400206]parse dir config information
2025-01-30 11:39:51.180 [pool-3-thread-1] INFO  com.rs.mv.mvvs.client.catalog.from.config.MappingConfigReader - [client:400207]parse mapping config information
2025-01-30 11:39:51.180 [pool-3-thread-1] INFO  com.rs.mv.mvvs.client.catalog.manager.U2CatalogManager - [client:400202]start a schedule task to get global/local catalog for side-channel-weakmap, its period 5s 
2025-01-30 11:39:51.180 [pool-3-thread-1] INFO  com.rs.mv.mvvs.client.catalog.manager.U2CatalogManager - [client:400203]cache file auto update thread launch in 07.Routing account
2025-01-30 11:39:51.180 [pool-3-thread-1] INFO  com.rs.mv.mvvs.client.catalog.from.config.DirsConfigReader - [client:400206]parse dir config information
2025-01-30 11:39:51.180 [pool-3-thread-1] INFO  com.rs.mv.mvvs.client.catalog.from.config.MappingConfigReader - [client:400207]parse mapping config information
2025-01-30 11:39:51.181 [pool-3-thread-1] INFO  com.rs.mv.mvvs.client.catalog.manager.U2CatalogManager - [client:400202]start a schedule task to get global/local catalog for 07.Routing, its period 5s 
2025-01-30 11:39:51.181 [pool-3-thread-1] INFO  com.rs.mv.mvvs.client.catalog.manager.U2CatalogManager - [client:400203]cache file auto update thread launch in node_modules account
2025-01-30 11:39:51.182 [pool-3-thread-1] INFO  com.rs.mv.mvvs.client.catalog.from.config.DirsConfigReader - [client:400206]parse dir config information
2025-01-30 11:39:51.182 [pool-3-thread-1] INFO  com.rs.mv.mvvs.client.catalog.from.config.MappingConfigReader - [client:400207]parse mapping config information
2025-01-30 11:39:51.183 [pool-3-thread-1] INFO  com.rs.mv.mvvs.client.catalog.manager.U2CatalogManager - [client:400202]start a schedule task to get global/local catalog for node_modules, its period 5s 
2025-01-30 11:39:51.183 [pool-3-thread-1] INFO  com.rs.mv.mvvs.client.catalog.manager.U2CatalogManager - [client:400203]cache file auto update thread launch in body-parser account
2025-01-30 11:39:51.183 [pool-3-thread-1] INFO  com.rs.mv.mvvs.client.catalog.from.config.DirsConfigReader - [client:400206]parse dir config information
2025-01-30 11:39:51.183 [pool-3-thread-1] INFO  com.rs.mv.mvvs.client.catalog.from.config.MappingConfigReader - [client:400207]parse mapping config information
2025-01-30 11:39:51.183 [pool-3-thread-1] INFO  com.rs.mv.mvvs.client.catalog.manager.U2CatalogManager - [client:400202]start a schedule task to get global/local catalog for body-parser, its period 5s 
2025-01-30 11:39:51.183 [pool-3-thread-1] INFO  com.rs.mv.mvvs.client.catalog.manager.U2CatalogManager - [client:400203]cache file auto update thread launch in lib account
2025-01-30 11:39:51.184 [pool-3-thread-1] INFO  com.rs.mv.mvvs.client.catalog.from.config.DirsConfigReader - [client:400206]parse dir config information
2025-01-30 11:39:51.184 [pool-3-thread-1] INFO  com.rs.mv.mvvs.client.catalog.from.config.MappingConfigReader - [client:400207]parse mapping config information
2025-01-30 11:39:51.184 [pool-3-thread-1] INFO  com.rs.mv.mvvs.client.catalog.manager.U2CatalogManager - [client:400202]start a schedule task to get global/local catalog for lib, its period 5s 
2025-01-30 11:39:51.184 [pool-3-thread-1] INFO  com.rs.mv.mvvs.client.catalog.manager.U2CatalogManager - [client:400203]cache file auto update thread launch in call-bind-apply-helpers account
2025-01-30 11:39:51.184 [pool-3-thread-1] INFO  com.rs.mv.mvvs.client.catalog.from.config.DirsConfigReader - [client:400206]parse dir config information
2025-01-30 11:39:51.184 [pool-3-thread-1] INFO  com.rs.mv.mvvs.client.catalog.from.config.MappingConfigReader - [client:400207]parse mapping config information
2025-01-30 11:39:51.186 [pool-3-thread-1] INFO  com.rs.mv.mvvs.client.catalog.manager.U2CatalogManager - [client:400202]start a schedule task to get global/local catalog for call-bind-apply-helpers, its period 5s 
2025-01-30 11:39:51.186 [pool-3-thread-1] INFO  com.rs.mv.mvvs.client.catalog.manager.U2CatalogManager - [client:400203]cache file auto update thread launch in call-bound account
2025-01-30 11:39:51.186 [pool-3-thread-1] INFO  com.rs.mv.mvvs.client.catalog.from.config.DirsConfigReader - [client:400206]parse dir config information
2025-01-30 11:39:51.186 [pool-3-thread-1] INFO  com.rs.mv.mvvs.client.catalog.from.config.MappingConfigReader - [client:400207]parse mapping config information
2025-01-30 11:39:51.187 [pool-3-thread-1] INFO  com.rs.mv.mvvs.client.catalog.manager.U2CatalogManager - [client:400202]start a schedule task to get global/local catalog for call-bound, its period 5s 
2025-01-30 11:39:51.187 [pool-3-thread-1] INFO  com.rs.mv.mvvs.client.catalog.manager.U2CatalogManager - [client:400203]cache file auto update thread launch in debug account
2025-01-30 11:39:51.187 [pool-3-thread-1] INFO  com.rs.mv.mvvs.client.catalog.from.config.DirsConfigReader - [client:400206]parse dir config information
2025-01-30 11:39:51.187 [pool-3-thread-1] INFO  com.rs.mv.mvvs.client.catalog.from.config.MappingConfigReader - [client:400207]parse mapping config information
2025-01-30 11:39:51.187 [pool-3-thread-1] INFO  com.rs.mv.mvvs.client.catalog.manager.U2CatalogManager - [client:400202]start a schedule task to get global/local catalog for debug, its period 5s 
2025-01-30 11:39:51.187 [pool-3-thread-1] INFO  com.rs.mv.mvvs.client.catalog.manager.U2CatalogManager - [client:400203]cache file auto update thread launch in depd account
2025-01-30 11:39:51.188 [pool-3-thread-1] INFO  com.rs.mv.mvvs.client.catalog.from.config.DirsConfigReader - [client:400206]parse dir config information
2025-01-30 11:39:51.188 [pool-3-thread-1] INFO  com.rs.mv.mvvs.client.catalog.from.config.MappingConfigReader - [client:400207]parse mapping config information
2025-01-30 11:39:51.188 [pool-3-thread-1] INFO  com.rs.mv.mvvs.client.catalog.manager.U2CatalogManager - [client:400202]start a schedule task to get global/local catalog for depd, its period 5s 
2025-01-30 11:39:51.188 [pool-3-thread-1] INFO  com.rs.mv.mvvs.client.catalog.manager.U2CatalogManager - [client:400203]cache file auto update thread launch in lib account
2025-01-30 11:39:51.188 [pool-3-thread-1] INFO  com.rs.mv.mvvs.client.catalog.from.config.DirsConfigReader - [client:400206]parse dir config information
2025-01-30 11:39:51.189 [pool-3-thread-1] INFO  com.rs.mv.mvvs.client.catalog.from.config.MappingConfigReader - [client:400207]parse mapping config information
2025-01-30 11:39:51.189 [pool-3-thread-1] INFO  com.rs.mv.mvvs.client.catalog.manager.U2CatalogManager - [client:400202]start a schedule task to get global/local catalog for lib, its period 5s 
2025-01-30 11:39:51.189 [pool-3-thread-1] INFO  com.rs.mv.mvvs.client.catalog.manager.U2CatalogManager - [client:400203]cache file auto update thread launch in dunder-proto account
2025-01-30 11:39:51.189 [pool-3-thread-1] INFO  com.rs.mv.mvvs.client.catalog.from.config.DirsConfigReader - [client:400206]parse dir config information
2025-01-30 11:39:51.189 [pool-3-thread-1] INFO  com.rs.mv.mvvs.client.catalog.from.config.MappingConfigReader - [client:400207]parse mapping config information
2025-01-30 11:39:51.190 [pool-3-thread-1] INFO  com.rs.mv.mvvs.client.catalog.manager.U2CatalogManager - [client:400202]start a schedule task to get global/local catalog for dunder-proto, its period 5s 
2025-01-30 11:39:51.190 [pool-3-thread-1] INFO  com.rs.mv.mvvs.client.catalog.manager.U2CatalogManager - [client:400203]cache file auto update thread launch in es-define-property account
2025-01-30 11:39:51.190 [pool-3-thread-1] INFO  com.rs.mv.mvvs.client.catalog.from.config.DirsConfigReader - [client:400206]parse dir config information
2025-01-30 11:39:51.190 [pool-3-thread-1] INFO  com.rs.mv.mvvs.client.catalog.from.config.MappingConfigReader - [client:400207]parse mapping config information
2025-01-30 11:39:51.190 [pool-3-thread-1] INFO  com.rs.mv.mvvs.client.catalog.manager.U2CatalogManager - [client:400202]start a schedule task to get global/local catalog for es-define-property, its period 5s 
2025-01-30 11:39:51.191 [pool-3-thread-1] INFO  com.rs.mv.mvvs.client.catalog.manager.U2CatalogManager - [client:400203]cache file auto update thread launch in es-errors account
2025-01-30 11:39:51.191 [pool-3-thread-1] INFO  com.rs.mv.mvvs.client.catalog.from.config.DirsConfigReader - [client:400206]parse dir config information
2025-01-30 11:39:51.191 [pool-3-thread-1] INFO  com.rs.mv.mvvs.client.catalog.from.config.MappingConfigReader - [client:400207]parse mapping config information
2025-01-30 11:39:51.192 [pool-3-thread-1] INFO  com.rs.mv.mvvs.client.catalog.manager.U2CatalogManager - [client:400202]start a schedule task to get global/local catalog for es-errors, its period 5s 
2025-01-30 11:39:51.192 [pool-3-thread-1] INFO  com.rs.mv.mvvs.client.catalog.manager.U2CatalogManager - [client:400203]cache file auto update thread launch in es-object-atoms account
2025-01-30 11:39:51.192 [pool-3-thread-1] INFO  com.rs.mv.mvvs.client.catalog.from.config.DirsConfigReader - [client:400206]parse dir config information
2025-01-30 11:39:51.193 [pool-3-thread-1] INFO  com.rs.mv.mvvs.client.catalog.from.config.MappingConfigReader - [client:400207]parse mapping config information
2025-01-30 11:39:51.193 [pool-3-thread-1] INFO  com.rs.mv.mvvs.client.catalog.manager.U2CatalogManager - [client:400202]start a schedule task to get global/local catalog for es-object-atoms, its period 5s 
2025-01-30 11:39:51.194 [pool-3-thread-1] INFO  com.rs.mv.mvvs.client.catalog.manager.U2CatalogManager - [client:400203]cache file auto update thread launch in express account
2025-01-30 11:39:51.194 [pool-3-thread-1] INFO  com.rs.mv.mvvs.client.catalog.from.config.DirsConfigReader - [client:400206]parse dir config information
2025-01-30 11:39:51.194 [pool-3-thread-1] INFO  com.rs.mv.mvvs.client.catalog.from.config.MappingConfigReader - [client:400207]parse mapping config information
2025-01-30 11:39:51.194 [pool-3-thread-1] INFO  com.rs.mv.mvvs.client.catalog.manager.U2CatalogManager - [client:400202]start a schedule task to get global/local catalog for express, its period 5s 
2025-01-30 11:39:51.195 [pool-3-thread-1] INFO  com.rs.mv.mvvs.client.catalog.manager.U2CatalogManager - [client:400203]cache file auto update thread launch in lib account
2025-01-30 11:39:51.195 [pool-3-thread-1] INFO  com.rs.mv.mvvs.client.catalog.from.config.DirsConfigReader - [client:400206]parse dir config information
2025-01-30 11:39:51.195 [pool-3-thread-1] INFO  com.rs.mv.mvvs.client.catalog.from.config.MappingConfigReader - [client:400207]parse mapping config information
2025-01-30 11:39:51.195 [pool-3-thread-1] INFO  com.rs.mv.mvvs.client.catalog.manager.U2CatalogManager - [client:400202]start a schedule task to get global/local catalog for lib, its period 5s 
2025-01-30 11:39:51.195 [pool-3-thread-1] INFO  com.rs.mv.mvvs.client.catalog.manager.U2CatalogManager - [client:400203]cache file auto update thread launch in function-bind account
2025-01-30 11:39:51.196 [pool-3-thread-1] INFO  com.rs.mv.mvvs.client.catalog.from.config.DirsConfigReader - [client:400206]parse dir config information
2025-01-30 11:39:51.196 [pool-3-thread-1] INFO  com.rs.mv.mvvs.client.catalog.from.config.MappingConfigReader - [client:400207]parse mapping config information
2025-01-30 11:39:51.196 [pool-3-thread-1] INFO  com.rs.mv.mvvs.client.catalog.manager.U2CatalogManager - [client:400202]start a schedule task to get global/local catalog for function-bind, its period 5s 
2025-01-30 11:39:51.196 [pool-3-thread-1] INFO  com.rs.mv.mvvs.client.catalog.manager.U2CatalogManager - [client:400203]cache file auto update thread launch in get-intrinsic account
2025-01-30 11:39:51.196 [pool-3-thread-1] INFO  com.rs.mv.mvvs.client.catalog.from.config.DirsConfigReader - [client:400206]parse dir config information
2025-01-30 11:39:51.196 [pool-3-thread-1] INFO  com.rs.mv.mvvs.client.catalog.from.config.MappingConfigReader - [client:400207]parse mapping config information
2025-01-30 11:39:51.197 [pool-3-thread-1] INFO  com.rs.mv.mvvs.client.catalog.manager.U2CatalogManager - [client:400202]start a schedule task to get global/local catalog for get-intrinsic, its period 5s 
2025-01-30 11:39:51.197 [pool-3-thread-1] INFO  com.rs.mv.mvvs.client.catalog.manager.U2CatalogManager - [client:400203]cache file auto update thread launch in get-proto account
2025-01-30 11:39:51.197 [pool-3-thread-1] INFO  com.rs.mv.mvvs.client.catalog.from.config.DirsConfigReader - [client:400206]parse dir config information
2025-01-30 11:39:51.197 [pool-3-thread-1] INFO  com.rs.mv.mvvs.client.catalog.from.config.MappingConfigReader - [client:400207]parse mapping config information
2025-01-30 11:39:51.198 [pool-3-thread-1] INFO  com.rs.mv.mvvs.client.catalog.manager.U2CatalogManager - [client:400202]start a schedule task to get global/local catalog for get-proto, its period 5s 
2025-01-30 11:39:51.198 [pool-3-thread-1] INFO  com.rs.mv.mvvs.client.catalog.manager.U2CatalogManager - [client:400203]cache file auto update thread launch in gopd account
2025-01-30 11:39:51.198 [pool-3-thread-1] INFO  com.rs.mv.mvvs.client.catalog.from.config.DirsConfigReader - [client:400206]parse dir config information
2025-01-30 11:39:51.198 [pool-3-thread-1] INFO  com.rs.mv.mvvs.client.catalog.from.config.MappingConfigReader - [client:400207]parse mapping config information
2025-01-30 11:39:51.198 [pool-3-thread-1] INFO  com.rs.mv.mvvs.client.catalog.manager.U2CatalogManager - [client:400202]start a schedule task to get global/local catalog for gopd, its period 5s 
2025-01-30 11:39:51.199 [pool-3-thread-1] INFO  com.rs.mv.mvvs.client.catalog.manager.U2CatalogManager - [client:400203]cache file auto update thread launch in has-symbols account
2025-01-30 11:39:51.199 [pool-3-thread-1] INFO  com.rs.mv.mvvs.client.catalog.from.config.DirsConfigReader - [client:400206]parse dir config information
2025-01-30 11:39:51.199 [pool-3-thread-1] INFO  com.rs.mv.mvvs.client.catalog.from.config.MappingConfigReader - [client:400207]parse mapping config information
2025-01-30 11:39:51.199 [pool-3-thread-1] INFO  com.rs.mv.mvvs.client.catalog.manager.U2CatalogManager - [client:400202]start a schedule task to get global/local catalog for has-symbols, its period 5s 
2025-01-30 11:39:51.200 [pool-3-thread-1] INFO  com.rs.mv.mvvs.client.catalog.manager.U2CatalogManager - [client:400203]cache file auto update thread launch in test account
2025-01-30 11:39:51.200 [pool-3-thread-1] INFO  com.rs.mv.mvvs.client.catalog.from.config.DirsConfigReader - [client:400206]parse dir config information
2025-01-30 11:39:51.200 [pool-3-thread-1] INFO  com.rs.mv.mvvs.client.catalog.from.config.MappingConfigReader - [client:400207]parse mapping config information
2025-01-30 11:39:51.200 [pool-3-thread-1] INFO  com.rs.mv.mvvs.client.catalog.manager.U2CatalogManager - [client:400202]start a schedule task to get global/local catalog for test, its period 5s 
2025-01-30 11:39:51.200 [pool-3-thread-1] INFO  com.rs.mv.mvvs.client.catalog.manager.U2CatalogManager - [client:400203]cache file auto update thread launch in hasown account
2025-01-30 11:39:51.201 [pool-3-thread-1] INFO  com.rs.mv.mvvs.client.catalog.from.config.DirsConfigReader - [client:400206]parse dir config information
2025-01-30 11:39:51.201 [pool-3-thread-1] INFO  com.rs.mv.mvvs.client.catalog.from.config.MappingConfigReader - [client:400207]parse mapping config information
2025-01-30 11:39:51.201 [pool-3-thread-1] INFO  com.rs.mv.mvvs.client.catalog.manager.U2CatalogManager - [client:400202]start a schedule task to get global/local catalog for hasown, its period 5s 
2025-01-30 11:39:51.201 [pool-3-thread-1] INFO  com.rs.mv.mvvs.client.catalog.manager.U2CatalogManager - [client:400203]cache file auto update thread launch in iconv-lite account
2025-01-30 11:39:51.201 [pool-3-thread-1] INFO  com.rs.mv.mvvs.client.catalog.from.config.DirsConfigReader - [client:400206]parse dir config information
2025-01-30 11:39:51.202 [pool-3-thread-1] INFO  com.rs.mv.mvvs.client.catalog.from.config.MappingConfigReader - [client:400207]parse mapping config information
2025-01-30 11:39:51.202 [pool-3-thread-1] INFO  com.rs.mv.mvvs.client.catalog.manager.U2CatalogManager - [client:400202]start a schedule task to get global/local catalog for iconv-lite, its period 5s 
2025-01-30 11:39:51.202 [pool-3-thread-1] INFO  com.rs.mv.mvvs.client.catalog.manager.U2CatalogManager - [client:400203]cache file auto update thread launch in encodings account
2025-01-30 11:39:51.202 [pool-3-thread-1] INFO  com.rs.mv.mvvs.client.catalog.from.config.DirsConfigReader - [client:400206]parse dir config information
2025-01-30 11:39:51.202 [pool-3-thread-1] INFO  com.rs.mv.mvvs.client.catalog.from.config.MappingConfigReader - [client:400207]parse mapping config information
2025-01-30 11:39:51.203 [pool-3-thread-1] INFO  com.rs.mv.mvvs.client.catalog.manager.U2CatalogManager - [client:400202]start a schedule task to get global/local catalog for encodings, its period 5s 
2025-01-30 11:39:51.203 [pool-3-thread-1] INFO  com.rs.mv.mvvs.client.catalog.manager.U2CatalogManager - [client:400203]cache file auto update thread launch in ipaddr.js account
2025-01-30 11:39:51.203 [pool-3-thread-1] INFO  com.rs.mv.mvvs.client.catalog.from.config.DirsConfigReader - [client:400206]parse dir config information
2025-01-30 11:39:51.203 [pool-3-thread-1] INFO  com.rs.mv.mvvs.client.catalog.from.config.MappingConfigReader - [client:400207]parse mapping config information
2025-01-30 11:39:51.203 [pool-3-thread-1] INFO  com.rs.mv.mvvs.client.catalog.manager.U2CatalogManager - [client:400202]start a schedule task to get global/local catalog for ipaddr.js, its period 5s 
2025-01-30 11:39:51.204 [pool-3-thread-1] INFO  com.rs.mv.mvvs.client.catalog.manager.U2CatalogManager - [client:400203]cache file auto update thread launch in math-intrinsics account
2025-01-30 11:39:51.204 [pool-3-thread-1] INFO  com.rs.mv.mvvs.client.catalog.from.config.DirsConfigReader - [client:400206]parse dir config information
2025-01-30 11:39:51.204 [pool-3-thread-1] INFO  com.rs.mv.mvvs.client.catalog.from.config.MappingConfigReader - [client:400207]parse mapping config information
2025-01-30 11:39:51.204 [pool-3-thread-1] INFO  com.rs.mv.mvvs.client.catalog.manager.U2CatalogManager - [client:400202]start a schedule task to get global/local catalog for math-intrinsics, its period 5s 
2025-01-30 11:39:51.204 [pool-3-thread-1] INFO  com.rs.mv.mvvs.client.catalog.manager.U2CatalogManager - [client:400203]cache file auto update thread launch in mime account
2025-01-30 11:39:51.204 [pool-3-thread-1] INFO  com.rs.mv.mvvs.client.catalog.from.config.DirsConfigReader - [client:400206]parse dir config information
2025-01-30 11:39:51.205 [pool-3-thread-1] INFO  com.rs.mv.mvvs.client.catalog.from.config.MappingConfigReader - [client:400207]parse mapping config information
2025-01-30 11:39:51.205 [pool-3-thread-1] INFO  com.rs.mv.mvvs.client.catalog.manager.U2CatalogManager - [client:400202]start a schedule task to get global/local catalog for mime, its period 5s 
2025-01-30 11:39:51.205 [pool-3-thread-1] INFO  com.rs.mv.mvvs.client.catalog.manager.U2CatalogManager - [client:400203]cache file auto update thread launch in negotiator account
2025-01-30 11:39:51.205 [pool-3-thread-1] INFO  com.rs.mv.mvvs.client.catalog.from.config.DirsConfigReader - [client:400206]parse dir config information
2025-01-30 11:39:51.205 [pool-3-thread-1] INFO  com.rs.mv.mvvs.client.catalog.from.config.MappingConfigReader - [client:400207]parse mapping config information
2025-01-30 11:39:51.205 [pool-3-thread-1] INFO  com.rs.mv.mvvs.client.catalog.manager.U2CatalogManager - [client:400202]start a schedule task to get global/local catalog for negotiator, its period 5s 
2025-01-30 11:39:51.206 [pool-3-thread-1] INFO  com.rs.mv.mvvs.client.catalog.manager.U2CatalogManager - [client:400203]cache file auto update thread launch in object-inspect account
2025-01-30 11:39:51.206 [pool-3-thread-1] INFO  com.rs.mv.mvvs.client.catalog.from.config.DirsConfigReader - [client:400206]parse dir config information
2025-01-30 11:39:51.206 [pool-3-thread-1] INFO  com.rs.mv.mvvs.client.catalog.from.config.MappingConfigReader - [client:400207]parse mapping config information
2025-01-30 11:39:51.206 [pool-3-thread-1] INFO  com.rs.mv.mvvs.client.catalog.manager.U2CatalogManager - [client:400202]start a schedule task to get global/local catalog for object-inspect, its period 5s 
2025-01-30 11:39:51.206 [pool-3-thread-1] INFO  com.rs.mv.mvvs.client.catalog.manager.U2CatalogManager - [client:400203]cache file auto update thread launch in test account
2025-01-30 11:39:51.206 [pool-3-thread-1] INFO  com.rs.mv.mvvs.client.catalog.from.config.DirsConfigReader - [client:400206]parse dir config information
2025-01-30 11:39:51.207 [pool-3-thread-1] INFO  com.rs.mv.mvvs.client.catalog.from.config.MappingConfigReader - [client:400207]parse mapping config information
2025-01-30 11:39:51.207 [pool-3-thread-1] INFO  com.rs.mv.mvvs.client.catalog.manager.U2CatalogManager - [client:400202]start a schedule task to get global/local catalog for test, its period 5s 
2025-01-30 11:39:51.207 [pool-3-thread-1] INFO  com.rs.mv.mvvs.client.catalog.manager.U2CatalogManager - [client:400203]cache file auto update thread launch in qs account
2025-01-30 11:39:51.207 [pool-3-thread-1] INFO  com.rs.mv.mvvs.client.catalog.from.config.DirsConfigReader - [client:400206]parse dir config information
2025-01-30 11:39:51.207 [pool-3-thread-1] INFO  com.rs.mv.mvvs.client.catalog.from.config.MappingConfigReader - [client:400207]parse mapping config information
2025-01-30 11:39:51.207 [pool-3-thread-1] INFO  com.rs.mv.mvvs.client.catalog.manager.U2CatalogManager - [client:400202]start a schedule task to get global/local catalog for qs, its period 5s 
2025-01-30 11:39:51.207 [pool-3-thread-1] INFO  com.rs.mv.mvvs.client.catalog.manager.U2CatalogManager - [client:400203]cache file auto update thread launch in send account
2025-01-30 11:39:51.207 [pool-3-thread-1] INFO  com.rs.mv.mvvs.client.catalog.from.config.DirsConfigReader - [client:400206]parse dir config information
2025-01-30 11:39:51.207 [pool-3-thread-1] INFO  com.rs.mv.mvvs.client.catalog.from.config.MappingConfigReader - [client:400207]parse mapping config information
2025-01-30 11:39:51.207 [pool-3-thread-1] INFO  com.rs.mv.mvvs.client.catalog.manager.U2CatalogManager - [client:400202]start a schedule task to get global/local catalog for send, its period 5s 
2025-01-30 11:39:51.207 [pool-3-thread-1] INFO  com.rs.mv.mvvs.client.catalog.manager.U2CatalogManager - [client:400203]cache file auto update thread launch in node_modules account
2025-01-30 11:39:51.209 [pool-3-thread-1] INFO  com.rs.mv.mvvs.client.catalog.from.config.DirsConfigReader - [client:400206]parse dir config information
2025-01-30 11:39:51.209 [pool-3-thread-1] INFO  com.rs.mv.mvvs.client.catalog.from.config.MappingConfigReader - [client:400207]parse mapping config information
2025-01-30 11:39:51.209 [pool-3-thread-1] INFO  com.rs.mv.mvvs.client.catalog.manager.U2CatalogManager - [client:400202]start a schedule task to get global/local catalog for node_modules, its period 5s 
2025-01-30 11:39:51.210 [pool-3-thread-1] INFO  com.rs.mv.mvvs.client.catalog.manager.U2CatalogManager - [client:400203]cache file auto update thread launch in setprototypeof account
2025-01-30 11:39:51.210 [pool-3-thread-1] INFO  com.rs.mv.mvvs.client.catalog.from.config.DirsConfigReader - [client:400206]parse dir config information
2025-01-30 11:39:51.210 [pool-3-thread-1] INFO  com.rs.mv.mvvs.client.catalog.from.config.MappingConfigReader - [client:400207]parse mapping config information
2025-01-30 11:39:51.210 [pool-3-thread-1] INFO  com.rs.mv.mvvs.client.catalog.manager.U2CatalogManager - [client:400202]start a schedule task to get global/local catalog for setprototypeof, its period 5s 
2025-01-30 11:39:51.211 [pool-3-thread-1] INFO  com.rs.mv.mvvs.client.catalog.manager.U2CatalogManager - [client:400203]cache file auto update thread launch in side-channel account
2025-01-30 11:39:51.211 [pool-3-thread-1] INFO  com.rs.mv.mvvs.client.catalog.from.config.DirsConfigReader - [client:400206]parse dir config information
2025-01-30 11:39:51.211 [pool-3-thread-1] INFO  com.rs.mv.mvvs.client.catalog.from.config.MappingConfigReader - [client:400207]parse mapping config information
2025-01-30 11:39:51.211 [pool-3-thread-1] INFO  com.rs.mv.mvvs.client.catalog.manager.U2CatalogManager - [client:400202]start a schedule task to get global/local catalog for side-channel, its period 5s 
2025-01-30 11:39:51.211 [pool-3-thread-1] INFO  com.rs.mv.mvvs.client.catalog.manager.U2CatalogManager - [client:400203]cache file auto update thread launch in side-channel-list account
2025-01-30 11:39:51.212 [pool-3-thread-1] INFO  com.rs.mv.mvvs.client.catalog.from.config.DirsConfigReader - [client:400206]parse dir config information
2025-01-30 11:39:51.212 [pool-3-thread-1] INFO  com.rs.mv.mvvs.client.catalog.from.config.MappingConfigReader - [client:400207]parse mapping config information
2025-01-30 11:39:51.212 [pool-3-thread-1] INFO  com.rs.mv.mvvs.client.catalog.manager.U2CatalogManager - [client:400202]start a schedule task to get global/local catalog for side-channel-list, its period 5s 
2025-01-30 11:39:51.212 [pool-3-thread-1] INFO  com.rs.mv.mvvs.client.catalog.manager.U2CatalogManager - [client:400203]cache file auto update thread launch in side-channel-map account
2025-01-30 11:39:51.212 [pool-3-thread-1] INFO  com.rs.mv.mvvs.client.catalog.from.config.DirsConfigReader - [client:400206]parse dir config information
2025-01-30 11:39:51.212 [pool-3-thread-1] INFO  com.rs.mv.mvvs.client.catalog.from.config.MappingConfigReader - [client:400207]parse mapping config information
2025-01-30 11:39:51.213 [pool-3-thread-1] INFO  com.rs.mv.mvvs.client.catalog.manager.U2CatalogManager - [client:400202]start a schedule task to get global/local catalog for side-channel-map, its period 5s 
2025-01-30 11:39:51.213 [pool-3-thread-1] INFO  com.rs.mv.mvvs.client.catalog.manager.U2CatalogManager - [client:400203]cache file auto update thread launch in side-channel-weakmap account
2025-01-30 11:39:51.213 [pool-3-thread-1] INFO  com.rs.mv.mvvs.client.catalog.from.config.DirsConfigReader - [client:400206]parse dir config information
2025-01-30 11:39:51.213 [pool-3-thread-1] INFO  com.rs.mv.mvvs.client.catalog.from.config.MappingConfigReader - [client:400207]parse mapping config information
2025-01-30 11:39:51.213 [pool-3-thread-1] INFO  com.rs.mv.mvvs.client.catalog.manager.U2CatalogManager - [client:400202]start a schedule task to get global/local catalog for side-channel-weakmap, its period 5s 
2025-01-30 11:39:51.213 [pool-3-thread-1] INFO  com.rs.mv.mvvs.client.catalog.manager.U2CatalogManager - [client:400203]cache file auto update thread launch in D.Cookies-Authentification account
2025-01-30 11:39:51.213 [pool-3-thread-1] INFO  com.rs.mv.mvvs.client.catalog.from.config.DirsConfigReader - [client:400206]parse dir config information
2025-01-30 11:39:51.213 [pool-3-thread-1] INFO  com.rs.mv.mvvs.client.catalog.from.config.MappingConfigReader - [client:400207]parse mapping config information
2025-01-30 11:39:51.213 [pool-3-thread-1] INFO  com.rs.mv.mvvs.client.catalog.manager.U2CatalogManager - [client:400202]start a schedule task to get global/local catalog for D.Cookies-Authentification, its period 5s 
2025-01-30 11:39:51.213 [pool-3-thread-1] INFO  com.rs.mv.mvvs.client.catalog.manager.U2CatalogManager - [client:400203]cache file auto update thread launch in 01.Les cookies account
2025-01-30 11:39:51.213 [pool-3-thread-1] INFO  com.rs.mv.mvvs.client.catalog.from.config.DirsConfigReader - [client:400206]parse dir config information
2025-01-30 11:39:51.213 [pool-3-thread-1] INFO  com.rs.mv.mvvs.client.catalog.from.config.MappingConfigReader - [client:400207]parse mapping config information
2025-01-30 11:39:51.213 [pool-3-thread-1] INFO  com.rs.mv.mvvs.client.catalog.manager.U2CatalogManager - [client:400202]start a schedule task to get global/local catalog for 01.Les cookies, its period 5s 
2025-01-30 11:39:51.214 [pool-3-thread-1] INFO  com.rs.mv.mvvs.client.catalog.manager.U2CatalogManager - [client:400203]cache file auto update thread launch in node_modules account
2025-01-30 11:39:51.214 [pool-3-thread-1] INFO  com.rs.mv.mvvs.client.catalog.from.config.DirsConfigReader - [client:400206]parse dir config information
2025-01-30 11:39:51.214 [pool-3-thread-1] INFO  com.rs.mv.mvvs.client.catalog.from.config.MappingConfigReader - [client:400207]parse mapping config information
2025-01-30 11:39:51.214 [pool-3-thread-1] INFO  com.rs.mv.mvvs.client.catalog.manager.U2CatalogManager - [client:400202]start a schedule task to get global/local catalog for node_modules, its period 5s 
2025-01-30 11:39:51.214 [pool-3-thread-1] INFO  com.rs.mv.mvvs.client.catalog.manager.U2CatalogManager - [client:400203]cache file auto update thread launch in body-parser account
2025-01-30 11:39:51.214 [pool-3-thread-1] INFO  com.rs.mv.mvvs.client.catalog.from.config.DirsConfigReader - [client:400206]parse dir config information
2025-01-30 11:39:51.215 [pool-3-thread-1] INFO  com.rs.mv.mvvs.client.catalog.from.config.MappingConfigReader - [client:400207]parse mapping config information
2025-01-30 11:39:51.215 [pool-3-thread-1] INFO  com.rs.mv.mvvs.client.catalog.manager.U2CatalogManager - [client:400202]start a schedule task to get global/local catalog for body-parser, its period 5s 
2025-01-30 11:39:51.215 [pool-3-thread-1] INFO  com.rs.mv.mvvs.client.catalog.manager.U2CatalogManager - [client:400203]cache file auto update thread launch in lib account
2025-01-30 11:39:51.215 [pool-3-thread-1] INFO  com.rs.mv.mvvs.client.catalog.from.config.DirsConfigReader - [client:400206]parse dir config information
2025-01-30 11:39:51.215 [pool-3-thread-1] INFO  com.rs.mv.mvvs.client.catalog.from.config.MappingConfigReader - [client:400207]parse mapping config information
2025-01-30 11:39:51.215 [pool-3-thread-1] INFO  com.rs.mv.mvvs.client.catalog.manager.U2CatalogManager - [client:400202]start a schedule task to get global/local catalog for lib, its period 5s 
2025-01-30 11:39:51.216 [pool-3-thread-1] INFO  com.rs.mv.mvvs.client.catalog.manager.U2CatalogManager - [client:400203]cache file auto update thread launch in call-bind-apply-helpers account
2025-01-30 11:39:51.216 [pool-3-thread-1] INFO  com.rs.mv.mvvs.client.catalog.from.config.DirsConfigReader - [client:400206]parse dir config information
2025-01-30 11:39:51.216 [pool-3-thread-1] INFO  com.rs.mv.mvvs.client.catalog.from.config.MappingConfigReader - [client:400207]parse mapping config information
2025-01-30 11:39:51.216 [pool-3-thread-1] INFO  com.rs.mv.mvvs.client.catalog.manager.U2CatalogManager - [client:400202]start a schedule task to get global/local catalog for call-bind-apply-helpers, its period 5s 
2025-01-30 11:39:51.216 [pool-3-thread-1] INFO  com.rs.mv.mvvs.client.catalog.manager.U2CatalogManager - [client:400203]cache file auto update thread launch in call-bound account
2025-01-30 11:39:51.217 [pool-3-thread-1] INFO  com.rs.mv.mvvs.client.catalog.from.config.DirsConfigReader - [client:400206]parse dir config information
2025-01-30 11:39:51.217 [pool-3-thread-1] INFO  com.rs.mv.mvvs.client.catalog.from.config.MappingConfigReader - [client:400207]parse mapping config information
2025-01-30 11:39:51.217 [pool-3-thread-1] INFO  com.rs.mv.mvvs.client.catalog.manager.U2CatalogManager - [client:400202]start a schedule task to get global/local catalog for call-bound, its period 5s 
2025-01-30 11:39:51.217 [pool-3-thread-1] INFO  com.rs.mv.mvvs.client.catalog.manager.U2CatalogManager - [client:400203]cache file auto update thread launch in cookie-parser account
2025-01-30 11:39:51.217 [pool-3-thread-1] INFO  com.rs.mv.mvvs.client.catalog.from.config.DirsConfigReader - [client:400206]parse dir config information
2025-01-30 11:39:51.217 [pool-3-thread-1] INFO  com.rs.mv.mvvs.client.catalog.from.config.MappingConfigReader - [client:400207]parse mapping config information
2025-01-30 11:39:51.218 [pool-3-thread-1] INFO  com.rs.mv.mvvs.client.catalog.manager.U2CatalogManager - [client:400202]start a schedule task to get global/local catalog for cookie-parser, its period 5s 
2025-01-30 11:39:51.218 [pool-3-thread-1] INFO  com.rs.mv.mvvs.client.catalog.manager.U2CatalogManager - [client:400203]cache file auto update thread launch in node_modules account
2025-01-30 11:39:51.218 [pool-3-thread-1] INFO  com.rs.mv.mvvs.client.catalog.from.config.DirsConfigReader - [client:400206]parse dir config information
2025-01-30 11:39:51.218 [pool-3-thread-1] INFO  com.rs.mv.mvvs.client.catalog.from.config.MappingConfigReader - [client:400207]parse mapping config information
2025-01-30 11:39:51.219 [pool-3-thread-1] INFO  com.rs.mv.mvvs.client.catalog.manager.U2CatalogManager - [client:400202]start a schedule task to get global/local catalog for node_modules, its period 5s 
2025-01-30 11:39:51.219 [pool-3-thread-1] INFO  com.rs.mv.mvvs.client.catalog.manager.U2CatalogManager - [client:400203]cache file auto update thread launch in debug account
2025-01-30 11:39:51.219 [pool-3-thread-1] INFO  com.rs.mv.mvvs.client.catalog.from.config.DirsConfigReader - [client:400206]parse dir config information
2025-01-30 11:39:51.219 [pool-3-thread-1] INFO  com.rs.mv.mvvs.client.catalog.from.config.MappingConfigReader - [client:400207]parse mapping config information
2025-01-30 11:39:51.220 [pool-3-thread-1] INFO  com.rs.mv.mvvs.client.catalog.manager.U2CatalogManager - [client:400202]start a schedule task to get global/local catalog for debug, its period 5s 
2025-01-30 11:39:51.220 [pool-3-thread-1] INFO  com.rs.mv.mvvs.client.catalog.manager.U2CatalogManager - [client:400203]cache file auto update thread launch in depd account
2025-01-30 11:39:51.220 [pool-3-thread-1] INFO  com.rs.mv.mvvs.client.catalog.from.config.DirsConfigReader - [client:400206]parse dir config information
2025-01-30 11:39:51.220 [pool-3-thread-1] INFO  com.rs.mv.mvvs.client.catalog.from.config.MappingConfigReader - [client:400207]parse mapping config information
2025-01-30 11:39:51.220 [pool-3-thread-1] INFO  com.rs.mv.mvvs.client.catalog.manager.U2CatalogManager - [client:400202]start a schedule task to get global/local catalog for depd, its period 5s 
2025-01-30 11:39:51.220 [pool-3-thread-1] INFO  com.rs.mv.mvvs.client.catalog.manager.U2CatalogManager - [client:400203]cache file auto update thread launch in lib account
2025-01-30 11:39:51.221 [pool-3-thread-1] INFO  com.rs.mv.mvvs.client.catalog.from.config.DirsConfigReader - [client:400206]parse dir config information
2025-01-30 11:39:51.221 [pool-3-thread-1] INFO  com.rs.mv.mvvs.client.catalog.from.config.MappingConfigReader - [client:400207]parse mapping config information
2025-01-30 11:39:51.221 [pool-3-thread-1] INFO  com.rs.mv.mvvs.client.catalog.manager.U2CatalogManager - [client:400202]start a schedule task to get global/local catalog for lib, its period 5s 
2025-01-30 11:39:51.221 [pool-3-thread-1] INFO  com.rs.mv.mvvs.client.catalog.manager.U2CatalogManager - [client:400203]cache file auto update thread launch in dunder-proto account
2025-01-30 11:39:51.221 [pool-3-thread-1] INFO  com.rs.mv.mvvs.client.catalog.from.config.DirsConfigReader - [client:400206]parse dir config information
2025-01-30 11:39:51.221 [pool-3-thread-1] INFO  com.rs.mv.mvvs.client.catalog.from.config.MappingConfigReader - [client:400207]parse mapping config information
2025-01-30 11:39:51.222 [pool-3-thread-1] INFO  com.rs.mv.mvvs.client.catalog.manager.U2CatalogManager - [client:400202]start a schedule task to get global/local catalog for dunder-proto, its period 5s 
2025-01-30 11:39:51.222 [pool-3-thread-1] INFO  com.rs.mv.mvvs.client.catalog.manager.U2CatalogManager - [client:400203]cache file auto update thread launch in es-define-property account
2025-01-30 11:39:51.222 [pool-3-thread-1] INFO  com.rs.mv.mvvs.client.catalog.from.config.DirsConfigReader - [client:400206]parse dir config information
2025-01-30 11:39:51.222 [pool-3-thread-1] INFO  com.rs.mv.mvvs.client.catalog.from.config.MappingConfigReader - [client:400207]parse mapping config information
2025-01-30 11:39:51.222 [pool-3-thread-1] INFO  com.rs.mv.mvvs.client.catalog.manager.U2CatalogManager - [client:400202]start a schedule task to get global/local catalog for es-define-property, its period 5s 
2025-01-30 11:39:51.222 [pool-3-thread-1] INFO  com.rs.mv.mvvs.client.catalog.manager.U2CatalogManager - [client:400203]cache file auto update thread launch in es-errors account
2025-01-30 11:39:51.222 [pool-3-thread-1] INFO  com.rs.mv.mvvs.client.catalog.from.config.DirsConfigReader - [client:400206]parse dir config information
2025-01-30 11:39:51.223 [pool-3-thread-1] INFO  com.rs.mv.mvvs.client.catalog.from.config.MappingConfigReader - [client:400207]parse mapping config information
2025-01-30 11:39:51.223 [pool-3-thread-1] INFO  com.rs.mv.mvvs.client.catalog.manager.U2CatalogManager - [client:400202]start a schedule task to get global/local catalog for es-errors, its period 5s 
2025-01-30 11:39:51.223 [pool-3-thread-1] INFO  com.rs.mv.mvvs.client.catalog.manager.U2CatalogManager - [client:400203]cache file auto update thread launch in es-object-atoms account
2025-01-30 11:39:51.223 [pool-3-thread-1] INFO  com.rs.mv.mvvs.client.catalog.from.config.DirsConfigReader - [client:400206]parse dir config information
2025-01-30 11:39:51.223 [pool-3-thread-1] INFO  com.rs.mv.mvvs.client.catalog.from.config.MappingConfigReader - [client:400207]parse mapping config information
2025-01-30 11:39:51.223 [pool-3-thread-1] INFO  com.rs.mv.mvvs.client.catalog.manager.U2CatalogManager - [client:400202]start a schedule task to get global/local catalog for es-object-atoms, its period 5s 
2025-01-30 11:39:51.224 [pool-3-thread-1] INFO  com.rs.mv.mvvs.client.catalog.manager.U2CatalogManager - [client:400203]cache file auto update thread launch in express account
2025-01-30 11:39:51.224 [pool-3-thread-1] INFO  com.rs.mv.mvvs.client.catalog.from.config.DirsConfigReader - [client:400206]parse dir config information
2025-01-30 11:39:51.224 [pool-3-thread-1] INFO  com.rs.mv.mvvs.client.catalog.from.config.MappingConfigReader - [client:400207]parse mapping config information
2025-01-30 11:39:51.224 [pool-3-thread-1] INFO  com.rs.mv.mvvs.client.catalog.manager.U2CatalogManager - [client:400202]start a schedule task to get global/local catalog for express, its period 5s 
2025-01-30 11:39:51.224 [pool-3-thread-1] INFO  com.rs.mv.mvvs.client.catalog.manager.U2CatalogManager - [client:400203]cache file auto update thread launch in lib account
2025-01-30 11:39:51.224 [pool-3-thread-1] INFO  com.rs.mv.mvvs.client.catalog.from.config.DirsConfigReader - [client:400206]parse dir config information
2025-01-30 11:39:51.225 [pool-3-thread-1] INFO  com.rs.mv.mvvs.client.catalog.from.config.MappingConfigReader - [client:400207]parse mapping config information
2025-01-30 11:39:51.225 [pool-3-thread-1] INFO  com.rs.mv.mvvs.client.catalog.manager.U2CatalogManager - [client:400202]start a schedule task to get global/local catalog for lib, its period 5s 
2025-01-30 11:39:51.225 [pool-3-thread-1] INFO  com.rs.mv.mvvs.client.catalog.manager.U2CatalogManager - [client:400203]cache file auto update thread launch in function-bind account
2025-01-30 11:39:51.225 [pool-3-thread-1] INFO  com.rs.mv.mvvs.client.catalog.from.config.DirsConfigReader - [client:400206]parse dir config information
2025-01-30 11:39:51.225 [pool-3-thread-1] INFO  com.rs.mv.mvvs.client.catalog.from.config.MappingConfigReader - [client:400207]parse mapping config information
2025-01-30 11:39:51.225 [pool-3-thread-1] INFO  com.rs.mv.mvvs.client.catalog.manager.U2CatalogManager - [client:400202]start a schedule task to get global/local catalog for function-bind, its period 5s 
2025-01-30 11:39:51.226 [pool-3-thread-1] INFO  com.rs.mv.mvvs.client.catalog.manager.U2CatalogManager - [client:400203]cache file auto update thread launch in get-intrinsic account
2025-01-30 11:39:51.226 [pool-3-thread-1] INFO  com.rs.mv.mvvs.client.catalog.from.config.DirsConfigReader - [client:400206]parse dir config information
2025-01-30 11:39:51.226 [pool-3-thread-1] INFO  com.rs.mv.mvvs.client.catalog.from.config.MappingConfigReader - [client:400207]parse mapping config information
2025-01-30 11:39:51.226 [pool-3-thread-1] INFO  com.rs.mv.mvvs.client.catalog.manager.U2CatalogManager - [client:400202]start a schedule task to get global/local catalog for get-intrinsic, its period 5s 
2025-01-30 11:39:51.226 [pool-3-thread-1] INFO  com.rs.mv.mvvs.client.catalog.manager.U2CatalogManager - [client:400203]cache file auto update thread launch in get-proto account
2025-01-30 11:39:51.227 [pool-3-thread-1] INFO  com.rs.mv.mvvs.client.catalog.from.config.DirsConfigReader - [client:400206]parse dir config information
2025-01-30 11:39:51.227 [pool-3-thread-1] INFO  com.rs.mv.mvvs.client.catalog.from.config.MappingConfigReader - [client:400207]parse mapping config information
2025-01-30 11:39:51.227 [pool-3-thread-1] INFO  com.rs.mv.mvvs.client.catalog.manager.U2CatalogManager - [client:400202]start a schedule task to get global/local catalog for get-proto, its period 5s 
2025-01-30 11:39:51.227 [pool-3-thread-1] INFO  com.rs.mv.mvvs.client.catalog.manager.U2CatalogManager - [client:400203]cache file auto update thread launch in gopd account
2025-01-30 11:39:51.227 [pool-3-thread-1] INFO  com.rs.mv.mvvs.client.catalog.from.config.DirsConfigReader - [client:400206]parse dir config information
2025-01-30 11:39:51.227 [pool-3-thread-1] INFO  com.rs.mv.mvvs.client.catalog.from.config.MappingConfigReader - [client:400207]parse mapping config information
2025-01-30 11:39:51.228 [pool-3-thread-1] INFO  com.rs.mv.mvvs.client.catalog.manager.U2CatalogManager - [client:400202]start a schedule task to get global/local catalog for gopd, its period 5s 
2025-01-30 11:39:51.228 [pool-3-thread-1] INFO  com.rs.mv.mvvs.client.catalog.manager.U2CatalogManager - [client:400203]cache file auto update thread launch in has-symbols account
2025-01-30 11:39:51.228 [pool-3-thread-1] INFO  com.rs.mv.mvvs.client.catalog.from.config.DirsConfigReader - [client:400206]parse dir config information
2025-01-30 11:39:51.228 [pool-3-thread-1] INFO  com.rs.mv.mvvs.client.catalog.from.config.MappingConfigReader - [client:400207]parse mapping config information
2025-01-30 11:39:51.228 [pool-3-thread-1] INFO  com.rs.mv.mvvs.client.catalog.manager.U2CatalogManager - [client:400202]start a schedule task to get global/local catalog for has-symbols, its period 5s 
2025-01-30 11:39:51.229 [pool-3-thread-1] INFO  com.rs.mv.mvvs.client.catalog.manager.U2CatalogManager - [client:400203]cache file auto update thread launch in test account
2025-01-30 11:39:51.229 [pool-3-thread-1] INFO  com.rs.mv.mvvs.client.catalog.from.config.DirsConfigReader - [client:400206]parse dir config information
2025-01-30 11:39:51.229 [pool-3-thread-1] INFO  com.rs.mv.mvvs.client.catalog.from.config.MappingConfigReader - [client:400207]parse mapping config information
2025-01-30 11:39:51.229 [pool-3-thread-1] INFO  com.rs.mv.mvvs.client.catalog.manager.U2CatalogManager - [client:400202]start a schedule task to get global/local catalog for test, its period 5s 
2025-01-30 11:39:51.229 [pool-3-thread-1] INFO  com.rs.mv.mvvs.client.catalog.manager.U2CatalogManager - [client:400203]cache file auto update thread launch in hasown account
2025-01-30 11:39:51.230 [pool-3-thread-1] INFO  com.rs.mv.mvvs.client.catalog.from.config.DirsConfigReader - [client:400206]parse dir config information
2025-01-30 11:39:51.230 [pool-3-thread-1] INFO  com.rs.mv.mvvs.client.catalog.from.config.MappingConfigReader - [client:400207]parse mapping config information
2025-01-30 11:39:51.230 [pool-3-thread-1] INFO  com.rs.mv.mvvs.client.catalog.manager.U2CatalogManager - [client:400202]start a schedule task to get global/local catalog for hasown, its period 5s 
2025-01-30 11:39:51.230 [pool-3-thread-1] INFO  com.rs.mv.mvvs.client.catalog.manager.U2CatalogManager - [client:400203]cache file auto update thread launch in iconv-lite account
2025-01-30 11:39:51.230 [pool-3-thread-1] INFO  com.rs.mv.mvvs.client.catalog.from.config.DirsConfigReader - [client:400206]parse dir config information
2025-01-30 11:39:51.231 [pool-3-thread-1] INFO  com.rs.mv.mvvs.client.catalog.from.config.MappingConfigReader - [client:400207]parse mapping config information
2025-01-30 11:39:51.231 [pool-3-thread-1] INFO  com.rs.mv.mvvs.client.catalog.manager.U2CatalogManager - [client:400202]start a schedule task to get global/local catalog for iconv-lite, its period 5s 
2025-01-30 11:39:51.231 [pool-3-thread-1] INFO  com.rs.mv.mvvs.client.catalog.manager.U2CatalogManager - [client:400203]cache file auto update thread launch in encodings account
2025-01-30 11:39:51.231 [pool-3-thread-1] INFO  com.rs.mv.mvvs.client.catalog.from.config.DirsConfigReader - [client:400206]parse dir config information
2025-01-30 11:39:51.231 [pool-3-thread-1] INFO  com.rs.mv.mvvs.client.catalog.from.config.MappingConfigReader - [client:400207]parse mapping config information
2025-01-30 11:39:51.232 [pool-3-thread-1] INFO  com.rs.mv.mvvs.client.catalog.manager.U2CatalogManager - [client:400202]start a schedule task to get global/local catalog for encodings, its period 5s 
2025-01-30 11:39:51.232 [pool-3-thread-1] INFO  com.rs.mv.mvvs.client.catalog.manager.U2CatalogManager - [client:400203]cache file auto update thread launch in ipaddr.js account
2025-01-30 11:39:51.232 [pool-3-thread-1] INFO  com.rs.mv.mvvs.client.catalog.from.config.DirsConfigReader - [client:400206]parse dir config information
2025-01-30 11:39:51.232 [pool-3-thread-1] INFO  com.rs.mv.mvvs.client.catalog.from.config.MappingConfigReader - [client:400207]parse mapping config information
2025-01-30 11:39:51.232 [pool-3-thread-1] INFO  com.rs.mv.mvvs.client.catalog.manager.U2CatalogManager - [client:400202]start a schedule task to get global/local catalog for ipaddr.js, its period 5s 
2025-01-30 11:39:51.232 [pool-3-thread-1] INFO  com.rs.mv.mvvs.client.catalog.manager.U2CatalogManager - [client:400203]cache file auto update thread launch in loader account
2025-01-30 11:39:51.233 [pool-3-thread-1] INFO  com.rs.mv.mvvs.client.catalog.from.config.DirsConfigReader - [client:400206]parse dir config information
2025-01-30 11:39:51.233 [pool-3-thread-1] INFO  com.rs.mv.mvvs.client.catalog.from.config.MappingConfigReader - [client:400207]parse mapping config information
2025-01-30 11:39:51.233 [pool-3-thread-1] INFO  com.rs.mv.mvvs.client.catalog.manager.U2CatalogManager - [client:400202]start a schedule task to get global/local catalog for loader, its period 5s 
2025-01-30 11:39:51.233 [pool-3-thread-1] INFO  com.rs.mv.mvvs.client.catalog.manager.U2CatalogManager - [client:400203]cache file auto update thread launch in coverage account
2025-01-30 11:39:51.233 [pool-3-thread-1] INFO  com.rs.mv.mvvs.client.catalog.from.config.DirsConfigReader - [client:400206]parse dir config information
2025-01-30 11:39:51.233 [pool-3-thread-1] INFO  com.rs.mv.mvvs.client.catalog.from.config.MappingConfigReader - [client:400207]parse mapping config information
2025-01-30 11:39:51.233 [pool-3-thread-1] INFO  com.rs.mv.mvvs.client.catalog.manager.U2CatalogManager - [client:400202]start a schedule task to get global/local catalog for coverage, its period 5s 
2025-01-30 11:39:51.234 [pool-3-thread-1] INFO  com.rs.mv.mvvs.client.catalog.manager.U2CatalogManager - [client:400203]cache file auto update thread launch in loader account
2025-01-30 11:39:51.234 [pool-3-thread-1] INFO  com.rs.mv.mvvs.client.catalog.from.config.DirsConfigReader - [client:400206]parse dir config information
2025-01-30 11:39:51.234 [pool-3-thread-1] INFO  com.rs.mv.mvvs.client.catalog.from.config.MappingConfigReader - [client:400207]parse mapping config information
2025-01-30 11:39:51.234 [pool-3-thread-1] INFO  com.rs.mv.mvvs.client.catalog.manager.U2CatalogManager - [client:400202]start a schedule task to get global/local catalog for loader, its period 5s 
2025-01-30 11:39:51.234 [pool-3-thread-1] INFO  com.rs.mv.mvvs.client.catalog.manager.U2CatalogManager - [client:400203]cache file auto update thread launch in math-intrinsics account
2025-01-30 11:39:51.235 [pool-3-thread-1] INFO  com.rs.mv.mvvs.client.catalog.from.config.DirsConfigReader - [client:400206]parse dir config information
2025-01-30 11:39:51.235 [pool-3-thread-1] INFO  com.rs.mv.mvvs.client.catalog.from.config.MappingConfigReader - [client:400207]parse mapping config information
2025-01-30 11:39:51.235 [pool-3-thread-1] INFO  com.rs.mv.mvvs.client.catalog.manager.U2CatalogManager - [client:400202]start a schedule task to get global/local catalog for math-intrinsics, its period 5s 
2025-01-30 11:39:51.235 [pool-3-thread-1] INFO  com.rs.mv.mvvs.client.catalog.manager.U2CatalogManager - [client:400203]cache file auto update thread launch in mime account
2025-01-30 11:39:51.235 [pool-3-thread-1] INFO  com.rs.mv.mvvs.client.catalog.from.config.DirsConfigReader - [client:400206]parse dir config information
2025-01-30 11:39:51.235 [pool-3-thread-1] INFO  com.rs.mv.mvvs.client.catalog.from.config.MappingConfigReader - [client:400207]parse mapping config information
2025-01-30 11:39:51.236 [pool-3-thread-1] INFO  com.rs.mv.mvvs.client.catalog.manager.U2CatalogManager - [client:400202]start a schedule task to get global/local catalog for mime, its period 5s 
2025-01-30 11:39:51.236 [pool-3-thread-1] INFO  com.rs.mv.mvvs.client.catalog.manager.U2CatalogManager - [client:400203]cache file auto update thread launch in negotiator account
2025-01-30 11:39:51.236 [pool-3-thread-1] INFO  com.rs.mv.mvvs.client.catalog.from.config.DirsConfigReader - [client:400206]parse dir config information
2025-01-30 11:39:51.236 [pool-3-thread-1] INFO  com.rs.mv.mvvs.client.catalog.from.config.MappingConfigReader - [client:400207]parse mapping config information
2025-01-30 11:39:51.236 [pool-3-thread-1] INFO  com.rs.mv.mvvs.client.catalog.manager.U2CatalogManager - [client:400202]start a schedule task to get global/local catalog for negotiator, its period 5s 
2025-01-30 11:39:51.237 [pool-3-thread-1] INFO  com.rs.mv.mvvs.client.catalog.manager.U2CatalogManager - [client:400203]cache file auto update thread launch in object-inspect account
2025-01-30 11:39:51.237 [pool-3-thread-1] INFO  com.rs.mv.mvvs.client.catalog.from.config.DirsConfigReader - [client:400206]parse dir config information
2025-01-30 11:39:51.237 [pool-3-thread-1] INFO  com.rs.mv.mvvs.client.catalog.from.config.MappingConfigReader - [client:400207]parse mapping config information
2025-01-30 11:39:51.237 [pool-3-thread-1] INFO  com.rs.mv.mvvs.client.catalog.manager.U2CatalogManager - [client:400202]start a schedule task to get global/local catalog for object-inspect, its period 5s 
2025-01-30 11:39:51.237 [pool-3-thread-1] INFO  com.rs.mv.mvvs.client.catalog.manager.U2CatalogManager - [client:400203]cache file auto update thread launch in test account
2025-01-30 11:39:51.237 [pool-3-thread-1] INFO  com.rs.mv.mvvs.client.catalog.from.config.DirsConfigReader - [client:400206]parse dir config information
2025-01-30 11:39:51.237 [pool-3-thread-1] INFO  com.rs.mv.mvvs.client.catalog.from.config.MappingConfigReader - [client:400207]parse mapping config information
2025-01-30 11:39:51.237 [pool-3-thread-1] INFO  com.rs.mv.mvvs.client.catalog.manager.U2CatalogManager - [client:400202]start a schedule task to get global/local catalog for test, its period 5s 
2025-01-30 11:39:51.237 [pool-3-thread-1] INFO  com.rs.mv.mvvs.client.catalog.manager.U2CatalogManager - [client:400203]cache file auto update thread launch in qs account
2025-01-30 11:39:51.237 [pool-3-thread-1] INFO  com.rs.mv.mvvs.client.catalog.from.config.DirsConfigReader - [client:400206]parse dir config information
2025-01-30 11:39:51.239 [pool-3-thread-1] INFO  com.rs.mv.mvvs.client.catalog.from.config.MappingConfigReader - [client:400207]parse mapping config information
2025-01-30 11:39:51.239 [pool-3-thread-1] INFO  com.rs.mv.mvvs.client.catalog.manager.U2CatalogManager - [client:400202]start a schedule task to get global/local catalog for qs, its period 5s 
2025-01-30 11:39:51.239 [pool-3-thread-1] INFO  com.rs.mv.mvvs.client.catalog.manager.U2CatalogManager - [client:400203]cache file auto update thread launch in send account
2025-01-30 11:39:51.239 [pool-3-thread-1] INFO  com.rs.mv.mvvs.client.catalog.from.config.DirsConfigReader - [client:400206]parse dir config information
2025-01-30 11:39:51.239 [pool-3-thread-1] INFO  com.rs.mv.mvvs.client.catalog.from.config.MappingConfigReader - [client:400207]parse mapping config information
2025-01-30 11:39:51.239 [pool-3-thread-1] INFO  com.rs.mv.mvvs.client.catalog.manager.U2CatalogManager - [client:400202]start a schedule task to get global/local catalog for send, its period 5s 
2025-01-30 11:39:51.239 [pool-3-thread-1] INFO  com.rs.mv.mvvs.client.catalog.manager.U2CatalogManager - [client:400203]cache file auto update thread launch in node_modules account
2025-01-30 11:39:51.239 [pool-3-thread-1] INFO  com.rs.mv.mvvs.client.catalog.from.config.DirsConfigReader - [client:400206]parse dir config information
2025-01-30 11:39:51.239 [pool-3-thread-1] INFO  com.rs.mv.mvvs.client.catalog.from.config.MappingConfigReader - [client:400207]parse mapping config information
2025-01-30 11:39:51.239 [pool-3-thread-1] INFO  com.rs.mv.mvvs.client.catalog.manager.U2CatalogManager - [client:400202]start a schedule task to get global/local catalog for node_modules, its period 5s 
2025-01-30 11:39:51.239 [pool-3-thread-1] INFO  com.rs.mv.mvvs.client.catalog.manager.U2CatalogManager - [client:400203]cache file auto update thread launch in setprototypeof account
2025-01-30 11:39:51.240 [pool-3-thread-1] INFO  com.rs.mv.mvvs.client.catalog.from.config.DirsConfigReader - [client:400206]parse dir config information
2025-01-30 11:39:51.240 [pool-3-thread-1] INFO  com.rs.mv.mvvs.client.catalog.from.config.MappingConfigReader - [client:400207]parse mapping config information
2025-01-30 11:39:51.240 [pool-3-thread-1] INFO  com.rs.mv.mvvs.client.catalog.manager.U2CatalogManager - [client:400202]start a schedule task to get global/local catalog for setprototypeof, its period 5s 
2025-01-30 11:39:51.240 [pool-3-thread-1] INFO  com.rs.mv.mvvs.client.catalog.manager.U2CatalogManager - [client:400203]cache file auto update thread launch in side-channel account
2025-01-30 11:39:51.240 [pool-3-thread-1] INFO  com.rs.mv.mvvs.client.catalog.from.config.DirsConfigReader - [client:400206]parse dir config information
2025-01-30 11:39:51.240 [pool-3-thread-1] INFO  com.rs.mv.mvvs.client.catalog.from.config.MappingConfigReader - [client:400207]parse mapping config information
2025-01-30 11:39:51.241 [pool-3-thread-1] INFO  com.rs.mv.mvvs.client.catalog.manager.U2CatalogManager - [client:400202]start a schedule task to get global/local catalog for side-channel, its period 5s 
2025-01-30 11:39:51.241 [pool-3-thread-1] INFO  com.rs.mv.mvvs.client.catalog.manager.U2CatalogManager - [client:400203]cache file auto update thread launch in side-channel-list account
2025-01-30 11:39:51.241 [pool-3-thread-1] INFO  com.rs.mv.mvvs.client.catalog.from.config.DirsConfigReader - [client:400206]parse dir config information
2025-01-30 11:39:51.241 [pool-3-thread-1] INFO  com.rs.mv.mvvs.client.catalog.from.config.MappingConfigReader - [client:400207]parse mapping config information
2025-01-30 11:39:51.242 [pool-3-thread-1] INFO  com.rs.mv.mvvs.client.catalog.manager.U2CatalogManager - [client:400202]start a schedule task to get global/local catalog for side-channel-list, its period 5s 
2025-01-30 11:39:51.242 [pool-3-thread-1] INFO  com.rs.mv.mvvs.client.catalog.manager.U2CatalogManager - [client:400203]cache file auto update thread launch in side-channel-map account
2025-01-30 11:39:51.242 [pool-3-thread-1] INFO  com.rs.mv.mvvs.client.catalog.from.config.DirsConfigReader - [client:400206]parse dir config information
2025-01-30 11:39:51.242 [pool-3-thread-1] INFO  com.rs.mv.mvvs.client.catalog.from.config.MappingConfigReader - [client:400207]parse mapping config information
2025-01-30 11:39:51.242 [pool-3-thread-1] INFO  com.rs.mv.mvvs.client.catalog.manager.U2CatalogManager - [client:400202]start a schedule task to get global/local catalog for side-channel-map, its period 5s 
2025-01-30 11:39:51.243 [pool-3-thread-1] INFO  com.rs.mv.mvvs.client.catalog.manager.U2CatalogManager - [client:400203]cache file auto update thread launch in side-channel-weakmap account
2025-01-30 11:39:51.243 [pool-3-thread-1] INFO  com.rs.mv.mvvs.client.catalog.from.config.DirsConfigReader - [client:400206]parse dir config information
2025-01-30 11:39:51.243 [pool-3-thread-1] INFO  com.rs.mv.mvvs.client.catalog.from.config.MappingConfigReader - [client:400207]parse mapping config information
2025-01-30 11:39:51.243 [pool-3-thread-1] INFO  com.rs.mv.mvvs.client.catalog.manager.U2CatalogManager - [client:400202]start a schedule task to get global/local catalog for side-channel-weakmap, its period 5s 
2025-01-30 11:39:51.244 [pool-3-thread-1] INFO  com.rs.mv.mvvs.client.catalog.manager.U2CatalogManager - [client:400203]cache file auto update thread launch in 02.Exercice-Gestionnaire de cookies account
2025-01-30 11:39:51.244 [pool-3-thread-1] INFO  com.rs.mv.mvvs.client.catalog.from.config.DirsConfigReader - [client:400206]parse dir config information
2025-01-30 11:39:51.244 [pool-3-thread-1] INFO  com.rs.mv.mvvs.client.catalog.from.config.MappingConfigReader - [client:400207]parse mapping config information
2025-01-30 11:39:51.244 [pool-3-thread-1] INFO  com.rs.mv.mvvs.client.catalog.manager.U2CatalogManager - [client:400202]start a schedule task to get global/local catalog for 02.Exercice-Gestionnaire de cookies, its period 5s 
2025-01-30 11:39:51.244 [pool-3-thread-1] INFO  com.rs.mv.mvvs.client.catalog.manager.U2CatalogManager - [client:400203]cache file auto update thread launch in node_modules account
2025-01-30 11:39:51.244 [pool-3-thread-1] INFO  com.rs.mv.mvvs.client.catalog.from.config.DirsConfigReader - [client:400206]parse dir config information
2025-01-30 11:39:51.244 [pool-3-thread-1] INFO  com.rs.mv.mvvs.client.catalog.from.config.MappingConfigReader - [client:400207]parse mapping config information
2025-01-30 11:39:51.245 [pool-3-thread-1] INFO  com.rs.mv.mvvs.client.catalog.manager.U2CatalogManager - [client:400202]start a schedule task to get global/local catalog for node_modules, its period 5s 
2025-01-30 11:39:51.245 [pool-3-thread-1] INFO  com.rs.mv.mvvs.client.catalog.manager.U2CatalogManager - [client:400203]cache file auto update thread launch in body-parser account
2025-01-30 11:39:51.245 [pool-3-thread-1] INFO  com.rs.mv.mvvs.client.catalog.from.config.DirsConfigReader - [client:400206]parse dir config information
2025-01-30 11:39:51.245 [pool-3-thread-1] INFO  com.rs.mv.mvvs.client.catalog.from.config.MappingConfigReader - [client:400207]parse mapping config information
2025-01-30 11:39:51.246 [pool-3-thread-1] INFO  com.rs.mv.mvvs.client.catalog.manager.U2CatalogManager - [client:400202]start a schedule task to get global/local catalog for body-parser, its period 5s 
2025-01-30 11:39:51.246 [pool-3-thread-1] INFO  com.rs.mv.mvvs.client.catalog.manager.U2CatalogManager - [client:400203]cache file auto update thread launch in lib account
2025-01-30 11:39:51.246 [pool-3-thread-1] INFO  com.rs.mv.mvvs.client.catalog.from.config.DirsConfigReader - [client:400206]parse dir config information
2025-01-30 11:39:51.246 [pool-3-thread-1] INFO  com.rs.mv.mvvs.client.catalog.from.config.MappingConfigReader - [client:400207]parse mapping config information
2025-01-30 11:39:51.246 [pool-3-thread-1] INFO  com.rs.mv.mvvs.client.catalog.manager.U2CatalogManager - [client:400202]start a schedule task to get global/local catalog for lib, its period 5s 
2025-01-30 11:39:51.246 [pool-3-thread-1] INFO  com.rs.mv.mvvs.client.catalog.manager.U2CatalogManager - [client:400203]cache file auto update thread launch in call-bind-apply-helpers account
2025-01-30 11:39:51.247 [pool-3-thread-1] INFO  com.rs.mv.mvvs.client.catalog.from.config.DirsConfigReader - [client:400206]parse dir config information
2025-01-30 11:39:51.247 [pool-3-thread-1] INFO  com.rs.mv.mvvs.client.catalog.from.config.MappingConfigReader - [client:400207]parse mapping config information
2025-01-30 11:39:51.247 [pool-3-thread-1] INFO  com.rs.mv.mvvs.client.catalog.manager.U2CatalogManager - [client:400202]start a schedule task to get global/local catalog for call-bind-apply-helpers, its period 5s 
2025-01-30 11:39:51.247 [pool-3-thread-1] INFO  com.rs.mv.mvvs.client.catalog.manager.U2CatalogManager - [client:400203]cache file auto update thread launch in call-bound account
2025-01-30 11:39:51.247 [pool-3-thread-1] INFO  com.rs.mv.mvvs.client.catalog.from.config.DirsConfigReader - [client:400206]parse dir config information
2025-01-30 11:39:51.247 [pool-3-thread-1] INFO  com.rs.mv.mvvs.client.catalog.from.config.MappingConfigReader - [client:400207]parse mapping config information
2025-01-30 11:39:51.247 [pool-3-thread-1] INFO  com.rs.mv.mvvs.client.catalog.manager.U2CatalogManager - [client:400202]start a schedule task to get global/local catalog for call-bound, its period 5s 
2025-01-30 11:39:51.248 [pool-3-thread-1] INFO  com.rs.mv.mvvs.client.catalog.manager.U2CatalogManager - [client:400203]cache file auto update thread launch in debug account
2025-01-30 11:39:51.248 [pool-3-thread-1] INFO  com.rs.mv.mvvs.client.catalog.from.config.DirsConfigReader - [client:400206]parse dir config information
2025-01-30 11:39:51.248 [pool-3-thread-1] INFO  com.rs.mv.mvvs.client.catalog.from.config.MappingConfigReader - [client:400207]parse mapping config information
2025-01-30 11:39:51.248 [pool-3-thread-1] INFO  com.rs.mv.mvvs.client.catalog.manager.U2CatalogManager - [client:400202]start a schedule task to get global/local catalog for debug, its period 5s 
2025-01-30 11:39:51.248 [pool-3-thread-1] INFO  com.rs.mv.mvvs.client.catalog.manager.U2CatalogManager - [client:400203]cache file auto update thread launch in depd account
2025-01-30 11:39:51.248 [pool-3-thread-1] INFO  com.rs.mv.mvvs.client.catalog.from.config.DirsConfigReader - [client:400206]parse dir config information
2025-01-30 11:39:51.249 [pool-3-thread-1] INFO  com.rs.mv.mvvs.client.catalog.from.config.MappingConfigReader - [client:400207]parse mapping config information
2025-01-30 11:39:51.249 [pool-3-thread-1] INFO  com.rs.mv.mvvs.client.catalog.manager.U2CatalogManager - [client:400202]start a schedule task to get global/local catalog for depd, its period 5s 
2025-01-30 11:39:51.249 [pool-3-thread-1] INFO  com.rs.mv.mvvs.client.catalog.manager.U2CatalogManager - [client:400203]cache file auto update thread launch in lib account
2025-01-30 11:39:51.249 [pool-3-thread-1] INFO  com.rs.mv.mvvs.client.catalog.from.config.DirsConfigReader - [client:400206]parse dir config information
2025-01-30 11:39:51.249 [pool-3-thread-1] INFO  com.rs.mv.mvvs.client.catalog.from.config.MappingConfigReader - [client:400207]parse mapping config information
2025-01-30 11:39:51.250 [pool-3-thread-1] INFO  com.rs.mv.mvvs.client.catalog.manager.U2CatalogManager - [client:400202]start a schedule task to get global/local catalog for lib, its period 5s 
2025-01-30 11:39:51.250 [pool-3-thread-1] INFO  com.rs.mv.mvvs.client.catalog.manager.U2CatalogManager - [client:400203]cache file auto update thread launch in dunder-proto account
2025-01-30 11:39:51.250 [pool-3-thread-1] INFO  com.rs.mv.mvvs.client.catalog.from.config.DirsConfigReader - [client:400206]parse dir config information
2025-01-30 11:39:51.250 [pool-3-thread-1] INFO  com.rs.mv.mvvs.client.catalog.from.config.MappingConfigReader - [client:400207]parse mapping config information
2025-01-30 11:39:51.250 [pool-3-thread-1] INFO  com.rs.mv.mvvs.client.catalog.manager.U2CatalogManager - [client:400202]start a schedule task to get global/local catalog for dunder-proto, its period 5s 
2025-01-30 11:39:51.250 [pool-3-thread-1] INFO  com.rs.mv.mvvs.client.catalog.manager.U2CatalogManager - [client:400203]cache file auto update thread launch in es-define-property account
2025-01-30 11:39:51.251 [pool-3-thread-1] INFO  com.rs.mv.mvvs.client.catalog.from.config.DirsConfigReader - [client:400206]parse dir config information
2025-01-30 11:39:51.251 [pool-3-thread-1] INFO  com.rs.mv.mvvs.client.catalog.from.config.MappingConfigReader - [client:400207]parse mapping config information
2025-01-30 11:39:51.251 [pool-3-thread-1] INFO  com.rs.mv.mvvs.client.catalog.manager.U2CatalogManager - [client:400202]start a schedule task to get global/local catalog for es-define-property, its period 5s 
2025-01-30 11:39:51.251 [pool-3-thread-1] INFO  com.rs.mv.mvvs.client.catalog.manager.U2CatalogManager - [client:400203]cache file auto update thread launch in es-errors account
2025-01-30 11:39:51.251 [pool-3-thread-1] INFO  com.rs.mv.mvvs.client.catalog.from.config.DirsConfigReader - [client:400206]parse dir config information
2025-01-30 11:39:51.251 [pool-3-thread-1] INFO  com.rs.mv.mvvs.client.catalog.from.config.MappingConfigReader - [client:400207]parse mapping config information
2025-01-30 11:39:51.252 [pool-3-thread-1] INFO  com.rs.mv.mvvs.client.catalog.manager.U2CatalogManager - [client:400202]start a schedule task to get global/local catalog for es-errors, its period 5s 
2025-01-30 11:39:51.252 [pool-3-thread-1] INFO  com.rs.mv.mvvs.client.catalog.manager.U2CatalogManager - [client:400203]cache file auto update thread launch in es-object-atoms account
2025-01-30 11:39:51.252 [pool-3-thread-1] INFO  com.rs.mv.mvvs.client.catalog.from.config.DirsConfigReader - [client:400206]parse dir config information
2025-01-30 11:39:51.252 [pool-3-thread-1] INFO  com.rs.mv.mvvs.client.catalog.from.config.MappingConfigReader - [client:400207]parse mapping config information
2025-01-30 11:39:51.252 [pool-3-thread-1] INFO  com.rs.mv.mvvs.client.catalog.manager.U2CatalogManager - [client:400202]start a schedule task to get global/local catalog for es-object-atoms, its period 5s 
2025-01-30 11:39:51.252 [pool-3-thread-1] INFO  com.rs.mv.mvvs.client.catalog.manager.U2CatalogManager - [client:400203]cache file auto update thread launch in express account
2025-01-30 11:39:51.253 [pool-3-thread-1] INFO  com.rs.mv.mvvs.client.catalog.from.config.DirsConfigReader - [client:400206]parse dir config information
2025-01-30 11:39:51.253 [pool-3-thread-1] INFO  com.rs.mv.mvvs.client.catalog.from.config.MappingConfigReader - [client:400207]parse mapping config information
2025-01-30 11:39:51.253 [pool-3-thread-1] INFO  com.rs.mv.mvvs.client.catalog.manager.U2CatalogManager - [client:400202]start a schedule task to get global/local catalog for express, its period 5s 
2025-01-30 11:39:51.253 [pool-3-thread-1] INFO  com.rs.mv.mvvs.client.catalog.manager.U2CatalogManager - [client:400203]cache file auto update thread launch in lib account
2025-01-30 11:39:51.253 [pool-3-thread-1] INFO  com.rs.mv.mvvs.client.catalog.from.config.DirsConfigReader - [client:400206]parse dir config information
2025-01-30 11:39:51.253 [pool-3-thread-1] INFO  com.rs.mv.mvvs.client.catalog.from.config.MappingConfigReader - [client:400207]parse mapping config information
2025-01-30 11:39:51.253 [pool-3-thread-1] INFO  com.rs.mv.mvvs.client.catalog.manager.U2CatalogManager - [client:400202]start a schedule task to get global/local catalog for lib, its period 5s 
2025-01-30 11:39:51.254 [pool-3-thread-1] INFO  com.rs.mv.mvvs.client.catalog.manager.U2CatalogManager - [client:400203]cache file auto update thread launch in function-bind account
2025-01-30 11:39:51.254 [pool-3-thread-1] INFO  com.rs.mv.mvvs.client.catalog.from.config.DirsConfigReader - [client:400206]parse dir config information
2025-01-30 11:39:51.254 [pool-3-thread-1] INFO  com.rs.mv.mvvs.client.catalog.from.config.MappingConfigReader - [client:400207]parse mapping config information
2025-01-30 11:39:51.254 [pool-3-thread-1] INFO  com.rs.mv.mvvs.client.catalog.manager.U2CatalogManager - [client:400202]start a schedule task to get global/local catalog for function-bind, its period 5s 
2025-01-30 11:39:51.254 [pool-3-thread-1] INFO  com.rs.mv.mvvs.client.catalog.manager.U2CatalogManager - [client:400203]cache file auto update thread launch in get-intrinsic account
2025-01-30 11:39:51.254 [pool-3-thread-1] INFO  com.rs.mv.mvvs.client.catalog.from.config.DirsConfigReader - [client:400206]parse dir config information
2025-01-30 11:39:51.254 [pool-3-thread-1] INFO  com.rs.mv.mvvs.client.catalog.from.config.MappingConfigReader - [client:400207]parse mapping config information
2025-01-30 11:39:51.255 [pool-3-thread-1] INFO  com.rs.mv.mvvs.client.catalog.manager.U2CatalogManager - [client:400202]start a schedule task to get global/local catalog for get-intrinsic, its period 5s 
2025-01-30 11:39:51.255 [pool-3-thread-1] INFO  com.rs.mv.mvvs.client.catalog.manager.U2CatalogManager - [client:400203]cache file auto update thread launch in get-proto account
2025-01-30 11:39:51.255 [pool-3-thread-1] INFO  com.rs.mv.mvvs.client.catalog.from.config.DirsConfigReader - [client:400206]parse dir config information
2025-01-30 11:39:51.255 [pool-3-thread-1] INFO  com.rs.mv.mvvs.client.catalog.from.config.MappingConfigReader - [client:400207]parse mapping config information
2025-01-30 11:39:51.256 [pool-3-thread-1] INFO  com.rs.mv.mvvs.client.catalog.manager.U2CatalogManager - [client:400202]start a schedule task to get global/local catalog for get-proto, its period 5s 
2025-01-30 11:39:51.256 [pool-3-thread-1] INFO  com.rs.mv.mvvs.client.catalog.manager.U2CatalogManager - [client:400203]cache file auto update thread launch in gopd account
2025-01-30 11:39:51.257 [pool-3-thread-1] INFO  com.rs.mv.mvvs.client.catalog.from.config.DirsConfigReader - [client:400206]parse dir config information
2025-01-30 11:39:51.257 [pool-3-thread-1] INFO  com.rs.mv.mvvs.client.catalog.from.config.MappingConfigReader - [client:400207]parse mapping config information
2025-01-30 11:39:51.257 [pool-3-thread-1] INFO  com.rs.mv.mvvs.client.catalog.manager.U2CatalogManager - [client:400202]start a schedule task to get global/local catalog for gopd, its period 5s 
2025-01-30 11:39:51.257 [pool-3-thread-1] INFO  com.rs.mv.mvvs.client.catalog.manager.U2CatalogManager - [client:400203]cache file auto update thread launch in has-symbols account
2025-01-30 11:39:51.257 [pool-3-thread-1] INFO  com.rs.mv.mvvs.client.catalog.from.config.DirsConfigReader - [client:400206]parse dir config information
2025-01-30 11:39:51.257 [pool-3-thread-1] INFO  com.rs.mv.mvvs.client.catalog.from.config.MappingConfigReader - [client:400207]parse mapping config information
2025-01-30 11:39:51.257 [pool-3-thread-1] INFO  com.rs.mv.mvvs.client.catalog.manager.U2CatalogManager - [client:400202]start a schedule task to get global/local catalog for has-symbols, its period 5s 
2025-01-30 11:39:51.259 [pool-3-thread-1] INFO  com.rs.mv.mvvs.client.catalog.manager.U2CatalogManager - [client:400203]cache file auto update thread launch in test account
2025-01-30 11:39:51.260 [pool-3-thread-1] INFO  com.rs.mv.mvvs.client.catalog.from.config.DirsConfigReader - [client:400206]parse dir config information
2025-01-30 11:39:51.261 [pool-3-thread-1] INFO  com.rs.mv.mvvs.client.catalog.from.config.MappingConfigReader - [client:400207]parse mapping config information
2025-01-30 11:39:51.262 [pool-3-thread-1] INFO  com.rs.mv.mvvs.client.catalog.manager.U2CatalogManager - [client:400202]start a schedule task to get global/local catalog for test, its period 5s 
2025-01-30 11:39:51.262 [pool-3-thread-1] INFO  com.rs.mv.mvvs.client.catalog.manager.U2CatalogManager - [client:400203]cache file auto update thread launch in hasown account
2025-01-30 11:39:51.262 [pool-3-thread-1] INFO  com.rs.mv.mvvs.client.catalog.from.config.DirsConfigReader - [client:400206]parse dir config information
2025-01-30 11:39:51.262 [pool-3-thread-1] INFO  com.rs.mv.mvvs.client.catalog.from.config.MappingConfigReader - [client:400207]parse mapping config information
2025-01-30 11:39:51.263 [pool-3-thread-1] INFO  com.rs.mv.mvvs.client.catalog.manager.U2CatalogManager - [client:400202]start a schedule task to get global/local catalog for hasown, its period 5s 
2025-01-30 11:39:51.263 [pool-3-thread-1] INFO  com.rs.mv.mvvs.client.catalog.manager.U2CatalogManager - [client:400203]cache file auto update thread launch in iconv-lite account
2025-01-30 11:39:51.263 [pool-3-thread-1] INFO  com.rs.mv.mvvs.client.catalog.from.config.DirsConfigReader - [client:400206]parse dir config information
2025-01-30 11:39:51.263 [pool-3-thread-1] INFO  com.rs.mv.mvvs.client.catalog.from.config.MappingConfigReader - [client:400207]parse mapping config information
2025-01-30 11:39:51.263 [pool-3-thread-1] INFO  com.rs.mv.mvvs.client.catalog.manager.U2CatalogManager - [client:400202]start a schedule task to get global/local catalog for iconv-lite, its period 5s 
2025-01-30 11:39:51.263 [pool-3-thread-1] INFO  com.rs.mv.mvvs.client.catalog.manager.U2CatalogManager - [client:400203]cache file auto update thread launch in encodings account
2025-01-30 11:39:51.263 [pool-3-thread-1] INFO  com.rs.mv.mvvs.client.catalog.from.config.DirsConfigReader - [client:400206]parse dir config information
2025-01-30 11:39:51.263 [pool-3-thread-1] INFO  com.rs.mv.mvvs.client.catalog.from.config.MappingConfigReader - [client:400207]parse mapping config information
2025-01-30 11:39:51.263 [pool-3-thread-1] INFO  com.rs.mv.mvvs.client.catalog.manager.U2CatalogManager - [client:400202]start a schedule task to get global/local catalog for encodings, its period 5s 
2025-01-30 11:39:51.263 [pool-3-thread-1] INFO  com.rs.mv.mvvs.client.catalog.manager.U2CatalogManager - [client:400203]cache file auto update thread launch in ipaddr.js account
2025-01-30 11:39:51.263 [pool-3-thread-1] INFO  com.rs.mv.mvvs.client.catalog.from.config.DirsConfigReader - [client:400206]parse dir config information
2025-01-30 11:39:51.263 [pool-3-thread-1] INFO  com.rs.mv.mvvs.client.catalog.from.config.MappingConfigReader - [client:400207]parse mapping config information
2025-01-30 11:39:51.267 [pool-3-thread-1] INFO  com.rs.mv.mvvs.client.catalog.manager.U2CatalogManager - [client:400202]start a schedule task to get global/local catalog for ipaddr.js, its period 5s 
2025-01-30 11:39:51.268 [pool-3-thread-1] INFO  com.rs.mv.mvvs.client.catalog.manager.U2CatalogManager - [client:400203]cache file auto update thread launch in math-intrinsics account
2025-01-30 11:39:51.268 [pool-3-thread-1] INFO  com.rs.mv.mvvs.client.catalog.from.config.DirsConfigReader - [client:400206]parse dir config information
2025-01-30 11:39:51.269 [pool-3-thread-1] INFO  com.rs.mv.mvvs.client.catalog.from.config.MappingConfigReader - [client:400207]parse mapping config information
2025-01-30 11:39:51.269 [pool-3-thread-1] INFO  com.rs.mv.mvvs.client.catalog.manager.U2CatalogManager - [client:400202]start a schedule task to get global/local catalog for math-intrinsics, its period 5s 
2025-01-30 11:39:51.269 [pool-3-thread-1] INFO  com.rs.mv.mvvs.client.catalog.manager.U2CatalogManager - [client:400203]cache file auto update thread launch in mime account
2025-01-30 11:39:51.269 [pool-3-thread-1] INFO  com.rs.mv.mvvs.client.catalog.from.config.DirsConfigReader - [client:400206]parse dir config information
2025-01-30 11:39:51.269 [pool-3-thread-1] INFO  com.rs.mv.mvvs.client.catalog.from.config.MappingConfigReader - [client:400207]parse mapping config information
2025-01-30 11:39:51.270 [pool-3-thread-1] INFO  com.rs.mv.mvvs.client.catalog.manager.U2CatalogManager - [client:400202]start a schedule task to get global/local catalog for mime, its period 5s 
2025-01-30 11:39:51.273 [pool-3-thread-1] INFO  com.rs.mv.mvvs.client.catalog.manager.U2CatalogManager - [client:400203]cache file auto update thread launch in negotiator account
2025-01-30 11:39:51.274 [pool-3-thread-1] INFO  com.rs.mv.mvvs.client.catalog.from.config.DirsConfigReader - [client:400206]parse dir config information
2025-01-30 11:39:51.274 [pool-3-thread-1] INFO  com.rs.mv.mvvs.client.catalog.from.config.MappingConfigReader - [client:400207]parse mapping config information
2025-01-30 11:39:51.275 [pool-3-thread-1] INFO  com.rs.mv.mvvs.client.catalog.manager.U2CatalogManager - [client:400202]start a schedule task to get global/local catalog for negotiator, its period 5s 
2025-01-30 11:39:51.276 [pool-3-thread-1] INFO  com.rs.mv.mvvs.client.catalog.manager.U2CatalogManager - [client:400203]cache file auto update thread launch in object-inspect account
2025-01-30 11:39:51.276 [pool-3-thread-1] INFO  com.rs.mv.mvvs.client.catalog.from.config.DirsConfigReader - [client:400206]parse dir config information
2025-01-30 11:39:51.276 [pool-3-thread-1] INFO  com.rs.mv.mvvs.client.catalog.from.config.MappingConfigReader - [client:400207]parse mapping config information
2025-01-30 11:39:51.277 [pool-3-thread-1] INFO  com.rs.mv.mvvs.client.catalog.manager.U2CatalogManager - [client:400202]start a schedule task to get global/local catalog for object-inspect, its period 5s 
2025-01-30 11:39:51.277 [pool-3-thread-1] INFO  com.rs.mv.mvvs.client.catalog.manager.U2CatalogManager - [client:400203]cache file auto update thread launch in test account
2025-01-30 11:39:51.277 [pool-3-thread-1] INFO  com.rs.mv.mvvs.client.catalog.from.config.DirsConfigReader - [client:400206]parse dir config information
2025-01-30 11:39:51.277 [pool-3-thread-1] INFO  com.rs.mv.mvvs.client.catalog.from.config.MappingConfigReader - [client:400207]parse mapping config information
2025-01-30 11:39:51.277 [pool-3-thread-1] INFO  com.rs.mv.mvvs.client.catalog.manager.U2CatalogManager - [client:400202]start a schedule task to get global/local catalog for test, its period 5s 
2025-01-30 11:39:51.277 [pool-3-thread-1] INFO  com.rs.mv.mvvs.client.catalog.manager.U2CatalogManager - [client:400203]cache file auto update thread launch in qs account
2025-01-30 11:39:51.278 [pool-3-thread-1] INFO  com.rs.mv.mvvs.client.catalog.from.config.DirsConfigReader - [client:400206]parse dir config information
2025-01-30 11:39:51.278 [pool-3-thread-1] INFO  com.rs.mv.mvvs.client.catalog.from.config.MappingConfigReader - [client:400207]parse mapping config information
2025-01-30 11:39:51.278 [pool-3-thread-1] INFO  com.rs.mv.mvvs.client.catalog.manager.U2CatalogManager - [client:400202]start a schedule task to get global/local catalog for qs, its period 5s 
2025-01-30 11:39:51.278 [pool-3-thread-1] INFO  com.rs.mv.mvvs.client.catalog.manager.U2CatalogManager - [client:400203]cache file auto update thread launch in send account
2025-01-30 11:39:51.278 [pool-3-thread-1] INFO  com.rs.mv.mvvs.client.catalog.from.config.DirsConfigReader - [client:400206]parse dir config information
2025-01-30 11:39:51.278 [pool-3-thread-1] INFO  com.rs.mv.mvvs.client.catalog.from.config.MappingConfigReader - [client:400207]parse mapping config information
2025-01-30 11:39:51.279 [pool-3-thread-1] INFO  com.rs.mv.mvvs.client.catalog.manager.U2CatalogManager - [client:400202]start a schedule task to get global/local catalog for send, its period 5s 
2025-01-30 11:39:51.279 [pool-3-thread-1] INFO  com.rs.mv.mvvs.client.catalog.manager.U2CatalogManager - [client:400203]cache file auto update thread launch in node_modules account
2025-01-30 11:39:51.279 [pool-3-thread-1] INFO  com.rs.mv.mvvs.client.catalog.from.config.DirsConfigReader - [client:400206]parse dir config information
2025-01-30 11:39:51.279 [pool-3-thread-1] INFO  com.rs.mv.mvvs.client.catalog.from.config.MappingConfigReader - [client:400207]parse mapping config information
2025-01-30 11:39:51.279 [pool-3-thread-1] INFO  com.rs.mv.mvvs.client.catalog.manager.U2CatalogManager - [client:400202]start a schedule task to get global/local catalog for node_modules, its period 5s 
2025-01-30 11:39:51.279 [pool-3-thread-1] INFO  com.rs.mv.mvvs.client.catalog.manager.U2CatalogManager - [client:400203]cache file auto update thread launch in setprototypeof account
2025-01-30 11:39:51.279 [pool-3-thread-1] INFO  com.rs.mv.mvvs.client.catalog.from.config.DirsConfigReader - [client:400206]parse dir config information
2025-01-30 11:39:51.280 [pool-3-thread-1] INFO  com.rs.mv.mvvs.client.catalog.from.config.MappingConfigReader - [client:400207]parse mapping config information
2025-01-30 11:39:51.280 [pool-3-thread-1] INFO  com.rs.mv.mvvs.client.catalog.manager.U2CatalogManager - [client:400202]start a schedule task to get global/local catalog for setprototypeof, its period 5s 
2025-01-30 11:39:51.280 [pool-3-thread-1] INFO  com.rs.mv.mvvs.client.catalog.manager.U2CatalogManager - [client:400203]cache file auto update thread launch in side-channel account
2025-01-30 11:39:51.280 [pool-3-thread-1] INFO  com.rs.mv.mvvs.client.catalog.from.config.DirsConfigReader - [client:400206]parse dir config information
2025-01-30 11:39:51.280 [pool-3-thread-1] INFO  com.rs.mv.mvvs.client.catalog.from.config.MappingConfigReader - [client:400207]parse mapping config information
2025-01-30 11:39:51.280 [pool-3-thread-1] INFO  com.rs.mv.mvvs.client.catalog.manager.U2CatalogManager - [client:400202]start a schedule task to get global/local catalog for side-channel, its period 5s 
2025-01-30 11:39:51.281 [pool-3-thread-1] INFO  com.rs.mv.mvvs.client.catalog.manager.U2CatalogManager - [client:400203]cache file auto update thread launch in side-channel-list account
2025-01-30 11:39:51.281 [pool-3-thread-1] INFO  com.rs.mv.mvvs.client.catalog.from.config.DirsConfigReader - [client:400206]parse dir config information
2025-01-30 11:39:51.281 [pool-3-thread-1] INFO  com.rs.mv.mvvs.client.catalog.from.config.MappingConfigReader - [client:400207]parse mapping config information
2025-01-30 11:39:51.281 [pool-3-thread-1] INFO  com.rs.mv.mvvs.client.catalog.manager.U2CatalogManager - [client:400202]start a schedule task to get global/local catalog for side-channel-list, its period 5s 
2025-01-30 11:39:51.281 [pool-3-thread-1] INFO  com.rs.mv.mvvs.client.catalog.manager.U2CatalogManager - [client:400203]cache file auto update thread launch in side-channel-map account
2025-01-30 11:39:51.281 [pool-3-thread-1] INFO  com.rs.mv.mvvs.client.catalog.from.config.DirsConfigReader - [client:400206]parse dir config information
2025-01-30 11:39:51.281 [pool-3-thread-1] INFO  com.rs.mv.mvvs.client.catalog.from.config.MappingConfigReader - [client:400207]parse mapping config information
2025-01-30 11:39:51.282 [pool-3-thread-1] INFO  com.rs.mv.mvvs.client.catalog.manager.U2CatalogManager - [client:400202]start a schedule task to get global/local catalog for side-channel-map, its period 5s 
2025-01-30 11:39:51.282 [pool-3-thread-1] INFO  com.rs.mv.mvvs.client.catalog.manager.U2CatalogManager - [client:400203]cache file auto update thread launch in side-channel-weakmap account
2025-01-30 11:39:51.282 [pool-3-thread-1] INFO  com.rs.mv.mvvs.client.catalog.from.config.DirsConfigReader - [client:400206]parse dir config information
2025-01-30 11:39:51.282 [pool-3-thread-1] INFO  com.rs.mv.mvvs.client.catalog.from.config.MappingConfigReader - [client:400207]parse mapping config information
2025-01-30 11:39:51.282 [pool-3-thread-1] INFO  com.rs.mv.mvvs.client.catalog.manager.U2CatalogManager - [client:400202]start a schedule task to get global/local catalog for side-channel-weakmap, its period 5s 
2025-01-30 11:39:51.282 [pool-3-thread-1] INFO  com.rs.mv.mvvs.client.catalog.manager.U2CatalogManager - [client:400203]cache file auto update thread launch in 04-Websockets account
2025-01-30 11:39:51.283 [pool-3-thread-1] INFO  com.rs.mv.mvvs.client.catalog.from.config.DirsConfigReader - [client:400206]parse dir config information
2025-01-30 11:39:51.283 [pool-3-thread-1] INFO  com.rs.mv.mvvs.client.catalog.from.config.MappingConfigReader - [client:400207]parse mapping config information
2025-01-30 11:39:51.283 [pool-3-thread-1] INFO  com.rs.mv.mvvs.client.catalog.manager.U2CatalogManager - [client:400202]start a schedule task to get global/local catalog for 04-Websockets, its period 5s 
2025-01-30 11:39:51.283 [pool-3-thread-1] INFO  com.rs.mv.mvvs.client.catalog.manager.U2CatalogManager - [client:400203]cache file auto update thread launch in node_modules account
2025-01-30 11:39:51.283 [pool-3-thread-1] INFO  com.rs.mv.mvvs.client.catalog.from.config.DirsConfigReader - [client:400206]parse dir config information
2025-01-30 11:39:51.283 [pool-3-thread-1] INFO  com.rs.mv.mvvs.client.catalog.from.config.MappingConfigReader - [client:400207]parse mapping config information
2025-01-30 11:39:51.284 [pool-3-thread-1] INFO  com.rs.mv.mvvs.client.catalog.manager.U2CatalogManager - [client:400202]start a schedule task to get global/local catalog for node_modules, its period 5s 
2025-01-30 11:39:51.284 [pool-3-thread-1] INFO  com.rs.mv.mvvs.client.catalog.manager.U2CatalogManager - [client:400203]cache file auto update thread launch in @socket.io account
2025-01-30 11:39:51.284 [pool-3-thread-1] INFO  com.rs.mv.mvvs.client.catalog.from.config.DirsConfigReader - [client:400206]parse dir config information
2025-01-30 11:39:51.284 [pool-3-thread-1] INFO  com.rs.mv.mvvs.client.catalog.from.config.MappingConfigReader - [client:400207]parse mapping config information
2025-01-30 11:39:51.284 [pool-3-thread-1] INFO  com.rs.mv.mvvs.client.catalog.manager.U2CatalogManager - [client:400202]start a schedule task to get global/local catalog for @socket.io, its period 5s 
2025-01-30 11:39:51.285 [pool-3-thread-1] INFO  com.rs.mv.mvvs.client.catalog.manager.U2CatalogManager - [client:400203]cache file auto update thread launch in component-emitter account
2025-01-30 11:39:51.285 [pool-3-thread-1] INFO  com.rs.mv.mvvs.client.catalog.from.config.DirsConfigReader - [client:400206]parse dir config information
2025-01-30 11:39:51.285 [pool-3-thread-1] INFO  com.rs.mv.mvvs.client.catalog.from.config.MappingConfigReader - [client:400207]parse mapping config information
2025-01-30 11:39:51.285 [pool-3-thread-1] INFO  com.rs.mv.mvvs.client.catalog.manager.U2CatalogManager - [client:400202]start a schedule task to get global/local catalog for component-emitter, its period 5s 
2025-01-30 11:39:51.285 [pool-3-thread-1] INFO  com.rs.mv.mvvs.client.catalog.manager.U2CatalogManager - [client:400203]cache file auto update thread launch in lib account
2025-01-30 11:39:51.285 [pool-3-thread-1] INFO  com.rs.mv.mvvs.client.catalog.from.config.DirsConfigReader - [client:400206]parse dir config information
2025-01-30 11:39:51.285 [pool-3-thread-1] INFO  com.rs.mv.mvvs.client.catalog.from.config.MappingConfigReader - [client:400207]parse mapping config information
2025-01-30 11:39:51.286 [pool-3-thread-1] INFO  com.rs.mv.mvvs.client.catalog.manager.U2CatalogManager - [client:400202]start a schedule task to get global/local catalog for lib, its period 5s 
2025-01-30 11:39:51.286 [pool-3-thread-1] INFO  com.rs.mv.mvvs.client.catalog.manager.U2CatalogManager - [client:400203]cache file auto update thread launch in @types account
2025-01-30 11:39:51.286 [pool-3-thread-1] INFO  com.rs.mv.mvvs.client.catalog.from.config.DirsConfigReader - [client:400206]parse dir config information
2025-01-30 11:39:51.286 [pool-3-thread-1] INFO  com.rs.mv.mvvs.client.catalog.from.config.MappingConfigReader - [client:400207]parse mapping config information
2025-01-30 11:39:51.286 [pool-3-thread-1] INFO  com.rs.mv.mvvs.client.catalog.manager.U2CatalogManager - [client:400202]start a schedule task to get global/local catalog for @types, its period 5s 
2025-01-30 11:39:51.287 [pool-3-thread-1] INFO  com.rs.mv.mvvs.client.catalog.manager.U2CatalogManager - [client:400203]cache file auto update thread launch in node account
2025-01-30 11:39:51.287 [pool-3-thread-1] INFO  com.rs.mv.mvvs.client.catalog.from.config.DirsConfigReader - [client:400206]parse dir config information
2025-01-30 11:39:51.287 [pool-3-thread-1] INFO  com.rs.mv.mvvs.client.catalog.from.config.MappingConfigReader - [client:400207]parse mapping config information
2025-01-30 11:39:51.287 [pool-3-thread-1] INFO  com.rs.mv.mvvs.client.catalog.manager.U2CatalogManager - [client:400202]start a schedule task to get global/local catalog for node, its period 5s 
2025-01-30 11:39:51.287 [pool-3-thread-1] INFO  com.rs.mv.mvvs.client.catalog.manager.U2CatalogManager - [client:400203]cache file auto update thread launch in base64id account
2025-01-30 11:39:51.287 [pool-3-thread-1] INFO  com.rs.mv.mvvs.client.catalog.from.config.DirsConfigReader - [client:400206]parse dir config information
2025-01-30 11:39:51.289 [pool-3-thread-1] INFO  com.rs.mv.mvvs.client.catalog.from.config.MappingConfigReader - [client:400207]parse mapping config information
2025-01-30 11:39:51.289 [pool-3-thread-1] INFO  com.rs.mv.mvvs.client.catalog.manager.U2CatalogManager - [client:400202]start a schedule task to get global/local catalog for base64id, its period 5s 
2025-01-30 11:39:51.289 [pool-3-thread-1] INFO  com.rs.mv.mvvs.client.catalog.manager.U2CatalogManager - [client:400203]cache file auto update thread launch in cookie account
2025-01-30 11:39:51.289 [pool-3-thread-1] INFO  com.rs.mv.mvvs.client.catalog.from.config.DirsConfigReader - [client:400206]parse dir config information
2025-01-30 11:39:51.289 [pool-3-thread-1] INFO  com.rs.mv.mvvs.client.catalog.from.config.MappingConfigReader - [client:400207]parse mapping config information
2025-01-30 11:39:51.289 [pool-3-thread-1] INFO  com.rs.mv.mvvs.client.catalog.manager.U2CatalogManager - [client:400202]start a schedule task to get global/local catalog for cookie, its period 5s 
2025-01-30 11:39:51.289 [pool-3-thread-1] INFO  com.rs.mv.mvvs.client.catalog.manager.U2CatalogManager - [client:400203]cache file auto update thread launch in cors account
2025-01-30 11:39:51.289 [pool-3-thread-1] INFO  com.rs.mv.mvvs.client.catalog.from.config.DirsConfigReader - [client:400206]parse dir config information
2025-01-30 11:39:51.289 [pool-3-thread-1] INFO  com.rs.mv.mvvs.client.catalog.from.config.MappingConfigReader - [client:400207]parse mapping config information
2025-01-30 11:39:51.290 [pool-3-thread-1] INFO  com.rs.mv.mvvs.client.catalog.manager.U2CatalogManager - [client:400202]start a schedule task to get global/local catalog for cors, its period 5s 
2025-01-30 11:39:51.290 [pool-3-thread-1] INFO  com.rs.mv.mvvs.client.catalog.manager.U2CatalogManager - [client:400203]cache file auto update thread launch in debug account
2025-01-30 11:39:51.290 [pool-3-thread-1] INFO  com.rs.mv.mvvs.client.catalog.from.config.DirsConfigReader - [client:400206]parse dir config information
2025-01-30 11:39:51.290 [pool-3-thread-1] INFO  com.rs.mv.mvvs.client.catalog.from.config.MappingConfigReader - [client:400207]parse mapping config information
2025-01-30 11:39:51.290 [pool-3-thread-1] INFO  com.rs.mv.mvvs.client.catalog.manager.U2CatalogManager - [client:400202]start a schedule task to get global/local catalog for debug, its period 5s 
2025-01-30 11:39:51.291 [pool-3-thread-1] INFO  com.rs.mv.mvvs.client.catalog.manager.U2CatalogManager - [client:400203]cache file auto update thread launch in engine.io account
2025-01-30 11:39:51.291 [pool-3-thread-1] INFO  com.rs.mv.mvvs.client.catalog.from.config.DirsConfigReader - [client:400206]parse dir config information
2025-01-30 11:39:51.291 [pool-3-thread-1] INFO  com.rs.mv.mvvs.client.catalog.from.config.MappingConfigReader - [client:400207]parse mapping config information
2025-01-30 11:39:51.292 [pool-3-thread-1] INFO  com.rs.mv.mvvs.client.catalog.manager.U2CatalogManager - [client:400202]start a schedule task to get global/local catalog for engine.io, its period 5s 
2025-01-30 11:39:51.292 [pool-3-thread-1] INFO  com.rs.mv.mvvs.client.catalog.manager.U2CatalogManager - [client:400203]cache file auto update thread launch in build account
2025-01-30 11:39:51.292 [pool-3-thread-1] INFO  com.rs.mv.mvvs.client.catalog.from.config.DirsConfigReader - [client:400206]parse dir config information
2025-01-30 11:39:51.292 [pool-3-thread-1] INFO  com.rs.mv.mvvs.client.catalog.from.config.MappingConfigReader - [client:400207]parse mapping config information
2025-01-30 11:39:51.292 [pool-3-thread-1] INFO  com.rs.mv.mvvs.client.catalog.manager.U2CatalogManager - [client:400202]start a schedule task to get global/local catalog for build, its period 5s 
2025-01-30 11:39:51.293 [pool-3-thread-1] INFO  com.rs.mv.mvvs.client.catalog.manager.U2CatalogManager - [client:400203]cache file auto update thread launch in engine.io-parser account
2025-01-30 11:39:51.293 [pool-3-thread-1] INFO  com.rs.mv.mvvs.client.catalog.from.config.DirsConfigReader - [client:400206]parse dir config information
2025-01-30 11:39:51.293 [pool-3-thread-1] INFO  com.rs.mv.mvvs.client.catalog.from.config.MappingConfigReader - [client:400207]parse mapping config information
2025-01-30 11:39:51.293 [pool-3-thread-1] INFO  com.rs.mv.mvvs.client.catalog.manager.U2CatalogManager - [client:400202]start a schedule task to get global/local catalog for engine.io-parser, its period 5s 
2025-01-30 11:39:51.293 [pool-3-thread-1] INFO  com.rs.mv.mvvs.client.catalog.manager.U2CatalogManager - [client:400203]cache file auto update thread launch in build account
2025-01-30 11:39:51.294 [pool-3-thread-1] INFO  com.rs.mv.mvvs.client.catalog.from.config.DirsConfigReader - [client:400206]parse dir config information
2025-01-30 11:39:51.294 [pool-3-thread-1] INFO  com.rs.mv.mvvs.client.catalog.from.config.MappingConfigReader - [client:400207]parse mapping config information
2025-01-30 11:39:51.294 [pool-3-thread-1] INFO  com.rs.mv.mvvs.client.catalog.manager.U2CatalogManager - [client:400202]start a schedule task to get global/local catalog for build, its period 5s 
2025-01-30 11:39:51.294 [pool-3-thread-1] INFO  com.rs.mv.mvvs.client.catalog.manager.U2CatalogManager - [client:400203]cache file auto update thread launch in cjs account
2025-01-30 11:39:51.294 [pool-3-thread-1] INFO  com.rs.mv.mvvs.client.catalog.from.config.DirsConfigReader - [client:400206]parse dir config information
2025-01-30 11:39:51.295 [pool-3-thread-1] INFO  com.rs.mv.mvvs.client.catalog.from.config.MappingConfigReader - [client:400207]parse mapping config information
2025-01-30 11:39:51.295 [pool-3-thread-1] INFO  com.rs.mv.mvvs.client.catalog.manager.U2CatalogManager - [client:400202]start a schedule task to get global/local catalog for cjs, its period 5s 
2025-01-30 11:39:51.295 [pool-3-thread-1] INFO  com.rs.mv.mvvs.client.catalog.manager.U2CatalogManager - [client:400203]cache file auto update thread launch in esm account
2025-01-30 11:39:51.296 [pool-3-thread-1] INFO  com.rs.mv.mvvs.client.catalog.from.config.DirsConfigReader - [client:400206]parse dir config information
2025-01-30 11:39:51.296 [pool-3-thread-1] INFO  com.rs.mv.mvvs.client.catalog.from.config.MappingConfigReader - [client:400207]parse mapping config information
2025-01-30 11:39:51.296 [pool-3-thread-1] INFO  com.rs.mv.mvvs.client.catalog.manager.U2CatalogManager - [client:400202]start a schedule task to get global/local catalog for esm, its period 5s 
2025-01-30 11:39:51.296 [pool-3-thread-1] INFO  com.rs.mv.mvvs.client.catalog.manager.U2CatalogManager - [client:400203]cache file auto update thread launch in negotiator account
2025-01-30 11:39:51.296 [pool-3-thread-1] INFO  com.rs.mv.mvvs.client.catalog.from.config.DirsConfigReader - [client:400206]parse dir config information
2025-01-30 11:39:51.297 [pool-3-thread-1] INFO  com.rs.mv.mvvs.client.catalog.from.config.MappingConfigReader - [client:400207]parse mapping config information
2025-01-30 11:39:51.297 [pool-3-thread-1] INFO  com.rs.mv.mvvs.client.catalog.manager.U2CatalogManager - [client:400202]start a schedule task to get global/local catalog for negotiator, its period 5s 
2025-01-30 11:39:51.297 [pool-3-thread-1] INFO  com.rs.mv.mvvs.client.catalog.manager.U2CatalogManager - [client:400203]cache file auto update thread launch in socket.io account
2025-01-30 11:39:51.297 [pool-3-thread-1] INFO  com.rs.mv.mvvs.client.catalog.from.config.DirsConfigReader - [client:400206]parse dir config information
2025-01-30 11:39:51.297 [pool-3-thread-1] INFO  com.rs.mv.mvvs.client.catalog.from.config.MappingConfigReader - [client:400207]parse mapping config information
2025-01-30 11:39:51.298 [pool-3-thread-1] INFO  com.rs.mv.mvvs.client.catalog.manager.U2CatalogManager - [client:400202]start a schedule task to get global/local catalog for socket.io, its period 5s 
2025-01-30 11:39:51.298 [pool-3-thread-1] INFO  com.rs.mv.mvvs.client.catalog.manager.U2CatalogManager - [client:400203]cache file auto update thread launch in socket.io-adapter account
2025-01-30 11:39:51.298 [pool-3-thread-1] INFO  com.rs.mv.mvvs.client.catalog.from.config.DirsConfigReader - [client:400206]parse dir config information
2025-01-30 11:39:51.298 [pool-3-thread-1] INFO  com.rs.mv.mvvs.client.catalog.from.config.MappingConfigReader - [client:400207]parse mapping config information
2025-01-30 11:39:51.298 [pool-3-thread-1] INFO  com.rs.mv.mvvs.client.catalog.manager.U2CatalogManager - [client:400202]start a schedule task to get global/local catalog for socket.io-adapter, its period 5s 
2025-01-30 11:39:51.299 [pool-3-thread-1] INFO  com.rs.mv.mvvs.client.catalog.manager.U2CatalogManager - [client:400203]cache file auto update thread launch in dist account
2025-01-30 11:39:51.299 [pool-3-thread-1] INFO  com.rs.mv.mvvs.client.catalog.from.config.DirsConfigReader - [client:400206]parse dir config information
2025-01-30 11:39:51.299 [pool-3-thread-1] INFO  com.rs.mv.mvvs.client.catalog.from.config.MappingConfigReader - [client:400207]parse mapping config information
2025-01-30 11:39:51.299 [pool-3-thread-1] INFO  com.rs.mv.mvvs.client.catalog.manager.U2CatalogManager - [client:400202]start a schedule task to get global/local catalog for dist, its period 5s 
2025-01-30 11:39:51.299 [pool-3-thread-1] INFO  com.rs.mv.mvvs.client.catalog.manager.U2CatalogManager - [client:400203]cache file auto update thread launch in socket.io-parser account
2025-01-30 11:39:51.299 [pool-3-thread-1] INFO  com.rs.mv.mvvs.client.catalog.from.config.DirsConfigReader - [client:400206]parse dir config information
2025-01-30 11:39:51.300 [pool-3-thread-1] INFO  com.rs.mv.mvvs.client.catalog.from.config.MappingConfigReader - [client:400207]parse mapping config information
2025-01-30 11:39:51.300 [pool-3-thread-1] INFO  com.rs.mv.mvvs.client.catalog.manager.U2CatalogManager - [client:400202]start a schedule task to get global/local catalog for socket.io-parser, its period 5s 
2025-01-30 11:39:51.300 [pool-3-thread-1] INFO  com.rs.mv.mvvs.client.catalog.manager.U2CatalogManager - [client:400203]cache file auto update thread launch in build account
2025-01-30 11:39:51.300 [pool-3-thread-1] INFO  com.rs.mv.mvvs.client.catalog.from.config.DirsConfigReader - [client:400206]parse dir config information
2025-01-30 11:39:51.300 [pool-3-thread-1] INFO  com.rs.mv.mvvs.client.catalog.from.config.MappingConfigReader - [client:400207]parse mapping config information
2025-01-30 11:39:51.300 [pool-3-thread-1] INFO  com.rs.mv.mvvs.client.catalog.manager.U2CatalogManager - [client:400202]start a schedule task to get global/local catalog for build, its period 5s 
2025-01-30 11:39:51.301 [pool-3-thread-1] INFO  com.rs.mv.mvvs.client.catalog.manager.U2CatalogManager - [client:400203]cache file auto update thread launch in ws account
2025-01-30 11:39:51.301 [pool-3-thread-1] INFO  com.rs.mv.mvvs.client.catalog.from.config.DirsConfigReader - [client:400206]parse dir config information
2025-01-30 11:39:51.301 [pool-3-thread-1] INFO  com.rs.mv.mvvs.client.catalog.from.config.MappingConfigReader - [client:400207]parse mapping config information
2025-01-30 11:39:51.301 [pool-3-thread-1] INFO  com.rs.mv.mvvs.client.catalog.manager.U2CatalogManager - [client:400202]start a schedule task to get global/local catalog for ws, its period 5s 
2025-01-30 11:39:51.301 [pool-3-thread-1] INFO  com.rs.mv.mvvs.client.catalog.manager.U2CatalogManager - [client:400203]cache file auto update thread launch in 05.Système-dauthentification account
2025-01-30 11:39:51.302 [pool-3-thread-1] INFO  com.rs.mv.mvvs.client.catalog.from.config.DirsConfigReader - [client:400206]parse dir config information
2025-01-30 11:39:51.302 [pool-3-thread-1] INFO  com.rs.mv.mvvs.client.catalog.from.config.MappingConfigReader - [client:400207]parse mapping config information
2025-01-30 11:39:51.302 [pool-3-thread-1] INFO  com.rs.mv.mvvs.client.catalog.manager.U2CatalogManager - [client:400202]start a schedule task to get global/local catalog for 05.Système-dauthentification, its period 5s 
2025-01-30 11:39:51.302 [pool-3-thread-1] INFO  com.rs.mv.mvvs.client.catalog.manager.U2CatalogManager - [client:400203]cache file auto update thread launch in node_modules account
2025-01-30 11:39:51.302 [pool-3-thread-1] INFO  com.rs.mv.mvvs.client.catalog.from.config.DirsConfigReader - [client:400206]parse dir config information
2025-01-30 11:39:51.302 [pool-3-thread-1] INFO  com.rs.mv.mvvs.client.catalog.from.config.MappingConfigReader - [client:400207]parse mapping config information
2025-01-30 11:39:51.303 [pool-3-thread-1] INFO  com.rs.mv.mvvs.client.catalog.manager.U2CatalogManager - [client:400202]start a schedule task to get global/local catalog for node_modules, its period 5s 
2025-01-30 11:39:51.303 [pool-3-thread-1] INFO  com.rs.mv.mvvs.client.catalog.manager.U2CatalogManager - [client:400203]cache file auto update thread launch in body-parser account
2025-01-30 11:39:51.303 [pool-3-thread-1] INFO  com.rs.mv.mvvs.client.catalog.from.config.DirsConfigReader - [client:400206]parse dir config information
2025-01-30 11:39:51.303 [pool-3-thread-1] INFO  com.rs.mv.mvvs.client.catalog.from.config.MappingConfigReader - [client:400207]parse mapping config information
2025-01-30 11:39:51.304 [pool-3-thread-1] INFO  com.rs.mv.mvvs.client.catalog.manager.U2CatalogManager - [client:400202]start a schedule task to get global/local catalog for body-parser, its period 5s 
2025-01-30 11:39:51.304 [pool-3-thread-1] INFO  com.rs.mv.mvvs.client.catalog.manager.U2CatalogManager - [client:400203]cache file auto update thread launch in lib account
2025-01-30 11:39:51.304 [pool-3-thread-1] INFO  com.rs.mv.mvvs.client.catalog.from.config.DirsConfigReader - [client:400206]parse dir config information
2025-01-30 11:39:51.304 [pool-3-thread-1] INFO  com.rs.mv.mvvs.client.catalog.from.config.MappingConfigReader - [client:400207]parse mapping config information
2025-01-30 11:39:51.304 [pool-3-thread-1] INFO  com.rs.mv.mvvs.client.catalog.manager.U2CatalogManager - [client:400202]start a schedule task to get global/local catalog for lib, its period 5s 
2025-01-30 11:39:51.304 [pool-3-thread-1] INFO  com.rs.mv.mvvs.client.catalog.manager.U2CatalogManager - [client:400203]cache file auto update thread launch in call-bind-apply-helpers account
2025-01-30 11:39:51.305 [pool-3-thread-1] INFO  com.rs.mv.mvvs.client.catalog.from.config.DirsConfigReader - [client:400206]parse dir config information
2025-01-30 11:39:51.305 [pool-3-thread-1] INFO  com.rs.mv.mvvs.client.catalog.from.config.MappingConfigReader - [client:400207]parse mapping config information
2025-01-30 11:39:51.305 [pool-3-thread-1] INFO  com.rs.mv.mvvs.client.catalog.manager.U2CatalogManager - [client:400202]start a schedule task to get global/local catalog for call-bind-apply-helpers, its period 5s 
2025-01-30 11:39:51.305 [pool-3-thread-1] INFO  com.rs.mv.mvvs.client.catalog.manager.U2CatalogManager - [client:400203]cache file auto update thread launch in call-bound account
2025-01-30 11:39:51.305 [pool-3-thread-1] INFO  com.rs.mv.mvvs.client.catalog.from.config.DirsConfigReader - [client:400206]parse dir config information
2025-01-30 11:39:51.305 [pool-3-thread-1] INFO  com.rs.mv.mvvs.client.catalog.from.config.MappingConfigReader - [client:400207]parse mapping config information
2025-01-30 11:39:51.306 [pool-3-thread-1] INFO  com.rs.mv.mvvs.client.catalog.manager.U2CatalogManager - [client:400202]start a schedule task to get global/local catalog for call-bound, its period 5s 
2025-01-30 11:39:51.306 [pool-3-thread-1] INFO  com.rs.mv.mvvs.client.catalog.manager.U2CatalogManager - [client:400203]cache file auto update thread launch in debug account
2025-01-30 11:39:51.306 [pool-3-thread-1] INFO  com.rs.mv.mvvs.client.catalog.from.config.DirsConfigReader - [client:400206]parse dir config information
2025-01-30 11:39:51.306 [pool-3-thread-1] INFO  com.rs.mv.mvvs.client.catalog.from.config.MappingConfigReader - [client:400207]parse mapping config information
2025-01-30 11:39:51.306 [pool-3-thread-1] INFO  com.rs.mv.mvvs.client.catalog.manager.U2CatalogManager - [client:400202]start a schedule task to get global/local catalog for debug, its period 5s 
2025-01-30 11:39:51.306 [pool-3-thread-1] INFO  com.rs.mv.mvvs.client.catalog.manager.U2CatalogManager - [client:400203]cache file auto update thread launch in depd account
2025-01-30 11:39:51.307 [pool-3-thread-1] INFO  com.rs.mv.mvvs.client.catalog.from.config.DirsConfigReader - [client:400206]parse dir config information
2025-01-30 11:39:51.307 [pool-3-thread-1] INFO  com.rs.mv.mvvs.client.catalog.from.config.MappingConfigReader - [client:400207]parse mapping config information
2025-01-30 11:39:51.307 [pool-3-thread-1] INFO  com.rs.mv.mvvs.client.catalog.manager.U2CatalogManager - [client:400202]start a schedule task to get global/local catalog for depd, its period 5s 
2025-01-30 11:39:51.307 [pool-3-thread-1] INFO  com.rs.mv.mvvs.client.catalog.manager.U2CatalogManager - [client:400203]cache file auto update thread launch in lib account
2025-01-30 11:39:51.307 [pool-3-thread-1] INFO  com.rs.mv.mvvs.client.catalog.from.config.DirsConfigReader - [client:400206]parse dir config information
2025-01-30 11:39:51.307 [pool-3-thread-1] INFO  com.rs.mv.mvvs.client.catalog.from.config.MappingConfigReader - [client:400207]parse mapping config information
2025-01-30 11:39:51.307 [pool-3-thread-1] INFO  com.rs.mv.mvvs.client.catalog.manager.U2CatalogManager - [client:400202]start a schedule task to get global/local catalog for lib, its period 5s 
2025-01-30 11:39:51.307 [pool-3-thread-1] INFO  com.rs.mv.mvvs.client.catalog.manager.U2CatalogManager - [client:400203]cache file auto update thread launch in dunder-proto account
2025-01-30 11:39:51.307 [pool-3-thread-1] INFO  com.rs.mv.mvvs.client.catalog.from.config.DirsConfigReader - [client:400206]parse dir config information
2025-01-30 11:39:51.307 [pool-3-thread-1] INFO  com.rs.mv.mvvs.client.catalog.from.config.MappingConfigReader - [client:400207]parse mapping config information
2025-01-30 11:39:51.307 [pool-3-thread-1] INFO  com.rs.mv.mvvs.client.catalog.manager.U2CatalogManager - [client:400202]start a schedule task to get global/local catalog for dunder-proto, its period 5s 
2025-01-30 11:39:51.309 [pool-3-thread-1] INFO  com.rs.mv.mvvs.client.catalog.manager.U2CatalogManager - [client:400203]cache file auto update thread launch in es-define-property account
2025-01-30 11:39:51.309 [pool-3-thread-1] INFO  com.rs.mv.mvvs.client.catalog.from.config.DirsConfigReader - [client:400206]parse dir config information
2025-01-30 11:39:51.309 [pool-3-thread-1] INFO  com.rs.mv.mvvs.client.catalog.from.config.MappingConfigReader - [client:400207]parse mapping config information
2025-01-30 11:39:51.309 [pool-3-thread-1] INFO  com.rs.mv.mvvs.client.catalog.manager.U2CatalogManager - [client:400202]start a schedule task to get global/local catalog for es-define-property, its period 5s 
2025-01-30 11:39:51.309 [pool-3-thread-1] INFO  com.rs.mv.mvvs.client.catalog.manager.U2CatalogManager - [client:400203]cache file auto update thread launch in es-errors account
2025-01-30 11:39:51.310 [pool-3-thread-1] INFO  com.rs.mv.mvvs.client.catalog.from.config.DirsConfigReader - [client:400206]parse dir config information
2025-01-30 11:39:51.310 [pool-3-thread-1] INFO  com.rs.mv.mvvs.client.catalog.from.config.MappingConfigReader - [client:400207]parse mapping config information
2025-01-30 11:39:51.310 [pool-3-thread-1] INFO  com.rs.mv.mvvs.client.catalog.manager.U2CatalogManager - [client:400202]start a schedule task to get global/local catalog for es-errors, its period 5s 
2025-01-30 11:39:51.310 [pool-3-thread-1] INFO  com.rs.mv.mvvs.client.catalog.manager.U2CatalogManager - [client:400203]cache file auto update thread launch in es-object-atoms account
2025-01-30 11:39:51.310 [pool-3-thread-1] INFO  com.rs.mv.mvvs.client.catalog.from.config.DirsConfigReader - [client:400206]parse dir config information
2025-01-30 11:39:51.310 [pool-3-thread-1] INFO  com.rs.mv.mvvs.client.catalog.from.config.MappingConfigReader - [client:400207]parse mapping config information
2025-01-30 11:39:51.311 [pool-3-thread-1] INFO  com.rs.mv.mvvs.client.catalog.manager.U2CatalogManager - [client:400202]start a schedule task to get global/local catalog for es-object-atoms, its period 5s 
2025-01-30 11:39:51.311 [pool-3-thread-1] INFO  com.rs.mv.mvvs.client.catalog.manager.U2CatalogManager - [client:400203]cache file auto update thread launch in express account
2025-01-30 11:39:51.311 [pool-3-thread-1] INFO  com.rs.mv.mvvs.client.catalog.from.config.DirsConfigReader - [client:400206]parse dir config information
2025-01-30 11:39:51.311 [pool-3-thread-1] INFO  com.rs.mv.mvvs.client.catalog.from.config.MappingConfigReader - [client:400207]parse mapping config information
2025-01-30 11:39:51.311 [pool-3-thread-1] INFO  com.rs.mv.mvvs.client.catalog.manager.U2CatalogManager - [client:400202]start a schedule task to get global/local catalog for express, its period 5s 
2025-01-30 11:39:51.311 [pool-3-thread-1] INFO  com.rs.mv.mvvs.client.catalog.manager.U2CatalogManager - [client:400203]cache file auto update thread launch in lib account
2025-01-30 11:39:51.311 [pool-3-thread-1] INFO  com.rs.mv.mvvs.client.catalog.from.config.DirsConfigReader - [client:400206]parse dir config information
2025-01-30 11:39:51.312 [pool-3-thread-1] INFO  com.rs.mv.mvvs.client.catalog.from.config.MappingConfigReader - [client:400207]parse mapping config information
2025-01-30 11:39:51.312 [pool-3-thread-1] INFO  com.rs.mv.mvvs.client.catalog.manager.U2CatalogManager - [client:400202]start a schedule task to get global/local catalog for lib, its period 5s 
2025-01-30 11:39:51.312 [pool-3-thread-1] INFO  com.rs.mv.mvvs.client.catalog.manager.U2CatalogManager - [client:400203]cache file auto update thread launch in express-session account
2025-01-30 11:39:51.312 [pool-3-thread-1] INFO  com.rs.mv.mvvs.client.catalog.from.config.DirsConfigReader - [client:400206]parse dir config information
2025-01-30 11:39:51.312 [pool-3-thread-1] INFO  com.rs.mv.mvvs.client.catalog.from.config.MappingConfigReader - [client:400207]parse mapping config information
2025-01-30 11:39:51.312 [pool-3-thread-1] INFO  com.rs.mv.mvvs.client.catalog.manager.U2CatalogManager - [client:400202]start a schedule task to get global/local catalog for express-session, its period 5s 
2025-01-30 11:39:51.312 [pool-3-thread-1] INFO  com.rs.mv.mvvs.client.catalog.manager.U2CatalogManager - [client:400203]cache file auto update thread launch in node_modules account
2025-01-30 11:39:51.313 [pool-3-thread-1] INFO  com.rs.mv.mvvs.client.catalog.from.config.DirsConfigReader - [client:400206]parse dir config information
2025-01-30 11:39:51.313 [pool-3-thread-1] INFO  com.rs.mv.mvvs.client.catalog.from.config.MappingConfigReader - [client:400207]parse mapping config information
2025-01-30 11:39:51.313 [pool-3-thread-1] INFO  com.rs.mv.mvvs.client.catalog.manager.U2CatalogManager - [client:400202]start a schedule task to get global/local catalog for node_modules, its period 5s 
2025-01-30 11:39:51.313 [pool-3-thread-1] INFO  com.rs.mv.mvvs.client.catalog.manager.U2CatalogManager - [client:400203]cache file auto update thread launch in function-bind account
2025-01-30 11:39:51.313 [pool-3-thread-1] INFO  com.rs.mv.mvvs.client.catalog.from.config.DirsConfigReader - [client:400206]parse dir config information
2025-01-30 11:39:51.313 [pool-3-thread-1] INFO  com.rs.mv.mvvs.client.catalog.from.config.MappingConfigReader - [client:400207]parse mapping config information
2025-01-30 11:39:51.313 [pool-3-thread-1] INFO  com.rs.mv.mvvs.client.catalog.manager.U2CatalogManager - [client:400202]start a schedule task to get global/local catalog for function-bind, its period 5s 
2025-01-30 11:39:51.314 [pool-3-thread-1] INFO  com.rs.mv.mvvs.client.catalog.manager.U2CatalogManager - [client:400203]cache file auto update thread launch in get-intrinsic account
2025-01-30 11:39:51.314 [pool-3-thread-1] INFO  com.rs.mv.mvvs.client.catalog.from.config.DirsConfigReader - [client:400206]parse dir config information
2025-01-30 11:39:51.314 [pool-3-thread-1] INFO  com.rs.mv.mvvs.client.catalog.from.config.MappingConfigReader - [client:400207]parse mapping config information
2025-01-30 11:39:51.314 [pool-3-thread-1] INFO  com.rs.mv.mvvs.client.catalog.manager.U2CatalogManager - [client:400202]start a schedule task to get global/local catalog for get-intrinsic, its period 5s 
2025-01-30 11:39:51.314 [pool-3-thread-1] INFO  com.rs.mv.mvvs.client.catalog.manager.U2CatalogManager - [client:400203]cache file auto update thread launch in get-proto account
2025-01-30 11:39:51.314 [pool-3-thread-1] INFO  com.rs.mv.mvvs.client.catalog.from.config.DirsConfigReader - [client:400206]parse dir config information
2025-01-30 11:39:51.314 [pool-3-thread-1] INFO  com.rs.mv.mvvs.client.catalog.from.config.MappingConfigReader - [client:400207]parse mapping config information
2025-01-30 11:39:51.314 [pool-3-thread-1] INFO  com.rs.mv.mvvs.client.catalog.manager.U2CatalogManager - [client:400202]start a schedule task to get global/local catalog for get-proto, its period 5s 
2025-01-30 11:39:51.314 [pool-3-thread-1] INFO  com.rs.mv.mvvs.client.catalog.manager.U2CatalogManager - [client:400203]cache file auto update thread launch in gopd account
2025-01-30 11:39:51.314 [pool-3-thread-1] INFO  com.rs.mv.mvvs.client.catalog.from.config.DirsConfigReader - [client:400206]parse dir config information
2025-01-30 11:39:51.314 [pool-3-thread-1] INFO  com.rs.mv.mvvs.client.catalog.from.config.MappingConfigReader - [client:400207]parse mapping config information
2025-01-30 11:39:51.314 [pool-3-thread-1] INFO  com.rs.mv.mvvs.client.catalog.manager.U2CatalogManager - [client:400202]start a schedule task to get global/local catalog for gopd, its period 5s 
2025-01-30 11:39:51.314 [pool-3-thread-1] INFO  com.rs.mv.mvvs.client.catalog.manager.U2CatalogManager - [client:400203]cache file auto update thread launch in has-symbols account
2025-01-30 11:39:51.314 [pool-3-thread-1] INFO  com.rs.mv.mvvs.client.catalog.from.config.DirsConfigReader - [client:400206]parse dir config information
2025-01-30 11:39:51.314 [pool-3-thread-1] INFO  com.rs.mv.mvvs.client.catalog.from.config.MappingConfigReader - [client:400207]parse mapping config information
2025-01-30 11:39:51.315 [pool-3-thread-1] INFO  com.rs.mv.mvvs.client.catalog.manager.U2CatalogManager - [client:400202]start a schedule task to get global/local catalog for has-symbols, its period 5s 
2025-01-30 11:39:51.315 [pool-3-thread-1] INFO  com.rs.mv.mvvs.client.catalog.manager.U2CatalogManager - [client:400203]cache file auto update thread launch in test account
2025-01-30 11:39:51.315 [pool-3-thread-1] INFO  com.rs.mv.mvvs.client.catalog.from.config.DirsConfigReader - [client:400206]parse dir config information
2025-01-30 11:39:51.315 [pool-3-thread-1] INFO  com.rs.mv.mvvs.client.catalog.from.config.MappingConfigReader - [client:400207]parse mapping config information
2025-01-30 11:39:51.315 [pool-3-thread-1] INFO  com.rs.mv.mvvs.client.catalog.manager.U2CatalogManager - [client:400202]start a schedule task to get global/local catalog for test, its period 5s 
2025-01-30 11:39:51.315 [pool-3-thread-1] INFO  com.rs.mv.mvvs.client.catalog.manager.U2CatalogManager - [client:400203]cache file auto update thread launch in hasown account
2025-01-30 11:39:51.315 [pool-3-thread-1] INFO  com.rs.mv.mvvs.client.catalog.from.config.DirsConfigReader - [client:400206]parse dir config information
2025-01-30 11:39:51.316 [pool-3-thread-1] INFO  com.rs.mv.mvvs.client.catalog.from.config.MappingConfigReader - [client:400207]parse mapping config information
2025-01-30 11:39:51.316 [pool-3-thread-1] INFO  com.rs.mv.mvvs.client.catalog.manager.U2CatalogManager - [client:400202]start a schedule task to get global/local catalog for hasown, its period 5s 
2025-01-30 11:39:51.316 [pool-3-thread-1] INFO  com.rs.mv.mvvs.client.catalog.manager.U2CatalogManager - [client:400203]cache file auto update thread launch in iconv-lite account
2025-01-30 11:39:51.316 [pool-3-thread-1] INFO  com.rs.mv.mvvs.client.catalog.from.config.DirsConfigReader - [client:400206]parse dir config information
2025-01-30 11:39:51.316 [pool-3-thread-1] INFO  com.rs.mv.mvvs.client.catalog.from.config.MappingConfigReader - [client:400207]parse mapping config information
2025-01-30 11:39:51.316 [pool-3-thread-1] INFO  com.rs.mv.mvvs.client.catalog.manager.U2CatalogManager - [client:400202]start a schedule task to get global/local catalog for iconv-lite, its period 5s 
2025-01-30 11:39:51.316 [pool-3-thread-1] INFO  com.rs.mv.mvvs.client.catalog.manager.U2CatalogManager - [client:400203]cache file auto update thread launch in encodings account
2025-01-30 11:39:51.317 [pool-3-thread-1] INFO  com.rs.mv.mvvs.client.catalog.from.config.DirsConfigReader - [client:400206]parse dir config information
2025-01-30 11:39:51.317 [pool-3-thread-1] INFO  com.rs.mv.mvvs.client.catalog.from.config.MappingConfigReader - [client:400207]parse mapping config information
2025-01-30 11:39:51.317 [pool-3-thread-1] INFO  com.rs.mv.mvvs.client.catalog.manager.U2CatalogManager - [client:400202]start a schedule task to get global/local catalog for encodings, its period 5s 
2025-01-30 11:39:51.317 [pool-3-thread-1] INFO  com.rs.mv.mvvs.client.catalog.manager.U2CatalogManager - [client:400203]cache file auto update thread launch in ipaddr.js account
2025-01-30 11:39:51.317 [pool-3-thread-1] INFO  com.rs.mv.mvvs.client.catalog.from.config.DirsConfigReader - [client:400206]parse dir config information
2025-01-30 11:39:51.317 [pool-3-thread-1] INFO  com.rs.mv.mvvs.client.catalog.from.config.MappingConfigReader - [client:400207]parse mapping config information
2025-01-30 11:39:51.317 [pool-3-thread-1] INFO  com.rs.mv.mvvs.client.catalog.manager.U2CatalogManager - [client:400202]start a schedule task to get global/local catalog for ipaddr.js, its period 5s 
2025-01-30 11:39:51.318 [pool-3-thread-1] INFO  com.rs.mv.mvvs.client.catalog.manager.U2CatalogManager - [client:400203]cache file auto update thread launch in math-intrinsics account
2025-01-30 11:39:51.318 [pool-3-thread-1] INFO  com.rs.mv.mvvs.client.catalog.from.config.DirsConfigReader - [client:400206]parse dir config information
2025-01-30 11:39:51.318 [pool-3-thread-1] INFO  com.rs.mv.mvvs.client.catalog.from.config.MappingConfigReader - [client:400207]parse mapping config information
2025-01-30 11:39:51.318 [pool-3-thread-1] INFO  com.rs.mv.mvvs.client.catalog.manager.U2CatalogManager - [client:400202]start a schedule task to get global/local catalog for math-intrinsics, its period 5s 
2025-01-30 11:39:51.318 [pool-3-thread-1] INFO  com.rs.mv.mvvs.client.catalog.manager.U2CatalogManager - [client:400203]cache file auto update thread launch in mime account
2025-01-30 11:39:51.318 [pool-3-thread-1] INFO  com.rs.mv.mvvs.client.catalog.from.config.DirsConfigReader - [client:400206]parse dir config information
2025-01-30 11:39:51.318 [pool-3-thread-1] INFO  com.rs.mv.mvvs.client.catalog.from.config.MappingConfigReader - [client:400207]parse mapping config information
2025-01-30 11:39:51.319 [pool-3-thread-1] INFO  com.rs.mv.mvvs.client.catalog.manager.U2CatalogManager - [client:400202]start a schedule task to get global/local catalog for mime, its period 5s 
2025-01-30 11:39:51.319 [pool-3-thread-1] INFO  com.rs.mv.mvvs.client.catalog.manager.U2CatalogManager - [client:400203]cache file auto update thread launch in negotiator account
2025-01-30 11:39:51.319 [pool-3-thread-1] INFO  com.rs.mv.mvvs.client.catalog.from.config.DirsConfigReader - [client:400206]parse dir config information
2025-01-30 11:39:51.319 [pool-3-thread-1] INFO  com.rs.mv.mvvs.client.catalog.from.config.MappingConfigReader - [client:400207]parse mapping config information
2025-01-30 11:39:51.319 [pool-3-thread-1] INFO  com.rs.mv.mvvs.client.catalog.manager.U2CatalogManager - [client:400202]start a schedule task to get global/local catalog for negotiator, its period 5s 
2025-01-30 11:39:51.320 [pool-3-thread-1] INFO  com.rs.mv.mvvs.client.catalog.manager.U2CatalogManager - [client:400203]cache file auto update thread launch in object-inspect account
2025-01-30 11:39:51.320 [pool-3-thread-1] INFO  com.rs.mv.mvvs.client.catalog.from.config.DirsConfigReader - [client:400206]parse dir config information
2025-01-30 11:39:51.320 [pool-3-thread-1] INFO  com.rs.mv.mvvs.client.catalog.from.config.MappingConfigReader - [client:400207]parse mapping config information
2025-01-30 11:39:51.320 [pool-3-thread-1] INFO  com.rs.mv.mvvs.client.catalog.manager.U2CatalogManager - [client:400202]start a schedule task to get global/local catalog for object-inspect, its period 5s 
2025-01-30 11:39:51.320 [pool-3-thread-1] INFO  com.rs.mv.mvvs.client.catalog.manager.U2CatalogManager - [client:400203]cache file auto update thread launch in test account
2025-01-30 11:39:51.320 [pool-3-thread-1] INFO  com.rs.mv.mvvs.client.catalog.from.config.DirsConfigReader - [client:400206]parse dir config information
2025-01-30 11:39:51.320 [pool-3-thread-1] INFO  com.rs.mv.mvvs.client.catalog.from.config.MappingConfigReader - [client:400207]parse mapping config information
2025-01-30 11:39:51.321 [pool-3-thread-1] INFO  com.rs.mv.mvvs.client.catalog.manager.U2CatalogManager - [client:400202]start a schedule task to get global/local catalog for test, its period 5s 
2025-01-30 11:39:51.321 [pool-3-thread-1] INFO  com.rs.mv.mvvs.client.catalog.manager.U2CatalogManager - [client:400203]cache file auto update thread launch in passport account
2025-01-30 11:39:51.321 [pool-3-thread-1] INFO  com.rs.mv.mvvs.client.catalog.from.config.DirsConfigReader - [client:400206]parse dir config information
2025-01-30 11:39:51.321 [pool-3-thread-1] INFO  com.rs.mv.mvvs.client.catalog.from.config.MappingConfigReader - [client:400207]parse mapping config information
2025-01-30 11:39:51.321 [pool-3-thread-1] INFO  com.rs.mv.mvvs.client.catalog.manager.U2CatalogManager - [client:400202]start a schedule task to get global/local catalog for passport, its period 5s 
2025-01-30 11:39:51.321 [pool-3-thread-1] INFO  com.rs.mv.mvvs.client.catalog.manager.U2CatalogManager - [client:400203]cache file auto update thread launch in lib account
2025-01-30 11:39:51.322 [pool-3-thread-1] INFO  com.rs.mv.mvvs.client.catalog.from.config.DirsConfigReader - [client:400206]parse dir config information
2025-01-30 11:39:51.322 [pool-3-thread-1] INFO  com.rs.mv.mvvs.client.catalog.from.config.MappingConfigReader - [client:400207]parse mapping config information
2025-01-30 11:39:51.322 [pool-3-thread-1] INFO  com.rs.mv.mvvs.client.catalog.manager.U2CatalogManager - [client:400202]start a schedule task to get global/local catalog for lib, its period 5s 
2025-01-30 11:39:51.322 [pool-3-thread-1] INFO  com.rs.mv.mvvs.client.catalog.manager.U2CatalogManager - [client:400203]cache file auto update thread launch in passport-local account
2025-01-30 11:39:51.322 [pool-3-thread-1] INFO  com.rs.mv.mvvs.client.catalog.from.config.DirsConfigReader - [client:400206]parse dir config information
2025-01-30 11:39:51.323 [pool-3-thread-1] INFO  com.rs.mv.mvvs.client.catalog.from.config.MappingConfigReader - [client:400207]parse mapping config information
2025-01-30 11:39:51.323 [pool-3-thread-1] INFO  com.rs.mv.mvvs.client.catalog.manager.U2CatalogManager - [client:400202]start a schedule task to get global/local catalog for passport-local, its period 5s 
2025-01-30 11:39:51.323 [pool-3-thread-1] INFO  com.rs.mv.mvvs.client.catalog.manager.U2CatalogManager - [client:400203]cache file auto update thread launch in passport-strategy account
2025-01-30 11:39:51.324 [pool-3-thread-1] INFO  com.rs.mv.mvvs.client.catalog.from.config.DirsConfigReader - [client:400206]parse dir config information
2025-01-30 11:39:51.324 [pool-3-thread-1] INFO  com.rs.mv.mvvs.client.catalog.from.config.MappingConfigReader - [client:400207]parse mapping config information
2025-01-30 11:39:51.324 [pool-3-thread-1] INFO  com.rs.mv.mvvs.client.catalog.manager.U2CatalogManager - [client:400202]start a schedule task to get global/local catalog for passport-strategy, its period 5s 
2025-01-30 11:39:51.324 [pool-3-thread-1] INFO  com.rs.mv.mvvs.client.catalog.manager.U2CatalogManager - [client:400203]cache file auto update thread launch in qs account
2025-01-30 11:39:51.325 [pool-3-thread-1] INFO  com.rs.mv.mvvs.client.catalog.from.config.DirsConfigReader - [client:400206]parse dir config information
2025-01-30 11:39:51.325 [pool-3-thread-1] INFO  com.rs.mv.mvvs.client.catalog.from.config.MappingConfigReader - [client:400207]parse mapping config information
2025-01-30 11:39:51.325 [pool-3-thread-1] INFO  com.rs.mv.mvvs.client.catalog.manager.U2CatalogManager - [client:400202]start a schedule task to get global/local catalog for qs, its period 5s 
2025-01-30 11:39:51.325 [pool-3-thread-1] INFO  com.rs.mv.mvvs.client.catalog.manager.U2CatalogManager - [client:400203]cache file auto update thread launch in send account
2025-01-30 11:39:51.325 [pool-3-thread-1] INFO  com.rs.mv.mvvs.client.catalog.from.config.DirsConfigReader - [client:400206]parse dir config information
2025-01-30 11:39:51.325 [pool-3-thread-1] INFO  com.rs.mv.mvvs.client.catalog.from.config.MappingConfigReader - [client:400207]parse mapping config information
2025-01-30 11:39:51.326 [pool-3-thread-1] INFO  com.rs.mv.mvvs.client.catalog.manager.U2CatalogManager - [client:400202]start a schedule task to get global/local catalog for send, its period 5s 
2025-01-30 11:39:51.326 [pool-3-thread-1] INFO  com.rs.mv.mvvs.client.catalog.manager.U2CatalogManager - [client:400203]cache file auto update thread launch in node_modules account
2025-01-30 11:39:51.326 [pool-3-thread-1] INFO  com.rs.mv.mvvs.client.catalog.from.config.DirsConfigReader - [client:400206]parse dir config information
2025-01-30 11:39:51.326 [pool-3-thread-1] INFO  com.rs.mv.mvvs.client.catalog.from.config.MappingConfigReader - [client:400207]parse mapping config information
2025-01-30 11:39:51.326 [pool-3-thread-1] INFO  com.rs.mv.mvvs.client.catalog.manager.U2CatalogManager - [client:400202]start a schedule task to get global/local catalog for node_modules, its period 5s 
2025-01-30 11:39:51.327 [pool-3-thread-1] INFO  com.rs.mv.mvvs.client.catalog.manager.U2CatalogManager - [client:400203]cache file auto update thread launch in setprototypeof account
2025-01-30 11:39:51.327 [pool-3-thread-1] INFO  com.rs.mv.mvvs.client.catalog.from.config.DirsConfigReader - [client:400206]parse dir config information
2025-01-30 11:39:51.327 [pool-3-thread-1] INFO  com.rs.mv.mvvs.client.catalog.from.config.MappingConfigReader - [client:400207]parse mapping config information
2025-01-30 11:39:51.327 [pool-3-thread-1] INFO  com.rs.mv.mvvs.client.catalog.manager.U2CatalogManager - [client:400202]start a schedule task to get global/local catalog for setprototypeof, its period 5s 
2025-01-30 11:39:51.327 [pool-3-thread-1] INFO  com.rs.mv.mvvs.client.catalog.manager.U2CatalogManager - [client:400203]cache file auto update thread launch in side-channel account
2025-01-30 11:39:51.327 [pool-3-thread-1] INFO  com.rs.mv.mvvs.client.catalog.from.config.DirsConfigReader - [client:400206]parse dir config information
2025-01-30 11:39:51.328 [pool-3-thread-1] INFO  com.rs.mv.mvvs.client.catalog.from.config.MappingConfigReader - [client:400207]parse mapping config information
2025-01-30 11:39:51.328 [pool-3-thread-1] INFO  com.rs.mv.mvvs.client.catalog.manager.U2CatalogManager - [client:400202]start a schedule task to get global/local catalog for side-channel, its period 5s 
2025-01-30 11:39:51.328 [pool-3-thread-1] INFO  com.rs.mv.mvvs.client.catalog.manager.U2CatalogManager - [client:400203]cache file auto update thread launch in side-channel-list account
2025-01-30 11:39:51.328 [pool-3-thread-1] INFO  com.rs.mv.mvvs.client.catalog.from.config.DirsConfigReader - [client:400206]parse dir config information
2025-01-30 11:39:51.328 [pool-3-thread-1] INFO  com.rs.mv.mvvs.client.catalog.from.config.MappingConfigReader - [client:400207]parse mapping config information
2025-01-30 11:39:51.328 [pool-3-thread-1] INFO  com.rs.mv.mvvs.client.catalog.manager.U2CatalogManager - [client:400202]start a schedule task to get global/local catalog for side-channel-list, its period 5s 
2025-01-30 11:39:51.329 [pool-3-thread-1] INFO  com.rs.mv.mvvs.client.catalog.manager.U2CatalogManager - [client:400203]cache file auto update thread launch in side-channel-map account
2025-01-30 11:39:51.329 [pool-3-thread-1] INFO  com.rs.mv.mvvs.client.catalog.from.config.DirsConfigReader - [client:400206]parse dir config information
2025-01-30 11:39:51.329 [pool-3-thread-1] INFO  com.rs.mv.mvvs.client.catalog.from.config.MappingConfigReader - [client:400207]parse mapping config information
2025-01-30 11:39:51.329 [pool-3-thread-1] INFO  com.rs.mv.mvvs.client.catalog.manager.U2CatalogManager - [client:400202]start a schedule task to get global/local catalog for side-channel-map, its period 5s 
2025-01-30 11:39:51.329 [pool-3-thread-1] INFO  com.rs.mv.mvvs.client.catalog.manager.U2CatalogManager - [client:400203]cache file auto update thread launch in side-channel-weakmap account
2025-01-30 11:39:51.330 [pool-3-thread-1] INFO  com.rs.mv.mvvs.client.catalog.from.config.DirsConfigReader - [client:400206]parse dir config information
2025-01-30 11:39:51.330 [pool-3-thread-1] INFO  com.rs.mv.mvvs.client.catalog.from.config.MappingConfigReader - [client:400207]parse mapping config information
2025-01-30 11:39:51.330 [pool-3-thread-1] INFO  com.rs.mv.mvvs.client.catalog.manager.U2CatalogManager - [client:400202]start a schedule task to get global/local catalog for side-channel-weakmap, its period 5s 
2025-01-30 11:39:51.330 [pool-3-thread-1] INFO  com.rs.mv.mvvs.client.catalog.manager.U2CatalogManager - [client:400203]cache file auto update thread launch in 06.Exercice - Application de votes account
2025-01-30 11:39:51.330 [pool-3-thread-1] INFO  com.rs.mv.mvvs.client.catalog.from.config.DirsConfigReader - [client:400206]parse dir config information
2025-01-30 11:39:51.331 [pool-3-thread-1] INFO  com.rs.mv.mvvs.client.catalog.from.config.MappingConfigReader - [client:400207]parse mapping config information
2025-01-30 11:39:51.331 [pool-3-thread-1] INFO  com.rs.mv.mvvs.client.catalog.manager.U2CatalogManager - [client:400202]start a schedule task to get global/local catalog for 06.Exercice - Application de votes, its period 5s 
2025-01-30 11:39:51.331 [pool-3-thread-1] INFO  com.rs.mv.mvvs.client.catalog.manager.U2CatalogManager - [client:400203]cache file auto update thread launch in node_modules account
2025-01-30 11:39:51.331 [pool-3-thread-1] INFO  com.rs.mv.mvvs.client.catalog.from.config.DirsConfigReader - [client:400206]parse dir config information
2025-01-30 11:39:51.331 [pool-3-thread-1] INFO  com.rs.mv.mvvs.client.catalog.from.config.MappingConfigReader - [client:400207]parse mapping config information
2025-01-30 11:39:51.331 [pool-3-thread-1] INFO  com.rs.mv.mvvs.client.catalog.manager.U2CatalogManager - [client:400202]start a schedule task to get global/local catalog for node_modules, its period 5s 
2025-01-30 11:39:51.332 [pool-3-thread-1] INFO  com.rs.mv.mvvs.client.catalog.manager.U2CatalogManager - [client:400203]cache file auto update thread launch in @socket.io account
2025-01-30 11:39:51.332 [pool-3-thread-1] INFO  com.rs.mv.mvvs.client.catalog.from.config.DirsConfigReader - [client:400206]parse dir config information
2025-01-30 11:39:51.332 [pool-3-thread-1] INFO  com.rs.mv.mvvs.client.catalog.from.config.MappingConfigReader - [client:400207]parse mapping config information
2025-01-30 11:39:51.332 [pool-3-thread-1] INFO  com.rs.mv.mvvs.client.catalog.manager.U2CatalogManager - [client:400202]start a schedule task to get global/local catalog for @socket.io, its period 5s 
2025-01-30 11:39:51.332 [pool-3-thread-1] INFO  com.rs.mv.mvvs.client.catalog.manager.U2CatalogManager - [client:400203]cache file auto update thread launch in component-emitter account
2025-01-30 11:39:51.333 [pool-3-thread-1] INFO  com.rs.mv.mvvs.client.catalog.from.config.DirsConfigReader - [client:400206]parse dir config information
2025-01-30 11:39:51.333 [pool-3-thread-1] INFO  com.rs.mv.mvvs.client.catalog.from.config.MappingConfigReader - [client:400207]parse mapping config information
2025-01-30 11:39:51.333 [pool-3-thread-1] INFO  com.rs.mv.mvvs.client.catalog.manager.U2CatalogManager - [client:400202]start a schedule task to get global/local catalog for component-emitter, its period 5s 
2025-01-30 11:39:51.333 [pool-3-thread-1] INFO  com.rs.mv.mvvs.client.catalog.manager.U2CatalogManager - [client:400203]cache file auto update thread launch in lib account
2025-01-30 11:39:51.333 [pool-3-thread-1] INFO  com.rs.mv.mvvs.client.catalog.from.config.DirsConfigReader - [client:400206]parse dir config information
2025-01-30 11:39:51.333 [pool-3-thread-1] INFO  com.rs.mv.mvvs.client.catalog.from.config.MappingConfigReader - [client:400207]parse mapping config information
2025-01-30 11:39:51.333 [pool-3-thread-1] INFO  com.rs.mv.mvvs.client.catalog.manager.U2CatalogManager - [client:400202]start a schedule task to get global/local catalog for lib, its period 5s 
2025-01-30 11:39:51.334 [pool-3-thread-1] INFO  com.rs.mv.mvvs.client.catalog.manager.U2CatalogManager - [client:400203]cache file auto update thread launch in @types account
2025-01-30 11:39:51.334 [pool-3-thread-1] INFO  com.rs.mv.mvvs.client.catalog.from.config.DirsConfigReader - [client:400206]parse dir config information
2025-01-30 11:39:51.334 [pool-3-thread-1] INFO  com.rs.mv.mvvs.client.catalog.from.config.MappingConfigReader - [client:400207]parse mapping config information
2025-01-30 11:39:51.334 [pool-3-thread-1] INFO  com.rs.mv.mvvs.client.catalog.manager.U2CatalogManager - [client:400202]start a schedule task to get global/local catalog for @types, its period 5s 
2025-01-30 11:39:51.334 [pool-3-thread-1] INFO  com.rs.mv.mvvs.client.catalog.manager.U2CatalogManager - [client:400203]cache file auto update thread launch in node account
2025-01-30 11:39:51.334 [pool-3-thread-1] INFO  com.rs.mv.mvvs.client.catalog.from.config.DirsConfigReader - [client:400206]parse dir config information
2025-01-30 11:39:51.334 [pool-3-thread-1] INFO  com.rs.mv.mvvs.client.catalog.from.config.MappingConfigReader - [client:400207]parse mapping config information
2025-01-30 11:39:51.334 [pool-3-thread-1] INFO  com.rs.mv.mvvs.client.catalog.manager.U2CatalogManager - [client:400202]start a schedule task to get global/local catalog for node, its period 5s 
2025-01-30 11:39:51.335 [pool-3-thread-1] INFO  com.rs.mv.mvvs.client.catalog.manager.U2CatalogManager - [client:400203]cache file auto update thread launch in base64id account
2025-01-30 11:39:51.335 [pool-3-thread-1] INFO  com.rs.mv.mvvs.client.catalog.from.config.DirsConfigReader - [client:400206]parse dir config information
2025-01-30 11:39:51.335 [pool-3-thread-1] INFO  com.rs.mv.mvvs.client.catalog.from.config.MappingConfigReader - [client:400207]parse mapping config information
2025-01-30 11:39:51.335 [pool-3-thread-1] INFO  com.rs.mv.mvvs.client.catalog.manager.U2CatalogManager - [client:400202]start a schedule task to get global/local catalog for base64id, its period 5s 
2025-01-30 11:39:51.335 [pool-3-thread-1] INFO  com.rs.mv.mvvs.client.catalog.manager.U2CatalogManager - [client:400203]cache file auto update thread launch in body-parser account
2025-01-30 11:39:51.335 [pool-3-thread-1] INFO  com.rs.mv.mvvs.client.catalog.from.config.DirsConfigReader - [client:400206]parse dir config information
2025-01-30 11:39:51.335 [pool-3-thread-1] INFO  com.rs.mv.mvvs.client.catalog.from.config.MappingConfigReader - [client:400207]parse mapping config information
2025-01-30 11:39:51.336 [pool-3-thread-1] INFO  com.rs.mv.mvvs.client.catalog.manager.U2CatalogManager - [client:400202]start a schedule task to get global/local catalog for body-parser, its period 5s 
2025-01-30 11:39:51.336 [pool-3-thread-1] INFO  com.rs.mv.mvvs.client.catalog.manager.U2CatalogManager - [client:400203]cache file auto update thread launch in lib account
2025-01-30 11:39:51.336 [pool-3-thread-1] INFO  com.rs.mv.mvvs.client.catalog.from.config.DirsConfigReader - [client:400206]parse dir config information
2025-01-30 11:39:51.336 [pool-3-thread-1] INFO  com.rs.mv.mvvs.client.catalog.from.config.MappingConfigReader - [client:400207]parse mapping config information
2025-01-30 11:39:51.336 [pool-3-thread-1] INFO  com.rs.mv.mvvs.client.catalog.manager.U2CatalogManager - [client:400202]start a schedule task to get global/local catalog for lib, its period 5s 
2025-01-30 11:39:51.337 [pool-3-thread-1] INFO  com.rs.mv.mvvs.client.catalog.manager.U2CatalogManager - [client:400203]cache file auto update thread launch in call-bind-apply-helpers account
2025-01-30 11:39:51.337 [pool-3-thread-1] INFO  com.rs.mv.mvvs.client.catalog.from.config.DirsConfigReader - [client:400206]parse dir config information
2025-01-30 11:39:51.337 [pool-3-thread-1] INFO  com.rs.mv.mvvs.client.catalog.from.config.MappingConfigReader - [client:400207]parse mapping config information
2025-01-30 11:39:51.337 [pool-3-thread-1] INFO  com.rs.mv.mvvs.client.catalog.manager.U2CatalogManager - [client:400202]start a schedule task to get global/local catalog for call-bind-apply-helpers, its period 5s 
2025-01-30 11:39:51.337 [pool-3-thread-1] INFO  com.rs.mv.mvvs.client.catalog.manager.U2CatalogManager - [client:400203]cache file auto update thread launch in call-bound account
2025-01-30 11:39:51.337 [pool-3-thread-1] INFO  com.rs.mv.mvvs.client.catalog.from.config.DirsConfigReader - [client:400206]parse dir config information
2025-01-30 11:39:51.337 [pool-3-thread-1] INFO  com.rs.mv.mvvs.client.catalog.from.config.MappingConfigReader - [client:400207]parse mapping config information
2025-01-30 11:39:51.337 [pool-3-thread-1] INFO  com.rs.mv.mvvs.client.catalog.manager.U2CatalogManager - [client:400202]start a schedule task to get global/local catalog for call-bound, its period 5s 
2025-01-30 11:39:51.337 [pool-3-thread-1] INFO  com.rs.mv.mvvs.client.catalog.manager.U2CatalogManager - [client:400203]cache file auto update thread launch in cors account
2025-01-30 11:39:51.337 [pool-3-thread-1] INFO  com.rs.mv.mvvs.client.catalog.from.config.DirsConfigReader - [client:400206]parse dir config information
2025-01-30 11:39:51.339 [pool-3-thread-1] INFO  com.rs.mv.mvvs.client.catalog.from.config.MappingConfigReader - [client:400207]parse mapping config information
2025-01-30 11:39:51.339 [pool-3-thread-1] INFO  com.rs.mv.mvvs.client.catalog.manager.U2CatalogManager - [client:400202]start a schedule task to get global/local catalog for cors, its period 5s 
2025-01-30 11:39:51.339 [pool-3-thread-1] INFO  com.rs.mv.mvvs.client.catalog.manager.U2CatalogManager - [client:400203]cache file auto update thread launch in debug account
2025-01-30 11:39:51.339 [pool-3-thread-1] INFO  com.rs.mv.mvvs.client.catalog.from.config.DirsConfigReader - [client:400206]parse dir config information
2025-01-30 11:39:51.339 [pool-3-thread-1] INFO  com.rs.mv.mvvs.client.catalog.from.config.MappingConfigReader - [client:400207]parse mapping config information
2025-01-30 11:39:51.339 [pool-3-thread-1] INFO  com.rs.mv.mvvs.client.catalog.manager.U2CatalogManager - [client:400202]start a schedule task to get global/local catalog for debug, its period 5s 
2025-01-30 11:39:51.340 [pool-3-thread-1] INFO  com.rs.mv.mvvs.client.catalog.manager.U2CatalogManager - [client:400203]cache file auto update thread launch in depd account
2025-01-30 11:39:51.340 [pool-3-thread-1] INFO  com.rs.mv.mvvs.client.catalog.from.config.DirsConfigReader - [client:400206]parse dir config information
2025-01-30 11:39:51.340 [pool-3-thread-1] INFO  com.rs.mv.mvvs.client.catalog.from.config.MappingConfigReader - [client:400207]parse mapping config information
2025-01-30 11:39:51.340 [pool-3-thread-1] INFO  com.rs.mv.mvvs.client.catalog.manager.U2CatalogManager - [client:400202]start a schedule task to get global/local catalog for depd, its period 5s 
2025-01-30 11:39:51.340 [pool-3-thread-1] INFO  com.rs.mv.mvvs.client.catalog.manager.U2CatalogManager - [client:400203]cache file auto update thread launch in lib account
2025-01-30 11:39:51.340 [pool-3-thread-1] INFO  com.rs.mv.mvvs.client.catalog.from.config.DirsConfigReader - [client:400206]parse dir config information
2025-01-30 11:39:51.340 [pool-3-thread-1] INFO  com.rs.mv.mvvs.client.catalog.from.config.MappingConfigReader - [client:400207]parse mapping config information
2025-01-30 11:39:51.340 [pool-3-thread-1] INFO  com.rs.mv.mvvs.client.catalog.manager.U2CatalogManager - [client:400202]start a schedule task to get global/local catalog for lib, its period 5s 
2025-01-30 11:39:51.340 [pool-3-thread-1] INFO  com.rs.mv.mvvs.client.catalog.manager.U2CatalogManager - [client:400203]cache file auto update thread launch in dunder-proto account
2025-01-30 11:39:51.340 [pool-3-thread-1] INFO  com.rs.mv.mvvs.client.catalog.from.config.DirsConfigReader - [client:400206]parse dir config information
2025-01-30 11:39:51.340 [pool-3-thread-1] INFO  com.rs.mv.mvvs.client.catalog.from.config.MappingConfigReader - [client:400207]parse mapping config information
2025-01-30 11:39:51.340 [pool-3-thread-1] INFO  com.rs.mv.mvvs.client.catalog.manager.U2CatalogManager - [client:400202]start a schedule task to get global/local catalog for dunder-proto, its period 5s 
2025-01-30 11:39:51.341 [pool-3-thread-1] INFO  com.rs.mv.mvvs.client.catalog.manager.U2CatalogManager - [client:400203]cache file auto update thread launch in engine.io account
2025-01-30 11:39:51.341 [pool-3-thread-1] INFO  com.rs.mv.mvvs.client.catalog.from.config.DirsConfigReader - [client:400206]parse dir config information
2025-01-30 11:39:51.341 [pool-3-thread-1] INFO  com.rs.mv.mvvs.client.catalog.from.config.MappingConfigReader - [client:400207]parse mapping config information
2025-01-30 11:39:51.341 [pool-3-thread-1] INFO  com.rs.mv.mvvs.client.catalog.manager.U2CatalogManager - [client:400202]start a schedule task to get global/local catalog for engine.io, its period 5s 
2025-01-30 11:39:51.342 [pool-3-thread-1] INFO  com.rs.mv.mvvs.client.catalog.manager.U2CatalogManager - [client:400203]cache file auto update thread launch in build account
2025-01-30 11:39:51.342 [pool-3-thread-1] INFO  com.rs.mv.mvvs.client.catalog.from.config.DirsConfigReader - [client:400206]parse dir config information
2025-01-30 11:39:51.342 [pool-3-thread-1] INFO  com.rs.mv.mvvs.client.catalog.from.config.MappingConfigReader - [client:400207]parse mapping config information
2025-01-30 11:39:51.342 [pool-3-thread-1] INFO  com.rs.mv.mvvs.client.catalog.manager.U2CatalogManager - [client:400202]start a schedule task to get global/local catalog for build, its period 5s 
2025-01-30 11:39:51.342 [pool-3-thread-1] INFO  com.rs.mv.mvvs.client.catalog.manager.U2CatalogManager - [client:400203]cache file auto update thread launch in node_modules account
2025-01-30 11:39:51.342 [pool-3-thread-1] INFO  com.rs.mv.mvvs.client.catalog.from.config.DirsConfigReader - [client:400206]parse dir config information
2025-01-30 11:39:51.343 [pool-3-thread-1] INFO  com.rs.mv.mvvs.client.catalog.from.config.MappingConfigReader - [client:400207]parse mapping config information
2025-01-30 11:39:51.343 [pool-3-thread-1] INFO  com.rs.mv.mvvs.client.catalog.manager.U2CatalogManager - [client:400202]start a schedule task to get global/local catalog for node_modules, its period 5s 
2025-01-30 11:39:51.343 [pool-3-thread-1] INFO  com.rs.mv.mvvs.client.catalog.manager.U2CatalogManager - [client:400203]cache file auto update thread launch in cookie account
2025-01-30 11:39:51.343 [pool-3-thread-1] INFO  com.rs.mv.mvvs.client.catalog.from.config.DirsConfigReader - [client:400206]parse dir config information
2025-01-30 11:39:51.343 [pool-3-thread-1] INFO  com.rs.mv.mvvs.client.catalog.from.config.MappingConfigReader - [client:400207]parse mapping config information
2025-01-30 11:39:51.343 [pool-3-thread-1] INFO  com.rs.mv.mvvs.client.catalog.manager.U2CatalogManager - [client:400202]start a schedule task to get global/local catalog for cookie, its period 5s 
2025-01-30 11:39:51.344 [pool-3-thread-1] INFO  com.rs.mv.mvvs.client.catalog.manager.U2CatalogManager - [client:400203]cache file auto update thread launch in debug account
2025-01-30 11:39:51.344 [pool-3-thread-1] INFO  com.rs.mv.mvvs.client.catalog.from.config.DirsConfigReader - [client:400206]parse dir config information
2025-01-30 11:39:51.344 [pool-3-thread-1] INFO  com.rs.mv.mvvs.client.catalog.from.config.MappingConfigReader - [client:400207]parse mapping config information
2025-01-30 11:39:51.344 [pool-3-thread-1] INFO  com.rs.mv.mvvs.client.catalog.manager.U2CatalogManager - [client:400202]start a schedule task to get global/local catalog for debug, its period 5s 
2025-01-30 11:39:51.344 [pool-3-thread-1] INFO  com.rs.mv.mvvs.client.catalog.manager.U2CatalogManager - [client:400203]cache file auto update thread launch in engine.io-parser account
2025-01-30 11:39:51.344 [pool-3-thread-1] INFO  com.rs.mv.mvvs.client.catalog.from.config.DirsConfigReader - [client:400206]parse dir config information
2025-01-30 11:39:51.344 [pool-3-thread-1] INFO  com.rs.mv.mvvs.client.catalog.from.config.MappingConfigReader - [client:400207]parse mapping config information
2025-01-30 11:39:51.345 [pool-3-thread-1] INFO  com.rs.mv.mvvs.client.catalog.manager.U2CatalogManager - [client:400202]start a schedule task to get global/local catalog for engine.io-parser, its period 5s 
2025-01-30 11:39:51.345 [pool-3-thread-1] INFO  com.rs.mv.mvvs.client.catalog.manager.U2CatalogManager - [client:400203]cache file auto update thread launch in build account
2025-01-30 11:39:51.345 [pool-3-thread-1] INFO  com.rs.mv.mvvs.client.catalog.from.config.DirsConfigReader - [client:400206]parse dir config information
2025-01-30 11:39:51.345 [pool-3-thread-1] INFO  com.rs.mv.mvvs.client.catalog.from.config.MappingConfigReader - [client:400207]parse mapping config information
2025-01-30 11:39:51.345 [pool-3-thread-1] INFO  com.rs.mv.mvvs.client.catalog.manager.U2CatalogManager - [client:400202]start a schedule task to get global/local catalog for build, its period 5s 
2025-01-30 11:39:51.345 [pool-3-thread-1] INFO  com.rs.mv.mvvs.client.catalog.manager.U2CatalogManager - [client:400203]cache file auto update thread launch in cjs account
2025-01-30 11:39:51.346 [pool-3-thread-1] INFO  com.rs.mv.mvvs.client.catalog.from.config.DirsConfigReader - [client:400206]parse dir config information
2025-01-30 11:39:51.346 [pool-3-thread-1] INFO  com.rs.mv.mvvs.client.catalog.from.config.MappingConfigReader - [client:400207]parse mapping config information
2025-01-30 11:39:51.346 [pool-3-thread-1] INFO  com.rs.mv.mvvs.client.catalog.manager.U2CatalogManager - [client:400202]start a schedule task to get global/local catalog for cjs, its period 5s 
2025-01-30 11:39:51.346 [pool-3-thread-1] INFO  com.rs.mv.mvvs.client.catalog.manager.U2CatalogManager - [client:400203]cache file auto update thread launch in esm account
2025-01-30 11:39:51.346 [pool-3-thread-1] INFO  com.rs.mv.mvvs.client.catalog.from.config.DirsConfigReader - [client:400206]parse dir config information
2025-01-30 11:39:51.346 [pool-3-thread-1] INFO  com.rs.mv.mvvs.client.catalog.from.config.MappingConfigReader - [client:400207]parse mapping config information
2025-01-30 11:39:51.346 [pool-3-thread-1] INFO  com.rs.mv.mvvs.client.catalog.manager.U2CatalogManager - [client:400202]start a schedule task to get global/local catalog for esm, its period 5s 
2025-01-30 11:39:51.347 [pool-3-thread-1] INFO  com.rs.mv.mvvs.client.catalog.manager.U2CatalogManager - [client:400203]cache file auto update thread launch in es-define-property account
2025-01-30 11:39:51.347 [pool-3-thread-1] INFO  com.rs.mv.mvvs.client.catalog.from.config.DirsConfigReader - [client:400206]parse dir config information
2025-01-30 11:39:51.347 [pool-3-thread-1] INFO  com.rs.mv.mvvs.client.catalog.from.config.MappingConfigReader - [client:400207]parse mapping config information
2025-01-30 11:39:51.347 [pool-3-thread-1] INFO  com.rs.mv.mvvs.client.catalog.manager.U2CatalogManager - [client:400202]start a schedule task to get global/local catalog for es-define-property, its period 5s 
2025-01-30 11:39:51.347 [pool-3-thread-1] INFO  com.rs.mv.mvvs.client.catalog.manager.U2CatalogManager - [client:400203]cache file auto update thread launch in es-errors account
2025-01-30 11:39:51.347 [pool-3-thread-1] INFO  com.rs.mv.mvvs.client.catalog.from.config.DirsConfigReader - [client:400206]parse dir config information
2025-01-30 11:39:51.347 [pool-3-thread-1] INFO  com.rs.mv.mvvs.client.catalog.from.config.MappingConfigReader - [client:400207]parse mapping config information
2025-01-30 11:39:51.348 [pool-3-thread-1] INFO  com.rs.mv.mvvs.client.catalog.manager.U2CatalogManager - [client:400202]start a schedule task to get global/local catalog for es-errors, its period 5s 
2025-01-30 11:39:51.348 [pool-3-thread-1] INFO  com.rs.mv.mvvs.client.catalog.manager.U2CatalogManager - [client:400203]cache file auto update thread launch in es-object-atoms account
2025-01-30 11:39:51.348 [pool-3-thread-1] INFO  com.rs.mv.mvvs.client.catalog.from.config.DirsConfigReader - [client:400206]parse dir config information
2025-01-30 11:39:51.348 [pool-3-thread-1] INFO  com.rs.mv.mvvs.client.catalog.from.config.MappingConfigReader - [client:400207]parse mapping config information
2025-01-30 11:39:51.348 [pool-3-thread-1] INFO  com.rs.mv.mvvs.client.catalog.manager.U2CatalogManager - [client:400202]start a schedule task to get global/local catalog for es-object-atoms, its period 5s 
2025-01-30 11:39:51.348 [pool-3-thread-1] INFO  com.rs.mv.mvvs.client.catalog.manager.U2CatalogManager - [client:400203]cache file auto update thread launch in express account
2025-01-30 11:39:51.348 [pool-3-thread-1] INFO  com.rs.mv.mvvs.client.catalog.from.config.DirsConfigReader - [client:400206]parse dir config information
2025-01-30 11:39:51.348 [pool-3-thread-1] INFO  com.rs.mv.mvvs.client.catalog.from.config.MappingConfigReader - [client:400207]parse mapping config information
2025-01-30 11:39:51.349 [pool-3-thread-1] INFO  com.rs.mv.mvvs.client.catalog.manager.U2CatalogManager - [client:400202]start a schedule task to get global/local catalog for express, its period 5s 
2025-01-30 11:39:51.349 [pool-3-thread-1] INFO  com.rs.mv.mvvs.client.catalog.manager.U2CatalogManager - [client:400203]cache file auto update thread launch in lib account
2025-01-30 11:39:51.349 [pool-3-thread-1] INFO  com.rs.mv.mvvs.client.catalog.from.config.DirsConfigReader - [client:400206]parse dir config information
2025-01-30 11:39:51.349 [pool-3-thread-1] INFO  com.rs.mv.mvvs.client.catalog.from.config.MappingConfigReader - [client:400207]parse mapping config information
2025-01-30 11:39:51.349 [pool-3-thread-1] INFO  com.rs.mv.mvvs.client.catalog.manager.U2CatalogManager - [client:400202]start a schedule task to get global/local catalog for lib, its period 5s 
2025-01-30 11:39:51.349 [pool-3-thread-1] INFO  com.rs.mv.mvvs.client.catalog.manager.U2CatalogManager - [client:400203]cache file auto update thread launch in function-bind account
2025-01-30 11:39:51.349 [pool-3-thread-1] INFO  com.rs.mv.mvvs.client.catalog.from.config.DirsConfigReader - [client:400206]parse dir config information
2025-01-30 11:39:51.349 [pool-3-thread-1] INFO  com.rs.mv.mvvs.client.catalog.from.config.MappingConfigReader - [client:400207]parse mapping config information
2025-01-30 11:39:51.350 [pool-3-thread-1] INFO  com.rs.mv.mvvs.client.catalog.manager.U2CatalogManager - [client:400202]start a schedule task to get global/local catalog for function-bind, its period 5s 
2025-01-30 11:39:51.350 [pool-3-thread-1] INFO  com.rs.mv.mvvs.client.catalog.manager.U2CatalogManager - [client:400203]cache file auto update thread launch in get-intrinsic account
2025-01-30 11:39:51.350 [pool-3-thread-1] INFO  com.rs.mv.mvvs.client.catalog.from.config.DirsConfigReader - [client:400206]parse dir config information
2025-01-30 11:39:51.350 [pool-3-thread-1] INFO  com.rs.mv.mvvs.client.catalog.from.config.MappingConfigReader - [client:400207]parse mapping config information
2025-01-30 11:39:51.350 [pool-3-thread-1] INFO  com.rs.mv.mvvs.client.catalog.manager.U2CatalogManager - [client:400202]start a schedule task to get global/local catalog for get-intrinsic, its period 5s 
2025-01-30 11:39:51.350 [pool-3-thread-1] INFO  com.rs.mv.mvvs.client.catalog.manager.U2CatalogManager - [client:400203]cache file auto update thread launch in get-proto account
2025-01-30 11:39:51.350 [pool-3-thread-1] INFO  com.rs.mv.mvvs.client.catalog.from.config.DirsConfigReader - [client:400206]parse dir config information
2025-01-30 11:39:51.350 [pool-3-thread-1] INFO  com.rs.mv.mvvs.client.catalog.from.config.MappingConfigReader - [client:400207]parse mapping config information
2025-01-30 11:39:51.351 [pool-3-thread-1] INFO  com.rs.mv.mvvs.client.catalog.manager.U2CatalogManager - [client:400202]start a schedule task to get global/local catalog for get-proto, its period 5s 
2025-01-30 11:39:51.351 [pool-3-thread-1] INFO  com.rs.mv.mvvs.client.catalog.manager.U2CatalogManager - [client:400203]cache file auto update thread launch in gopd account
2025-01-30 11:39:51.351 [pool-3-thread-1] INFO  com.rs.mv.mvvs.client.catalog.from.config.DirsConfigReader - [client:400206]parse dir config information
2025-01-30 11:39:51.351 [pool-3-thread-1] INFO  com.rs.mv.mvvs.client.catalog.from.config.MappingConfigReader - [client:400207]parse mapping config information
2025-01-30 11:39:51.351 [pool-3-thread-1] INFO  com.rs.mv.mvvs.client.catalog.manager.U2CatalogManager - [client:400202]start a schedule task to get global/local catalog for gopd, its period 5s 
2025-01-30 11:39:51.351 [pool-3-thread-1] INFO  com.rs.mv.mvvs.client.catalog.manager.U2CatalogManager - [client:400203]cache file auto update thread launch in has-symbols account
2025-01-30 11:39:51.351 [pool-3-thread-1] INFO  com.rs.mv.mvvs.client.catalog.from.config.DirsConfigReader - [client:400206]parse dir config information
2025-01-30 11:39:51.352 [pool-3-thread-1] INFO  com.rs.mv.mvvs.client.catalog.from.config.MappingConfigReader - [client:400207]parse mapping config information
2025-01-30 11:39:51.352 [pool-3-thread-1] INFO  com.rs.mv.mvvs.client.catalog.manager.U2CatalogManager - [client:400202]start a schedule task to get global/local catalog for has-symbols, its period 5s 
2025-01-30 11:39:51.352 [pool-3-thread-1] INFO  com.rs.mv.mvvs.client.catalog.manager.U2CatalogManager - [client:400203]cache file auto update thread launch in test account
2025-01-30 11:39:51.352 [pool-3-thread-1] INFO  com.rs.mv.mvvs.client.catalog.from.config.DirsConfigReader - [client:400206]parse dir config information
2025-01-30 11:39:51.352 [pool-3-thread-1] INFO  com.rs.mv.mvvs.client.catalog.from.config.MappingConfigReader - [client:400207]parse mapping config information
2025-01-30 11:39:51.352 [pool-3-thread-1] INFO  com.rs.mv.mvvs.client.catalog.manager.U2CatalogManager - [client:400202]start a schedule task to get global/local catalog for test, its period 5s 
2025-01-30 11:39:51.352 [pool-3-thread-1] INFO  com.rs.mv.mvvs.client.catalog.manager.U2CatalogManager - [client:400203]cache file auto update thread launch in hasown account
2025-01-30 11:39:51.353 [pool-3-thread-1] INFO  com.rs.mv.mvvs.client.catalog.from.config.DirsConfigReader - [client:400206]parse dir config information
2025-01-30 11:39:51.353 [pool-3-thread-1] INFO  com.rs.mv.mvvs.client.catalog.from.config.MappingConfigReader - [client:400207]parse mapping config information
2025-01-30 11:39:51.353 [pool-3-thread-1] INFO  com.rs.mv.mvvs.client.catalog.manager.U2CatalogManager - [client:400202]start a schedule task to get global/local catalog for hasown, its period 5s 
2025-01-30 11:39:51.353 [pool-3-thread-1] INFO  com.rs.mv.mvvs.client.catalog.manager.U2CatalogManager - [client:400203]cache file auto update thread launch in iconv-lite account
2025-01-30 11:39:51.353 [pool-3-thread-1] INFO  com.rs.mv.mvvs.client.catalog.from.config.DirsConfigReader - [client:400206]parse dir config information
2025-01-30 11:39:51.353 [pool-3-thread-1] INFO  com.rs.mv.mvvs.client.catalog.from.config.MappingConfigReader - [client:400207]parse mapping config information
2025-01-30 11:39:51.353 [pool-3-thread-1] INFO  com.rs.mv.mvvs.client.catalog.manager.U2CatalogManager - [client:400202]start a schedule task to get global/local catalog for iconv-lite, its period 5s 
2025-01-30 11:39:51.354 [pool-3-thread-1] INFO  com.rs.mv.mvvs.client.catalog.manager.U2CatalogManager - [client:400203]cache file auto update thread launch in encodings account
2025-01-30 11:39:51.354 [pool-3-thread-1] INFO  com.rs.mv.mvvs.client.catalog.from.config.DirsConfigReader - [client:400206]parse dir config information
2025-01-30 11:39:51.354 [pool-3-thread-1] INFO  com.rs.mv.mvvs.client.catalog.from.config.MappingConfigReader - [client:400207]parse mapping config information
2025-01-30 11:39:51.354 [pool-3-thread-1] INFO  com.rs.mv.mvvs.client.catalog.manager.U2CatalogManager - [client:400202]start a schedule task to get global/local catalog for encodings, its period 5s 
2025-01-30 11:39:51.354 [pool-3-thread-1] INFO  com.rs.mv.mvvs.client.catalog.manager.U2CatalogManager - [client:400203]cache file auto update thread launch in ipaddr.js account
2025-01-30 11:39:51.354 [pool-3-thread-1] INFO  com.rs.mv.mvvs.client.catalog.from.config.DirsConfigReader - [client:400206]parse dir config information
2025-01-30 11:39:51.354 [pool-3-thread-1] INFO  com.rs.mv.mvvs.client.catalog.from.config.MappingConfigReader - [client:400207]parse mapping config information
2025-01-30 11:39:51.354 [pool-3-thread-1] INFO  com.rs.mv.mvvs.client.catalog.manager.U2CatalogManager - [client:400202]start a schedule task to get global/local catalog for ipaddr.js, its period 5s 
2025-01-30 11:39:51.355 [pool-3-thread-1] INFO  com.rs.mv.mvvs.client.catalog.manager.U2CatalogManager - [client:400203]cache file auto update thread launch in math-intrinsics account
2025-01-30 11:39:51.355 [pool-3-thread-1] INFO  com.rs.mv.mvvs.client.catalog.from.config.DirsConfigReader - [client:400206]parse dir config information
2025-01-30 11:39:51.355 [pool-3-thread-1] INFO  com.rs.mv.mvvs.client.catalog.from.config.MappingConfigReader - [client:400207]parse mapping config information
2025-01-30 11:39:51.355 [pool-3-thread-1] INFO  com.rs.mv.mvvs.client.catalog.manager.U2CatalogManager - [client:400202]start a schedule task to get global/local catalog for math-intrinsics, its period 5s 
2025-01-30 11:39:51.355 [pool-3-thread-1] INFO  com.rs.mv.mvvs.client.catalog.manager.U2CatalogManager - [client:400203]cache file auto update thread launch in mime account
2025-01-30 11:39:51.356 [pool-3-thread-1] INFO  com.rs.mv.mvvs.client.catalog.from.config.DirsConfigReader - [client:400206]parse dir config information
2025-01-30 11:39:51.356 [pool-3-thread-1] INFO  com.rs.mv.mvvs.client.catalog.from.config.MappingConfigReader - [client:400207]parse mapping config information
2025-01-30 11:39:51.356 [pool-3-thread-1] INFO  com.rs.mv.mvvs.client.catalog.manager.U2CatalogManager - [client:400202]start a schedule task to get global/local catalog for mime, its period 5s 
2025-01-30 11:39:51.356 [pool-3-thread-1] INFO  com.rs.mv.mvvs.client.catalog.manager.U2CatalogManager - [client:400203]cache file auto update thread launch in negotiator account
2025-01-30 11:39:51.356 [pool-3-thread-1] INFO  com.rs.mv.mvvs.client.catalog.from.config.DirsConfigReader - [client:400206]parse dir config information
2025-01-30 11:39:51.356 [pool-3-thread-1] INFO  com.rs.mv.mvvs.client.catalog.from.config.MappingConfigReader - [client:400207]parse mapping config information
2025-01-30 11:39:51.356 [pool-3-thread-1] INFO  com.rs.mv.mvvs.client.catalog.manager.U2CatalogManager - [client:400202]start a schedule task to get global/local catalog for negotiator, its period 5s 
2025-01-30 11:39:51.357 [pool-3-thread-1] INFO  com.rs.mv.mvvs.client.catalog.manager.U2CatalogManager - [client:400203]cache file auto update thread launch in object-inspect account
2025-01-30 11:39:51.357 [pool-3-thread-1] INFO  com.rs.mv.mvvs.client.catalog.from.config.DirsConfigReader - [client:400206]parse dir config information
2025-01-30 11:39:51.357 [pool-3-thread-1] INFO  com.rs.mv.mvvs.client.catalog.from.config.MappingConfigReader - [client:400207]parse mapping config information
2025-01-30 11:39:51.357 [pool-3-thread-1] INFO  com.rs.mv.mvvs.client.catalog.manager.U2CatalogManager - [client:400202]start a schedule task to get global/local catalog for object-inspect, its period 5s 
2025-01-30 11:39:51.357 [pool-3-thread-1] INFO  com.rs.mv.mvvs.client.catalog.manager.U2CatalogManager - [client:400203]cache file auto update thread launch in test account
2025-01-30 11:39:51.357 [pool-3-thread-1] INFO  com.rs.mv.mvvs.client.catalog.from.config.DirsConfigReader - [client:400206]parse dir config information
2025-01-30 11:39:51.357 [pool-3-thread-1] INFO  com.rs.mv.mvvs.client.catalog.from.config.MappingConfigReader - [client:400207]parse mapping config information
2025-01-30 11:39:51.357 [pool-3-thread-1] INFO  com.rs.mv.mvvs.client.catalog.manager.U2CatalogManager - [client:400202]start a schedule task to get global/local catalog for test, its period 5s 
2025-01-30 11:39:51.359 [pool-3-thread-1] INFO  com.rs.mv.mvvs.client.catalog.manager.U2CatalogManager - [client:400203]cache file auto update thread launch in qs account
2025-01-30 11:39:51.359 [pool-3-thread-1] INFO  com.rs.mv.mvvs.client.catalog.from.config.DirsConfigReader - [client:400206]parse dir config information
2025-01-30 11:39:51.359 [pool-3-thread-1] INFO  com.rs.mv.mvvs.client.catalog.from.config.MappingConfigReader - [client:400207]parse mapping config information
2025-01-30 11:39:51.359 [pool-3-thread-1] INFO  com.rs.mv.mvvs.client.catalog.manager.U2CatalogManager - [client:400202]start a schedule task to get global/local catalog for qs, its period 5s 
2025-01-30 11:39:51.360 [pool-3-thread-1] INFO  com.rs.mv.mvvs.client.catalog.manager.U2CatalogManager - [client:400203]cache file auto update thread launch in send account
2025-01-30 11:39:51.360 [pool-3-thread-1] INFO  com.rs.mv.mvvs.client.catalog.from.config.DirsConfigReader - [client:400206]parse dir config information
2025-01-30 11:39:51.360 [pool-3-thread-1] INFO  com.rs.mv.mvvs.client.catalog.from.config.MappingConfigReader - [client:400207]parse mapping config information
2025-01-30 11:39:51.360 [pool-3-thread-1] INFO  com.rs.mv.mvvs.client.catalog.manager.U2CatalogManager - [client:400202]start a schedule task to get global/local catalog for send, its period 5s 
2025-01-30 11:39:51.360 [pool-3-thread-1] INFO  com.rs.mv.mvvs.client.catalog.manager.U2CatalogManager - [client:400203]cache file auto update thread launch in node_modules account
2025-01-30 11:39:51.361 [pool-3-thread-1] INFO  com.rs.mv.mvvs.client.catalog.from.config.DirsConfigReader - [client:400206]parse dir config information
2025-01-30 11:39:51.361 [pool-3-thread-1] INFO  com.rs.mv.mvvs.client.catalog.from.config.MappingConfigReader - [client:400207]parse mapping config information
2025-01-30 11:39:51.361 [pool-3-thread-1] INFO  com.rs.mv.mvvs.client.catalog.manager.U2CatalogManager - [client:400202]start a schedule task to get global/local catalog for node_modules, its period 5s 
2025-01-30 11:39:51.361 [pool-3-thread-1] INFO  com.rs.mv.mvvs.client.catalog.manager.U2CatalogManager - [client:400203]cache file auto update thread launch in setprototypeof account
2025-01-30 11:39:51.362 [pool-3-thread-1] INFO  com.rs.mv.mvvs.client.catalog.from.config.DirsConfigReader - [client:400206]parse dir config information
2025-01-30 11:39:51.362 [pool-3-thread-1] INFO  com.rs.mv.mvvs.client.catalog.from.config.MappingConfigReader - [client:400207]parse mapping config information
2025-01-30 11:39:51.362 [pool-3-thread-1] INFO  com.rs.mv.mvvs.client.catalog.manager.U2CatalogManager - [client:400202]start a schedule task to get global/local catalog for setprototypeof, its period 5s 
2025-01-30 11:39:51.362 [pool-3-thread-1] INFO  com.rs.mv.mvvs.client.catalog.manager.U2CatalogManager - [client:400203]cache file auto update thread launch in side-channel account
2025-01-30 11:39:51.362 [pool-3-thread-1] INFO  com.rs.mv.mvvs.client.catalog.from.config.DirsConfigReader - [client:400206]parse dir config information
2025-01-30 11:39:51.362 [pool-3-thread-1] INFO  com.rs.mv.mvvs.client.catalog.from.config.MappingConfigReader - [client:400207]parse mapping config information
2025-01-30 11:39:51.362 [pool-3-thread-1] INFO  com.rs.mv.mvvs.client.catalog.manager.U2CatalogManager - [client:400202]start a schedule task to get global/local catalog for side-channel, its period 5s 
2025-01-30 11:39:51.363 [pool-3-thread-1] INFO  com.rs.mv.mvvs.client.catalog.manager.U2CatalogManager - [client:400203]cache file auto update thread launch in side-channel-list account
2025-01-30 11:39:51.363 [pool-3-thread-1] INFO  com.rs.mv.mvvs.client.catalog.from.config.DirsConfigReader - [client:400206]parse dir config information
2025-01-30 11:39:51.363 [pool-3-thread-1] INFO  com.rs.mv.mvvs.client.catalog.from.config.MappingConfigReader - [client:400207]parse mapping config information
2025-01-30 11:39:51.363 [pool-3-thread-1] INFO  com.rs.mv.mvvs.client.catalog.manager.U2CatalogManager - [client:400202]start a schedule task to get global/local catalog for side-channel-list, its period 5s 
2025-01-30 11:39:51.363 [pool-3-thread-1] INFO  com.rs.mv.mvvs.client.catalog.manager.U2CatalogManager - [client:400203]cache file auto update thread launch in side-channel-map account
2025-01-30 11:39:51.363 [pool-3-thread-1] INFO  com.rs.mv.mvvs.client.catalog.from.config.DirsConfigReader - [client:400206]parse dir config information
2025-01-30 11:39:51.363 [pool-3-thread-1] INFO  com.rs.mv.mvvs.client.catalog.from.config.MappingConfigReader - [client:400207]parse mapping config information
2025-01-30 11:39:51.364 [pool-3-thread-1] INFO  com.rs.mv.mvvs.client.catalog.manager.U2CatalogManager - [client:400202]start a schedule task to get global/local catalog for side-channel-map, its period 5s 
2025-01-30 11:39:51.364 [pool-3-thread-1] INFO  com.rs.mv.mvvs.client.catalog.manager.U2CatalogManager - [client:400203]cache file auto update thread launch in side-channel-weakmap account
2025-01-30 11:39:51.364 [pool-3-thread-1] INFO  com.rs.mv.mvvs.client.catalog.from.config.DirsConfigReader - [client:400206]parse dir config information
2025-01-30 11:39:51.364 [pool-3-thread-1] INFO  com.rs.mv.mvvs.client.catalog.from.config.MappingConfigReader - [client:400207]parse mapping config information
2025-01-30 11:39:51.364 [pool-3-thread-1] INFO  com.rs.mv.mvvs.client.catalog.manager.U2CatalogManager - [client:400202]start a schedule task to get global/local catalog for side-channel-weakmap, its period 5s 
2025-01-30 11:39:51.364 [pool-3-thread-1] INFO  com.rs.mv.mvvs.client.catalog.manager.U2CatalogManager - [client:400203]cache file auto update thread launch in socket.io account
2025-01-30 11:39:51.364 [pool-3-thread-1] INFO  com.rs.mv.mvvs.client.catalog.from.config.DirsConfigReader - [client:400206]parse dir config information
2025-01-30 11:39:51.364 [pool-3-thread-1] INFO  com.rs.mv.mvvs.client.catalog.from.config.MappingConfigReader - [client:400207]parse mapping config information
2025-01-30 11:39:51.364 [pool-3-thread-1] INFO  com.rs.mv.mvvs.client.catalog.manager.U2CatalogManager - [client:400202]start a schedule task to get global/local catalog for socket.io, its period 5s 
2025-01-30 11:39:51.364 [pool-3-thread-1] INFO  com.rs.mv.mvvs.client.catalog.manager.U2CatalogManager - [client:400203]cache file auto update thread launch in node_modules account
2025-01-30 11:39:51.364 [pool-3-thread-1] INFO  com.rs.mv.mvvs.client.catalog.from.config.DirsConfigReader - [client:400206]parse dir config information
2025-01-30 11:39:51.364 [pool-3-thread-1] INFO  com.rs.mv.mvvs.client.catalog.from.config.MappingConfigReader - [client:400207]parse mapping config information
2025-01-30 11:39:51.364 [pool-3-thread-1] INFO  com.rs.mv.mvvs.client.catalog.manager.U2CatalogManager - [client:400202]start a schedule task to get global/local catalog for node_modules, its period 5s 
2025-01-30 11:39:51.365 [pool-3-thread-1] INFO  com.rs.mv.mvvs.client.catalog.manager.U2CatalogManager - [client:400203]cache file auto update thread launch in debug account
2025-01-30 11:39:51.365 [pool-3-thread-1] INFO  com.rs.mv.mvvs.client.catalog.from.config.DirsConfigReader - [client:400206]parse dir config information
2025-01-30 11:39:51.365 [pool-3-thread-1] INFO  com.rs.mv.mvvs.client.catalog.from.config.MappingConfigReader - [client:400207]parse mapping config information
2025-01-30 11:39:51.365 [pool-3-thread-1] INFO  com.rs.mv.mvvs.client.catalog.manager.U2CatalogManager - [client:400202]start a schedule task to get global/local catalog for debug, its period 5s 
2025-01-30 11:39:51.365 [pool-3-thread-1] INFO  com.rs.mv.mvvs.client.catalog.manager.U2CatalogManager - [client:400203]cache file auto update thread launch in socket.io-adapter account
2025-01-30 11:39:51.366 [pool-3-thread-1] INFO  com.rs.mv.mvvs.client.catalog.from.config.DirsConfigReader - [client:400206]parse dir config information
2025-01-30 11:39:51.366 [pool-3-thread-1] INFO  com.rs.mv.mvvs.client.catalog.from.config.MappingConfigReader - [client:400207]parse mapping config information
2025-01-30 11:39:51.366 [pool-3-thread-1] INFO  com.rs.mv.mvvs.client.catalog.manager.U2CatalogManager - [client:400202]start a schedule task to get global/local catalog for socket.io-adapter, its period 5s 
2025-01-30 11:39:51.366 [pool-3-thread-1] INFO  com.rs.mv.mvvs.client.catalog.manager.U2CatalogManager - [client:400203]cache file auto update thread launch in dist account
2025-01-30 11:39:51.366 [pool-3-thread-1] INFO  com.rs.mv.mvvs.client.catalog.from.config.DirsConfigReader - [client:400206]parse dir config information
2025-01-30 11:39:51.366 [pool-3-thread-1] INFO  com.rs.mv.mvvs.client.catalog.from.config.MappingConfigReader - [client:400207]parse mapping config information
2025-01-30 11:39:51.366 [pool-3-thread-1] INFO  com.rs.mv.mvvs.client.catalog.manager.U2CatalogManager - [client:400202]start a schedule task to get global/local catalog for dist, its period 5s 
2025-01-30 11:39:51.367 [pool-3-thread-1] INFO  com.rs.mv.mvvs.client.catalog.manager.U2CatalogManager - [client:400203]cache file auto update thread launch in node_modules account
2025-01-30 11:39:51.367 [pool-3-thread-1] INFO  com.rs.mv.mvvs.client.catalog.from.config.DirsConfigReader - [client:400206]parse dir config information
2025-01-30 11:39:51.367 [pool-3-thread-1] INFO  com.rs.mv.mvvs.client.catalog.from.config.MappingConfigReader - [client:400207]parse mapping config information
2025-01-30 11:39:51.367 [pool-3-thread-1] INFO  com.rs.mv.mvvs.client.catalog.manager.U2CatalogManager - [client:400202]start a schedule task to get global/local catalog for node_modules, its period 5s 
2025-01-30 11:39:51.367 [pool-3-thread-1] INFO  com.rs.mv.mvvs.client.catalog.manager.U2CatalogManager - [client:400203]cache file auto update thread launch in debug account
2025-01-30 11:39:51.367 [pool-3-thread-1] INFO  com.rs.mv.mvvs.client.catalog.from.config.DirsConfigReader - [client:400206]parse dir config information
2025-01-30 11:39:51.367 [pool-3-thread-1] INFO  com.rs.mv.mvvs.client.catalog.from.config.MappingConfigReader - [client:400207]parse mapping config information
2025-01-30 11:39:51.368 [pool-3-thread-1] INFO  com.rs.mv.mvvs.client.catalog.manager.U2CatalogManager - [client:400202]start a schedule task to get global/local catalog for debug, its period 5s 
2025-01-30 11:39:51.368 [pool-3-thread-1] INFO  com.rs.mv.mvvs.client.catalog.manager.U2CatalogManager - [client:400203]cache file auto update thread launch in socket.io-parser account
2025-01-30 11:39:51.368 [pool-3-thread-1] INFO  com.rs.mv.mvvs.client.catalog.from.config.DirsConfigReader - [client:400206]parse dir config information
2025-01-30 11:39:51.368 [pool-3-thread-1] INFO  com.rs.mv.mvvs.client.catalog.from.config.MappingConfigReader - [client:400207]parse mapping config information
2025-01-30 11:39:51.368 [pool-3-thread-1] INFO  com.rs.mv.mvvs.client.catalog.manager.U2CatalogManager - [client:400202]start a schedule task to get global/local catalog for socket.io-parser, its period 5s 
2025-01-30 11:39:51.368 [pool-3-thread-1] INFO  com.rs.mv.mvvs.client.catalog.manager.U2CatalogManager - [client:400203]cache file auto update thread launch in build account
2025-01-30 11:39:51.368 [pool-3-thread-1] INFO  com.rs.mv.mvvs.client.catalog.from.config.DirsConfigReader - [client:400206]parse dir config information
2025-01-30 11:39:51.368 [pool-3-thread-1] INFO  com.rs.mv.mvvs.client.catalog.from.config.MappingConfigReader - [client:400207]parse mapping config information
2025-01-30 11:39:51.369 [pool-3-thread-1] INFO  com.rs.mv.mvvs.client.catalog.manager.U2CatalogManager - [client:400202]start a schedule task to get global/local catalog for build, its period 5s 
2025-01-30 11:39:51.369 [pool-3-thread-1] INFO  com.rs.mv.mvvs.client.catalog.manager.U2CatalogManager - [client:400203]cache file auto update thread launch in node_modules account
2025-01-30 11:39:51.369 [pool-3-thread-1] INFO  com.rs.mv.mvvs.client.catalog.from.config.DirsConfigReader - [client:400206]parse dir config information
2025-01-30 11:39:51.369 [pool-3-thread-1] INFO  com.rs.mv.mvvs.client.catalog.from.config.MappingConfigReader - [client:400207]parse mapping config information
2025-01-30 11:39:51.369 [pool-3-thread-1] INFO  com.rs.mv.mvvs.client.catalog.manager.U2CatalogManager - [client:400202]start a schedule task to get global/local catalog for node_modules, its period 5s 
2025-01-30 11:39:51.369 [pool-3-thread-1] INFO  com.rs.mv.mvvs.client.catalog.manager.U2CatalogManager - [client:400203]cache file auto update thread launch in debug account
2025-01-30 11:39:51.369 [pool-3-thread-1] INFO  com.rs.mv.mvvs.client.catalog.from.config.DirsConfigReader - [client:400206]parse dir config information
2025-01-30 11:39:51.370 [pool-3-thread-1] INFO  com.rs.mv.mvvs.client.catalog.from.config.MappingConfigReader - [client:400207]parse mapping config information
2025-01-30 11:39:51.370 [pool-3-thread-1] INFO  com.rs.mv.mvvs.client.catalog.manager.U2CatalogManager - [client:400202]start a schedule task to get global/local catalog for debug, its period 5s 
2025-01-30 11:39:51.370 [pool-3-thread-1] INFO  com.rs.mv.mvvs.client.catalog.manager.U2CatalogManager - [client:400203]cache file auto update thread launch in ws account
2025-01-30 11:39:51.370 [pool-3-thread-1] INFO  com.rs.mv.mvvs.client.catalog.from.config.DirsConfigReader - [client:400206]parse dir config information
2025-01-30 11:39:51.370 [pool-3-thread-1] INFO  com.rs.mv.mvvs.client.catalog.from.config.MappingConfigReader - [client:400207]parse mapping config information
2025-01-30 11:39:51.370 [pool-3-thread-1] INFO  com.rs.mv.mvvs.client.catalog.manager.U2CatalogManager - [client:400202]start a schedule task to get global/local catalog for ws, its period 5s 
2025-01-30 11:39:51.371 [pool-3-thread-1] INFO  com.rs.mv.mvvs.client.catalog.manager.U2CatalogManager - [client:400203]cache file auto update thread launch in 07.Exercice-Chat en ligne account
2025-01-30 11:39:51.371 [pool-3-thread-1] INFO  com.rs.mv.mvvs.client.catalog.from.config.DirsConfigReader - [client:400206]parse dir config information
2025-01-30 11:39:51.371 [pool-3-thread-1] INFO  com.rs.mv.mvvs.client.catalog.from.config.MappingConfigReader - [client:400207]parse mapping config information
2025-01-30 11:39:51.371 [pool-3-thread-1] INFO  com.rs.mv.mvvs.client.catalog.manager.U2CatalogManager - [client:400202]start a schedule task to get global/local catalog for 07.Exercice-Chat en ligne, its period 5s 
2025-01-30 11:39:51.371 [pool-3-thread-1] INFO  com.rs.mv.mvvs.client.catalog.manager.U2CatalogManager - [client:400203]cache file auto update thread launch in node_modules account
2025-01-30 11:39:51.371 [pool-3-thread-1] INFO  com.rs.mv.mvvs.client.catalog.from.config.DirsConfigReader - [client:400206]parse dir config information
2025-01-30 11:39:51.371 [pool-3-thread-1] INFO  com.rs.mv.mvvs.client.catalog.from.config.MappingConfigReader - [client:400207]parse mapping config information
2025-01-30 11:39:51.371 [pool-3-thread-1] INFO  com.rs.mv.mvvs.client.catalog.manager.U2CatalogManager - [client:400202]start a schedule task to get global/local catalog for node_modules, its period 5s 
2025-01-30 11:39:51.372 [pool-3-thread-1] INFO  com.rs.mv.mvvs.client.catalog.manager.U2CatalogManager - [client:400203]cache file auto update thread launch in @socket.io account
2025-01-30 11:39:51.372 [pool-3-thread-1] INFO  com.rs.mv.mvvs.client.catalog.from.config.DirsConfigReader - [client:400206]parse dir config information
2025-01-30 11:39:51.372 [pool-3-thread-1] INFO  com.rs.mv.mvvs.client.catalog.from.config.MappingConfigReader - [client:400207]parse mapping config information
2025-01-30 11:39:51.372 [pool-3-thread-1] INFO  com.rs.mv.mvvs.client.catalog.manager.U2CatalogManager - [client:400202]start a schedule task to get global/local catalog for @socket.io, its period 5s 
2025-01-30 11:39:51.372 [pool-3-thread-1] INFO  com.rs.mv.mvvs.client.catalog.manager.U2CatalogManager - [client:400203]cache file auto update thread launch in component-emitter account
2025-01-30 11:39:51.373 [pool-3-thread-1] INFO  com.rs.mv.mvvs.client.catalog.from.config.DirsConfigReader - [client:400206]parse dir config information
2025-01-30 11:39:51.373 [pool-3-thread-1] INFO  com.rs.mv.mvvs.client.catalog.from.config.MappingConfigReader - [client:400207]parse mapping config information
2025-01-30 11:39:51.373 [pool-3-thread-1] INFO  com.rs.mv.mvvs.client.catalog.manager.U2CatalogManager - [client:400202]start a schedule task to get global/local catalog for component-emitter, its period 5s 
2025-01-30 11:39:51.373 [pool-3-thread-1] INFO  com.rs.mv.mvvs.client.catalog.manager.U2CatalogManager - [client:400203]cache file auto update thread launch in lib account
2025-01-30 11:39:51.373 [pool-3-thread-1] INFO  com.rs.mv.mvvs.client.catalog.from.config.DirsConfigReader - [client:400206]parse dir config information
2025-01-30 11:39:51.373 [pool-3-thread-1] INFO  com.rs.mv.mvvs.client.catalog.from.config.MappingConfigReader - [client:400207]parse mapping config information
2025-01-30 11:39:51.373 [pool-3-thread-1] INFO  com.rs.mv.mvvs.client.catalog.manager.U2CatalogManager - [client:400202]start a schedule task to get global/local catalog for lib, its period 5s 
2025-01-30 11:39:51.374 [pool-3-thread-1] INFO  com.rs.mv.mvvs.client.catalog.manager.U2CatalogManager - [client:400203]cache file auto update thread launch in @types account
2025-01-30 11:39:51.374 [pool-3-thread-1] INFO  com.rs.mv.mvvs.client.catalog.from.config.DirsConfigReader - [client:400206]parse dir config information
2025-01-30 11:39:51.374 [pool-3-thread-1] INFO  com.rs.mv.mvvs.client.catalog.from.config.MappingConfigReader - [client:400207]parse mapping config information
2025-01-30 11:39:51.374 [pool-3-thread-1] INFO  com.rs.mv.mvvs.client.catalog.manager.U2CatalogManager - [client:400202]start a schedule task to get global/local catalog for @types, its period 5s 
2025-01-30 11:39:51.374 [pool-3-thread-1] INFO  com.rs.mv.mvvs.client.catalog.manager.U2CatalogManager - [client:400203]cache file auto update thread launch in node account
2025-01-30 11:39:51.375 [pool-3-thread-1] INFO  com.rs.mv.mvvs.client.catalog.from.config.DirsConfigReader - [client:400206]parse dir config information
2025-01-30 11:39:51.375 [pool-3-thread-1] INFO  com.rs.mv.mvvs.client.catalog.from.config.MappingConfigReader - [client:400207]parse mapping config information
2025-01-30 11:39:51.375 [pool-3-thread-1] INFO  com.rs.mv.mvvs.client.catalog.manager.U2CatalogManager - [client:400202]start a schedule task to get global/local catalog for node, its period 5s 
2025-01-30 11:39:51.375 [pool-3-thread-1] INFO  com.rs.mv.mvvs.client.catalog.manager.U2CatalogManager - [client:400203]cache file auto update thread launch in base64id account
2025-01-30 11:39:51.375 [pool-3-thread-1] INFO  com.rs.mv.mvvs.client.catalog.from.config.DirsConfigReader - [client:400206]parse dir config information
2025-01-30 11:39:51.376 [pool-3-thread-1] INFO  com.rs.mv.mvvs.client.catalog.from.config.MappingConfigReader - [client:400207]parse mapping config information
2025-01-30 11:39:51.376 [pool-3-thread-1] INFO  com.rs.mv.mvvs.client.catalog.manager.U2CatalogManager - [client:400202]start a schedule task to get global/local catalog for base64id, its period 5s 
2025-01-30 11:39:51.376 [pool-3-thread-1] INFO  com.rs.mv.mvvs.client.catalog.manager.U2CatalogManager - [client:400203]cache file auto update thread launch in body-parser account
2025-01-30 11:39:51.376 [pool-3-thread-1] INFO  com.rs.mv.mvvs.client.catalog.from.config.DirsConfigReader - [client:400206]parse dir config information
2025-01-30 11:39:51.376 [pool-3-thread-1] INFO  com.rs.mv.mvvs.client.catalog.from.config.MappingConfigReader - [client:400207]parse mapping config information
2025-01-30 11:39:51.377 [pool-3-thread-1] INFO  com.rs.mv.mvvs.client.catalog.manager.U2CatalogManager - [client:400202]start a schedule task to get global/local catalog for body-parser, its period 5s 
2025-01-30 11:39:51.377 [pool-3-thread-1] INFO  com.rs.mv.mvvs.client.catalog.manager.U2CatalogManager - [client:400203]cache file auto update thread launch in lib account
2025-01-30 11:39:51.377 [pool-3-thread-1] INFO  com.rs.mv.mvvs.client.catalog.from.config.DirsConfigReader - [client:400206]parse dir config information
2025-01-30 11:39:51.377 [pool-3-thread-1] INFO  com.rs.mv.mvvs.client.catalog.from.config.MappingConfigReader - [client:400207]parse mapping config information
2025-01-30 11:39:51.377 [pool-3-thread-1] INFO  com.rs.mv.mvvs.client.catalog.manager.U2CatalogManager - [client:400202]start a schedule task to get global/local catalog for lib, its period 5s 
2025-01-30 11:39:51.377 [pool-3-thread-1] INFO  com.rs.mv.mvvs.client.catalog.manager.U2CatalogManager - [client:400203]cache file auto update thread launch in call-bind-apply-helpers account
2025-01-30 11:39:51.378 [pool-3-thread-1] INFO  com.rs.mv.mvvs.client.catalog.from.config.DirsConfigReader - [client:400206]parse dir config information
2025-01-30 11:39:51.378 [pool-3-thread-1] INFO  com.rs.mv.mvvs.client.catalog.from.config.MappingConfigReader - [client:400207]parse mapping config information
2025-01-30 11:39:51.378 [pool-3-thread-1] INFO  com.rs.mv.mvvs.client.catalog.manager.U2CatalogManager - [client:400202]start a schedule task to get global/local catalog for call-bind-apply-helpers, its period 5s 
2025-01-30 11:39:51.378 [pool-3-thread-1] INFO  com.rs.mv.mvvs.client.catalog.manager.U2CatalogManager - [client:400203]cache file auto update thread launch in call-bound account
2025-01-30 11:39:51.378 [pool-3-thread-1] INFO  com.rs.mv.mvvs.client.catalog.from.config.DirsConfigReader - [client:400206]parse dir config information
2025-01-30 11:39:51.378 [pool-3-thread-1] INFO  com.rs.mv.mvvs.client.catalog.from.config.MappingConfigReader - [client:400207]parse mapping config information
2025-01-30 11:39:51.379 [pool-3-thread-1] INFO  com.rs.mv.mvvs.client.catalog.manager.U2CatalogManager - [client:400202]start a schedule task to get global/local catalog for call-bound, its period 5s 
2025-01-30 11:39:51.379 [pool-3-thread-1] INFO  com.rs.mv.mvvs.client.catalog.manager.U2CatalogManager - [client:400203]cache file auto update thread launch in cors account
2025-01-30 11:39:51.379 [pool-3-thread-1] INFO  com.rs.mv.mvvs.client.catalog.from.config.DirsConfigReader - [client:400206]parse dir config information
2025-01-30 11:39:51.379 [pool-3-thread-1] INFO  com.rs.mv.mvvs.client.catalog.from.config.MappingConfigReader - [client:400207]parse mapping config information
2025-01-30 11:39:51.379 [pool-3-thread-1] INFO  com.rs.mv.mvvs.client.catalog.manager.U2CatalogManager - [client:400202]start a schedule task to get global/local catalog for cors, its period 5s 
2025-01-30 11:39:51.379 [pool-3-thread-1] INFO  com.rs.mv.mvvs.client.catalog.manager.U2CatalogManager - [client:400203]cache file auto update thread launch in debug account
2025-01-30 11:39:51.379 [pool-3-thread-1] INFO  com.rs.mv.mvvs.client.catalog.from.config.DirsConfigReader - [client:400206]parse dir config information
2025-01-30 11:39:51.380 [pool-3-thread-1] INFO  com.rs.mv.mvvs.client.catalog.from.config.MappingConfigReader - [client:400207]parse mapping config information
2025-01-30 11:39:51.380 [pool-3-thread-1] INFO  com.rs.mv.mvvs.client.catalog.manager.U2CatalogManager - [client:400202]start a schedule task to get global/local catalog for debug, its period 5s 
2025-01-30 11:39:51.380 [pool-3-thread-1] INFO  com.rs.mv.mvvs.client.catalog.manager.U2CatalogManager - [client:400203]cache file auto update thread launch in depd account
2025-01-30 11:39:51.380 [pool-3-thread-1] INFO  com.rs.mv.mvvs.client.catalog.from.config.DirsConfigReader - [client:400206]parse dir config information
2025-01-30 11:39:51.380 [pool-3-thread-1] INFO  com.rs.mv.mvvs.client.catalog.from.config.MappingConfigReader - [client:400207]parse mapping config information
2025-01-30 11:39:51.380 [pool-3-thread-1] INFO  com.rs.mv.mvvs.client.catalog.manager.U2CatalogManager - [client:400202]start a schedule task to get global/local catalog for depd, its period 5s 
2025-01-30 11:39:51.380 [pool-3-thread-1] INFO  com.rs.mv.mvvs.client.catalog.manager.U2CatalogManager - [client:400203]cache file auto update thread launch in lib account
2025-01-30 11:39:51.381 [pool-3-thread-1] INFO  com.rs.mv.mvvs.client.catalog.from.config.DirsConfigReader - [client:400206]parse dir config information
2025-01-30 11:39:51.381 [pool-3-thread-1] INFO  com.rs.mv.mvvs.client.catalog.from.config.MappingConfigReader - [client:400207]parse mapping config information
2025-01-30 11:39:51.381 [pool-3-thread-1] INFO  com.rs.mv.mvvs.client.catalog.manager.U2CatalogManager - [client:400202]start a schedule task to get global/local catalog for lib, its period 5s 
2025-01-30 11:39:51.381 [pool-3-thread-1] INFO  com.rs.mv.mvvs.client.catalog.manager.U2CatalogManager - [client:400203]cache file auto update thread launch in dunder-proto account
2025-01-30 11:39:51.381 [pool-3-thread-1] INFO  com.rs.mv.mvvs.client.catalog.from.config.DirsConfigReader - [client:400206]parse dir config information
2025-01-30 11:39:51.381 [pool-3-thread-1] INFO  com.rs.mv.mvvs.client.catalog.from.config.MappingConfigReader - [client:400207]parse mapping config information
2025-01-30 11:39:51.382 [pool-3-thread-1] INFO  com.rs.mv.mvvs.client.catalog.manager.U2CatalogManager - [client:400202]start a schedule task to get global/local catalog for dunder-proto, its period 5s 
2025-01-30 11:39:51.382 [pool-3-thread-1] INFO  com.rs.mv.mvvs.client.catalog.manager.U2CatalogManager - [client:400203]cache file auto update thread launch in engine.io account
2025-01-30 11:39:51.382 [pool-3-thread-1] INFO  com.rs.mv.mvvs.client.catalog.from.config.DirsConfigReader - [client:400206]parse dir config information
2025-01-30 11:39:51.382 [pool-3-thread-1] INFO  com.rs.mv.mvvs.client.catalog.from.config.MappingConfigReader - [client:400207]parse mapping config information
2025-01-30 11:39:51.382 [pool-3-thread-1] INFO  com.rs.mv.mvvs.client.catalog.manager.U2CatalogManager - [client:400202]start a schedule task to get global/local catalog for engine.io, its period 5s 
2025-01-30 11:39:51.382 [pool-3-thread-1] INFO  com.rs.mv.mvvs.client.catalog.manager.U2CatalogManager - [client:400203]cache file auto update thread launch in build account
2025-01-30 11:39:51.383 [pool-3-thread-1] INFO  com.rs.mv.mvvs.client.catalog.from.config.DirsConfigReader - [client:400206]parse dir config information
2025-01-30 11:39:51.383 [pool-3-thread-1] INFO  com.rs.mv.mvvs.client.catalog.from.config.MappingConfigReader - [client:400207]parse mapping config information
2025-01-30 11:39:51.383 [pool-3-thread-1] INFO  com.rs.mv.mvvs.client.catalog.manager.U2CatalogManager - [client:400202]start a schedule task to get global/local catalog for build, its period 5s 
2025-01-30 11:39:51.383 [pool-3-thread-1] INFO  com.rs.mv.mvvs.client.catalog.manager.U2CatalogManager - [client:400203]cache file auto update thread launch in node_modules account
2025-01-30 11:39:51.383 [pool-3-thread-1] INFO  com.rs.mv.mvvs.client.catalog.from.config.DirsConfigReader - [client:400206]parse dir config information
2025-01-30 11:39:51.383 [pool-3-thread-1] INFO  com.rs.mv.mvvs.client.catalog.from.config.MappingConfigReader - [client:400207]parse mapping config information
2025-01-30 11:39:51.383 [pool-3-thread-1] INFO  com.rs.mv.mvvs.client.catalog.manager.U2CatalogManager - [client:400202]start a schedule task to get global/local catalog for node_modules, its period 5s 
2025-01-30 11:39:51.384 [pool-3-thread-1] INFO  com.rs.mv.mvvs.client.catalog.manager.U2CatalogManager - [client:400203]cache file auto update thread launch in cookie account
2025-01-30 11:39:51.384 [pool-3-thread-1] INFO  com.rs.mv.mvvs.client.catalog.from.config.DirsConfigReader - [client:400206]parse dir config information
2025-01-30 11:39:51.384 [pool-3-thread-1] INFO  com.rs.mv.mvvs.client.catalog.from.config.MappingConfigReader - [client:400207]parse mapping config information
2025-01-30 11:39:51.384 [pool-3-thread-1] INFO  com.rs.mv.mvvs.client.catalog.manager.U2CatalogManager - [client:400202]start a schedule task to get global/local catalog for cookie, its period 5s 
2025-01-30 11:39:51.384 [pool-3-thread-1] INFO  com.rs.mv.mvvs.client.catalog.manager.U2CatalogManager - [client:400203]cache file auto update thread launch in debug account
2025-01-30 11:39:51.384 [pool-3-thread-1] INFO  com.rs.mv.mvvs.client.catalog.from.config.DirsConfigReader - [client:400206]parse dir config information
2025-01-30 11:39:51.384 [pool-3-thread-1] INFO  com.rs.mv.mvvs.client.catalog.from.config.MappingConfigReader - [client:400207]parse mapping config information
2025-01-30 11:39:51.385 [pool-3-thread-1] INFO  com.rs.mv.mvvs.client.catalog.manager.U2CatalogManager - [client:400202]start a schedule task to get global/local catalog for debug, its period 5s 
2025-01-30 11:39:51.385 [pool-3-thread-1] INFO  com.rs.mv.mvvs.client.catalog.manager.U2CatalogManager - [client:400203]cache file auto update thread launch in engine.io-parser account
2025-01-30 11:39:51.385 [pool-3-thread-1] INFO  com.rs.mv.mvvs.client.catalog.from.config.DirsConfigReader - [client:400206]parse dir config information
2025-01-30 11:39:51.385 [pool-3-thread-1] INFO  com.rs.mv.mvvs.client.catalog.from.config.MappingConfigReader - [client:400207]parse mapping config information
2025-01-30 11:39:51.385 [pool-3-thread-1] INFO  com.rs.mv.mvvs.client.catalog.manager.U2CatalogManager - [client:400202]start a schedule task to get global/local catalog for engine.io-parser, its period 5s 
2025-01-30 11:39:51.386 [pool-3-thread-1] INFO  com.rs.mv.mvvs.client.catalog.manager.U2CatalogManager - [client:400203]cache file auto update thread launch in build account
2025-01-30 11:39:51.386 [pool-3-thread-1] INFO  com.rs.mv.mvvs.client.catalog.from.config.DirsConfigReader - [client:400206]parse dir config information
2025-01-30 11:39:51.386 [pool-3-thread-1] INFO  com.rs.mv.mvvs.client.catalog.from.config.MappingConfigReader - [client:400207]parse mapping config information
2025-01-30 11:39:51.386 [pool-3-thread-1] INFO  com.rs.mv.mvvs.client.catalog.manager.U2CatalogManager - [client:400202]start a schedule task to get global/local catalog for build, its period 5s 
2025-01-30 11:39:51.387 [pool-3-thread-1] INFO  com.rs.mv.mvvs.client.catalog.manager.U2CatalogManager - [client:400203]cache file auto update thread launch in cjs account
2025-01-30 11:39:51.387 [pool-3-thread-1] INFO  com.rs.mv.mvvs.client.catalog.from.config.DirsConfigReader - [client:400206]parse dir config information
2025-01-30 11:39:51.387 [pool-3-thread-1] INFO  com.rs.mv.mvvs.client.catalog.from.config.MappingConfigReader - [client:400207]parse mapping config information
2025-01-30 11:39:51.387 [pool-3-thread-1] INFO  com.rs.mv.mvvs.client.catalog.manager.U2CatalogManager - [client:400202]start a schedule task to get global/local catalog for cjs, its period 5s 
2025-01-30 11:39:51.387 [pool-3-thread-1] INFO  com.rs.mv.mvvs.client.catalog.manager.U2CatalogManager - [client:400203]cache file auto update thread launch in esm account
2025-01-30 11:39:51.387 [pool-3-thread-1] INFO  com.rs.mv.mvvs.client.catalog.from.config.DirsConfigReader - [client:400206]parse dir config information
2025-01-30 11:39:51.387 [pool-3-thread-1] INFO  com.rs.mv.mvvs.client.catalog.from.config.MappingConfigReader - [client:400207]parse mapping config information
2025-01-30 11:39:51.387 [pool-3-thread-1] INFO  com.rs.mv.mvvs.client.catalog.manager.U2CatalogManager - [client:400202]start a schedule task to get global/local catalog for esm, its period 5s 
2025-01-30 11:39:51.387 [pool-3-thread-1] INFO  com.rs.mv.mvvs.client.catalog.manager.U2CatalogManager - [client:400203]cache file auto update thread launch in es-define-property account
2025-01-30 11:39:51.389 [pool-3-thread-1] INFO  com.rs.mv.mvvs.client.catalog.from.config.DirsConfigReader - [client:400206]parse dir config information
2025-01-30 11:39:51.389 [pool-3-thread-1] INFO  com.rs.mv.mvvs.client.catalog.from.config.MappingConfigReader - [client:400207]parse mapping config information
2025-01-30 11:39:51.389 [pool-3-thread-1] INFO  com.rs.mv.mvvs.client.catalog.manager.U2CatalogManager - [client:400202]start a schedule task to get global/local catalog for es-define-property, its period 5s 
2025-01-30 11:39:51.389 [pool-3-thread-1] INFO  com.rs.mv.mvvs.client.catalog.manager.U2CatalogManager - [client:400203]cache file auto update thread launch in es-errors account
2025-01-30 11:39:51.389 [pool-3-thread-1] INFO  com.rs.mv.mvvs.client.catalog.from.config.DirsConfigReader - [client:400206]parse dir config information
2025-01-30 11:39:51.389 [pool-3-thread-1] INFO  com.rs.mv.mvvs.client.catalog.from.config.MappingConfigReader - [client:400207]parse mapping config information
2025-01-30 11:39:51.389 [pool-3-thread-1] INFO  com.rs.mv.mvvs.client.catalog.manager.U2CatalogManager - [client:400202]start a schedule task to get global/local catalog for es-errors, its period 5s 
2025-01-30 11:39:51.390 [pool-3-thread-1] INFO  com.rs.mv.mvvs.client.catalog.manager.U2CatalogManager - [client:400203]cache file auto update thread launch in es-object-atoms account
2025-01-30 11:39:51.390 [pool-3-thread-1] INFO  com.rs.mv.mvvs.client.catalog.from.config.DirsConfigReader - [client:400206]parse dir config information
2025-01-30 11:39:51.390 [pool-3-thread-1] INFO  com.rs.mv.mvvs.client.catalog.from.config.MappingConfigReader - [client:400207]parse mapping config information
2025-01-30 11:39:51.390 [pool-3-thread-1] INFO  com.rs.mv.mvvs.client.catalog.manager.U2CatalogManager - [client:400202]start a schedule task to get global/local catalog for es-object-atoms, its period 5s 
2025-01-30 11:39:51.390 [pool-3-thread-1] INFO  com.rs.mv.mvvs.client.catalog.manager.U2CatalogManager - [client:400203]cache file auto update thread launch in express account
2025-01-30 11:39:51.390 [pool-3-thread-1] INFO  com.rs.mv.mvvs.client.catalog.from.config.DirsConfigReader - [client:400206]parse dir config information
2025-01-30 11:39:51.390 [pool-3-thread-1] INFO  com.rs.mv.mvvs.client.catalog.from.config.MappingConfigReader - [client:400207]parse mapping config information
2025-01-30 11:39:51.390 [pool-3-thread-1] INFO  com.rs.mv.mvvs.client.catalog.manager.U2CatalogManager - [client:400202]start a schedule task to get global/local catalog for express, its period 5s 
2025-01-30 11:39:51.390 [pool-3-thread-1] INFO  com.rs.mv.mvvs.client.catalog.manager.U2CatalogManager - [client:400203]cache file auto update thread launch in lib account
2025-01-30 11:39:51.390 [pool-3-thread-1] INFO  com.rs.mv.mvvs.client.catalog.from.config.DirsConfigReader - [client:400206]parse dir config information
2025-01-30 11:39:51.390 [pool-3-thread-1] INFO  com.rs.mv.mvvs.client.catalog.from.config.MappingConfigReader - [client:400207]parse mapping config information
2025-01-30 11:39:51.390 [pool-3-thread-1] INFO  com.rs.mv.mvvs.client.catalog.manager.U2CatalogManager - [client:400202]start a schedule task to get global/local catalog for lib, its period 5s 
2025-01-30 11:39:51.390 [pool-3-thread-1] INFO  com.rs.mv.mvvs.client.catalog.manager.U2CatalogManager - [client:400203]cache file auto update thread launch in function-bind account
2025-01-30 11:39:51.390 [pool-3-thread-1] INFO  com.rs.mv.mvvs.client.catalog.from.config.DirsConfigReader - [client:400206]parse dir config information
2025-01-30 11:39:51.390 [pool-3-thread-1] INFO  com.rs.mv.mvvs.client.catalog.from.config.MappingConfigReader - [client:400207]parse mapping config information
2025-01-30 11:39:51.391 [pool-3-thread-1] INFO  com.rs.mv.mvvs.client.catalog.manager.U2CatalogManager - [client:400202]start a schedule task to get global/local catalog for function-bind, its period 5s 
2025-01-30 11:39:51.391 [pool-3-thread-1] INFO  com.rs.mv.mvvs.client.catalog.manager.U2CatalogManager - [client:400203]cache file auto update thread launch in get-intrinsic account
2025-01-30 11:39:51.391 [pool-3-thread-1] INFO  com.rs.mv.mvvs.client.catalog.from.config.DirsConfigReader - [client:400206]parse dir config information
2025-01-30 11:39:51.391 [pool-3-thread-1] INFO  com.rs.mv.mvvs.client.catalog.from.config.MappingConfigReader - [client:400207]parse mapping config information
2025-01-30 11:39:51.391 [pool-3-thread-1] INFO  com.rs.mv.mvvs.client.catalog.manager.U2CatalogManager - [client:400202]start a schedule task to get global/local catalog for get-intrinsic, its period 5s 
2025-01-30 11:39:51.391 [pool-3-thread-1] INFO  com.rs.mv.mvvs.client.catalog.manager.U2CatalogManager - [client:400203]cache file auto update thread launch in get-proto account
2025-01-30 11:39:51.392 [pool-3-thread-1] INFO  com.rs.mv.mvvs.client.catalog.from.config.DirsConfigReader - [client:400206]parse dir config information
2025-01-30 11:39:51.392 [pool-3-thread-1] INFO  com.rs.mv.mvvs.client.catalog.from.config.MappingConfigReader - [client:400207]parse mapping config information
2025-01-30 11:39:51.392 [pool-3-thread-1] INFO  com.rs.mv.mvvs.client.catalog.manager.U2CatalogManager - [client:400202]start a schedule task to get global/local catalog for get-proto, its period 5s 
2025-01-30 11:39:51.392 [pool-3-thread-1] INFO  com.rs.mv.mvvs.client.catalog.manager.U2CatalogManager - [client:400203]cache file auto update thread launch in gopd account
2025-01-30 11:39:51.392 [pool-3-thread-1] INFO  com.rs.mv.mvvs.client.catalog.from.config.DirsConfigReader - [client:400206]parse dir config information
2025-01-30 11:39:51.393 [pool-3-thread-1] INFO  com.rs.mv.mvvs.client.catalog.from.config.MappingConfigReader - [client:400207]parse mapping config information
2025-01-30 11:39:51.393 [pool-3-thread-1] INFO  com.rs.mv.mvvs.client.catalog.manager.U2CatalogManager - [client:400202]start a schedule task to get global/local catalog for gopd, its period 5s 
2025-01-30 11:39:51.393 [pool-3-thread-1] INFO  com.rs.mv.mvvs.client.catalog.manager.U2CatalogManager - [client:400203]cache file auto update thread launch in has-symbols account
2025-01-30 11:39:51.393 [pool-3-thread-1] INFO  com.rs.mv.mvvs.client.catalog.from.config.DirsConfigReader - [client:400206]parse dir config information
2025-01-30 11:39:51.393 [pool-3-thread-1] INFO  com.rs.mv.mvvs.client.catalog.from.config.MappingConfigReader - [client:400207]parse mapping config information
2025-01-30 11:39:51.393 [pool-3-thread-1] INFO  com.rs.mv.mvvs.client.catalog.manager.U2CatalogManager - [client:400202]start a schedule task to get global/local catalog for has-symbols, its period 5s 
2025-01-30 11:39:51.394 [pool-3-thread-1] INFO  com.rs.mv.mvvs.client.catalog.manager.U2CatalogManager - [client:400203]cache file auto update thread launch in test account
2025-01-30 11:39:51.394 [pool-3-thread-1] INFO  com.rs.mv.mvvs.client.catalog.from.config.DirsConfigReader - [client:400206]parse dir config information
2025-01-30 11:39:51.394 [pool-3-thread-1] INFO  com.rs.mv.mvvs.client.catalog.from.config.MappingConfigReader - [client:400207]parse mapping config information
2025-01-30 11:39:51.394 [pool-3-thread-1] INFO  com.rs.mv.mvvs.client.catalog.manager.U2CatalogManager - [client:400202]start a schedule task to get global/local catalog for test, its period 5s 
2025-01-30 11:39:51.394 [pool-3-thread-1] INFO  com.rs.mv.mvvs.client.catalog.manager.U2CatalogManager - [client:400203]cache file auto update thread launch in hasown account
2025-01-30 11:39:51.394 [pool-3-thread-1] INFO  com.rs.mv.mvvs.client.catalog.from.config.DirsConfigReader - [client:400206]parse dir config information
2025-01-30 11:39:51.394 [pool-3-thread-1] INFO  com.rs.mv.mvvs.client.catalog.from.config.MappingConfigReader - [client:400207]parse mapping config information
2025-01-30 11:39:51.395 [pool-3-thread-1] INFO  com.rs.mv.mvvs.client.catalog.manager.U2CatalogManager - [client:400202]start a schedule task to get global/local catalog for hasown, its period 5s 
2025-01-30 11:39:51.395 [pool-3-thread-1] INFO  com.rs.mv.mvvs.client.catalog.manager.U2CatalogManager - [client:400203]cache file auto update thread launch in iconv-lite account
2025-01-30 11:39:51.395 [pool-3-thread-1] INFO  com.rs.mv.mvvs.client.catalog.from.config.DirsConfigReader - [client:400206]parse dir config information
2025-01-30 11:39:51.395 [pool-3-thread-1] INFO  com.rs.mv.mvvs.client.catalog.from.config.MappingConfigReader - [client:400207]parse mapping config information
2025-01-30 11:39:51.395 [pool-3-thread-1] INFO  com.rs.mv.mvvs.client.catalog.manager.U2CatalogManager - [client:400202]start a schedule task to get global/local catalog for iconv-lite, its period 5s 
2025-01-30 11:39:51.395 [pool-3-thread-1] INFO  com.rs.mv.mvvs.client.catalog.manager.U2CatalogManager - [client:400203]cache file auto update thread launch in encodings account
2025-01-30 11:39:51.396 [pool-3-thread-1] INFO  com.rs.mv.mvvs.client.catalog.from.config.DirsConfigReader - [client:400206]parse dir config information
2025-01-30 11:39:51.396 [pool-3-thread-1] INFO  com.rs.mv.mvvs.client.catalog.from.config.MappingConfigReader - [client:400207]parse mapping config information
2025-01-30 11:39:51.396 [pool-3-thread-1] INFO  com.rs.mv.mvvs.client.catalog.manager.U2CatalogManager - [client:400202]start a schedule task to get global/local catalog for encodings, its period 5s 
2025-01-30 11:39:51.396 [pool-3-thread-1] INFO  com.rs.mv.mvvs.client.catalog.manager.U2CatalogManager - [client:400203]cache file auto update thread launch in ipaddr.js account
2025-01-30 11:39:51.396 [pool-3-thread-1] INFO  com.rs.mv.mvvs.client.catalog.from.config.DirsConfigReader - [client:400206]parse dir config information
2025-01-30 11:39:51.396 [pool-3-thread-1] INFO  com.rs.mv.mvvs.client.catalog.from.config.MappingConfigReader - [client:400207]parse mapping config information
2025-01-30 11:39:51.397 [pool-3-thread-1] INFO  com.rs.mv.mvvs.client.catalog.manager.U2CatalogManager - [client:400202]start a schedule task to get global/local catalog for ipaddr.js, its period 5s 
2025-01-30 11:39:51.397 [pool-3-thread-1] INFO  com.rs.mv.mvvs.client.catalog.manager.U2CatalogManager - [client:400203]cache file auto update thread launch in math-intrinsics account
2025-01-30 11:39:51.397 [pool-3-thread-1] INFO  com.rs.mv.mvvs.client.catalog.from.config.DirsConfigReader - [client:400206]parse dir config information
2025-01-30 11:39:51.397 [pool-3-thread-1] INFO  com.rs.mv.mvvs.client.catalog.from.config.MappingConfigReader - [client:400207]parse mapping config information
2025-01-30 11:39:51.397 [pool-3-thread-1] INFO  com.rs.mv.mvvs.client.catalog.manager.U2CatalogManager - [client:400202]start a schedule task to get global/local catalog for math-intrinsics, its period 5s 
2025-01-30 11:39:51.397 [pool-3-thread-1] INFO  com.rs.mv.mvvs.client.catalog.manager.U2CatalogManager - [client:400203]cache file auto update thread launch in mime account
2025-01-30 11:39:51.398 [pool-3-thread-1] INFO  com.rs.mv.mvvs.client.catalog.from.config.DirsConfigReader - [client:400206]parse dir config information
2025-01-30 11:39:51.398 [pool-3-thread-1] INFO  com.rs.mv.mvvs.client.catalog.from.config.MappingConfigReader - [client:400207]parse mapping config information
2025-01-30 11:39:51.398 [pool-3-thread-1] INFO  com.rs.mv.mvvs.client.catalog.manager.U2CatalogManager - [client:400202]start a schedule task to get global/local catalog for mime, its period 5s 
2025-01-30 11:39:51.398 [pool-3-thread-1] INFO  com.rs.mv.mvvs.client.catalog.manager.U2CatalogManager - [client:400203]cache file auto update thread launch in negotiator account
2025-01-30 11:39:51.398 [pool-3-thread-1] INFO  com.rs.mv.mvvs.client.catalog.from.config.DirsConfigReader - [client:400206]parse dir config information
2025-01-30 11:39:51.398 [pool-3-thread-1] INFO  com.rs.mv.mvvs.client.catalog.from.config.MappingConfigReader - [client:400207]parse mapping config information
2025-01-30 11:39:51.398 [pool-3-thread-1] INFO  com.rs.mv.mvvs.client.catalog.manager.U2CatalogManager - [client:400202]start a schedule task to get global/local catalog for negotiator, its period 5s 
2025-01-30 11:39:51.398 [pool-3-thread-1] INFO  com.rs.mv.mvvs.client.catalog.manager.U2CatalogManager - [client:400203]cache file auto update thread launch in object-inspect account
2025-01-30 11:39:51.399 [pool-3-thread-1] INFO  com.rs.mv.mvvs.client.catalog.from.config.DirsConfigReader - [client:400206]parse dir config information
2025-01-30 11:39:51.399 [pool-3-thread-1] INFO  com.rs.mv.mvvs.client.catalog.from.config.MappingConfigReader - [client:400207]parse mapping config information
2025-01-30 11:39:51.399 [pool-3-thread-1] INFO  com.rs.mv.mvvs.client.catalog.manager.U2CatalogManager - [client:400202]start a schedule task to get global/local catalog for object-inspect, its period 5s 
2025-01-30 11:39:51.399 [pool-3-thread-1] INFO  com.rs.mv.mvvs.client.catalog.manager.U2CatalogManager - [client:400203]cache file auto update thread launch in test account
2025-01-30 11:39:51.399 [pool-3-thread-1] INFO  com.rs.mv.mvvs.client.catalog.from.config.DirsConfigReader - [client:400206]parse dir config information
2025-01-30 11:39:51.399 [pool-3-thread-1] INFO  com.rs.mv.mvvs.client.catalog.from.config.MappingConfigReader - [client:400207]parse mapping config information
2025-01-30 11:39:51.399 [pool-3-thread-1] INFO  com.rs.mv.mvvs.client.catalog.manager.U2CatalogManager - [client:400202]start a schedule task to get global/local catalog for test, its period 5s 
2025-01-30 11:39:51.400 [pool-3-thread-1] INFO  com.rs.mv.mvvs.client.catalog.manager.U2CatalogManager - [client:400203]cache file auto update thread launch in qs account
2025-01-30 11:39:51.400 [pool-3-thread-1] INFO  com.rs.mv.mvvs.client.catalog.from.config.DirsConfigReader - [client:400206]parse dir config information
2025-01-30 11:39:51.400 [pool-3-thread-1] INFO  com.rs.mv.mvvs.client.catalog.from.config.MappingConfigReader - [client:400207]parse mapping config information
2025-01-30 11:39:51.400 [pool-3-thread-1] INFO  com.rs.mv.mvvs.client.catalog.manager.U2CatalogManager - [client:400202]start a schedule task to get global/local catalog for qs, its period 5s 
2025-01-30 11:39:51.400 [pool-3-thread-1] INFO  com.rs.mv.mvvs.client.catalog.manager.U2CatalogManager - [client:400203]cache file auto update thread launch in send account
2025-01-30 11:39:51.400 [pool-3-thread-1] INFO  com.rs.mv.mvvs.client.catalog.from.config.DirsConfigReader - [client:400206]parse dir config information
2025-01-30 11:39:51.400 [pool-3-thread-1] INFO  com.rs.mv.mvvs.client.catalog.from.config.MappingConfigReader - [client:400207]parse mapping config information
2025-01-30 11:39:51.400 [pool-3-thread-1] INFO  com.rs.mv.mvvs.client.catalog.manager.U2CatalogManager - [client:400202]start a schedule task to get global/local catalog for send, its period 5s 
2025-01-30 11:39:51.400 [pool-3-thread-1] INFO  com.rs.mv.mvvs.client.catalog.manager.U2CatalogManager - [client:400203]cache file auto update thread launch in node_modules account
2025-01-30 11:39:51.401 [pool-3-thread-1] INFO  com.rs.mv.mvvs.client.catalog.from.config.DirsConfigReader - [client:400206]parse dir config information
2025-01-30 11:39:51.401 [pool-3-thread-1] INFO  com.rs.mv.mvvs.client.catalog.from.config.MappingConfigReader - [client:400207]parse mapping config information
2025-01-30 11:39:51.401 [pool-3-thread-1] INFO  com.rs.mv.mvvs.client.catalog.manager.U2CatalogManager - [client:400202]start a schedule task to get global/local catalog for node_modules, its period 5s 
2025-01-30 11:39:51.401 [pool-3-thread-1] INFO  com.rs.mv.mvvs.client.catalog.manager.U2CatalogManager - [client:400203]cache file auto update thread launch in setprototypeof account
2025-01-30 11:39:51.401 [pool-3-thread-1] INFO  com.rs.mv.mvvs.client.catalog.from.config.DirsConfigReader - [client:400206]parse dir config information
2025-01-30 11:39:51.401 [pool-3-thread-1] INFO  com.rs.mv.mvvs.client.catalog.from.config.MappingConfigReader - [client:400207]parse mapping config information
2025-01-30 11:39:51.401 [pool-3-thread-1] INFO  com.rs.mv.mvvs.client.catalog.manager.U2CatalogManager - [client:400202]start a schedule task to get global/local catalog for setprototypeof, its period 5s 
2025-01-30 11:39:51.401 [pool-3-thread-1] INFO  com.rs.mv.mvvs.client.catalog.manager.U2CatalogManager - [client:400203]cache file auto update thread launch in side-channel account
2025-01-30 11:39:51.402 [pool-3-thread-1] INFO  com.rs.mv.mvvs.client.catalog.from.config.DirsConfigReader - [client:400206]parse dir config information
2025-01-30 11:39:51.402 [pool-3-thread-1] INFO  com.rs.mv.mvvs.client.catalog.from.config.MappingConfigReader - [client:400207]parse mapping config information
2025-01-30 11:39:51.402 [pool-3-thread-1] INFO  com.rs.mv.mvvs.client.catalog.manager.U2CatalogManager - [client:400202]start a schedule task to get global/local catalog for side-channel, its period 5s 
2025-01-30 11:39:51.402 [pool-3-thread-1] INFO  com.rs.mv.mvvs.client.catalog.manager.U2CatalogManager - [client:400203]cache file auto update thread launch in side-channel-list account
2025-01-30 11:39:51.402 [pool-3-thread-1] INFO  com.rs.mv.mvvs.client.catalog.from.config.DirsConfigReader - [client:400206]parse dir config information
2025-01-30 11:39:51.402 [pool-3-thread-1] INFO  com.rs.mv.mvvs.client.catalog.from.config.MappingConfigReader - [client:400207]parse mapping config information
2025-01-30 11:39:51.402 [pool-3-thread-1] INFO  com.rs.mv.mvvs.client.catalog.manager.U2CatalogManager - [client:400202]start a schedule task to get global/local catalog for side-channel-list, its period 5s 
2025-01-30 11:39:51.403 [pool-3-thread-1] INFO  com.rs.mv.mvvs.client.catalog.manager.U2CatalogManager - [client:400203]cache file auto update thread launch in side-channel-map account
2025-01-30 11:39:51.403 [pool-3-thread-1] INFO  com.rs.mv.mvvs.client.catalog.from.config.DirsConfigReader - [client:400206]parse dir config information
2025-01-30 11:39:51.403 [pool-3-thread-1] INFO  com.rs.mv.mvvs.client.catalog.from.config.MappingConfigReader - [client:400207]parse mapping config information
2025-01-30 11:39:51.403 [pool-3-thread-1] INFO  com.rs.mv.mvvs.client.catalog.manager.U2CatalogManager - [client:400202]start a schedule task to get global/local catalog for side-channel-map, its period 5s 
2025-01-30 11:39:51.403 [pool-3-thread-1] INFO  com.rs.mv.mvvs.client.catalog.manager.U2CatalogManager - [client:400203]cache file auto update thread launch in side-channel-weakmap account
2025-01-30 11:39:51.403 [pool-3-thread-1] INFO  com.rs.mv.mvvs.client.catalog.from.config.DirsConfigReader - [client:400206]parse dir config information
2025-01-30 11:39:51.404 [pool-3-thread-1] INFO  com.rs.mv.mvvs.client.catalog.from.config.MappingConfigReader - [client:400207]parse mapping config information
2025-01-30 11:39:51.404 [pool-3-thread-1] INFO  com.rs.mv.mvvs.client.catalog.manager.U2CatalogManager - [client:400202]start a schedule task to get global/local catalog for side-channel-weakmap, its period 5s 
2025-01-30 11:39:51.404 [pool-3-thread-1] INFO  com.rs.mv.mvvs.client.catalog.manager.U2CatalogManager - [client:400203]cache file auto update thread launch in socket.io account
2025-01-30 11:39:51.404 [pool-3-thread-1] INFO  com.rs.mv.mvvs.client.catalog.from.config.DirsConfigReader - [client:400206]parse dir config information
2025-01-30 11:39:51.404 [pool-3-thread-1] INFO  com.rs.mv.mvvs.client.catalog.from.config.MappingConfigReader - [client:400207]parse mapping config information
2025-01-30 11:39:51.404 [pool-3-thread-1] INFO  com.rs.mv.mvvs.client.catalog.manager.U2CatalogManager - [client:400202]start a schedule task to get global/local catalog for socket.io, its period 5s 
2025-01-30 11:39:51.405 [pool-3-thread-1] INFO  com.rs.mv.mvvs.client.catalog.manager.U2CatalogManager - [client:400203]cache file auto update thread launch in node_modules account
2025-01-30 11:39:51.405 [pool-3-thread-1] INFO  com.rs.mv.mvvs.client.catalog.from.config.DirsConfigReader - [client:400206]parse dir config information
2025-01-30 11:39:51.405 [pool-3-thread-1] INFO  com.rs.mv.mvvs.client.catalog.from.config.MappingConfigReader - [client:400207]parse mapping config information
2025-01-30 11:39:51.405 [pool-3-thread-1] INFO  com.rs.mv.mvvs.client.catalog.manager.U2CatalogManager - [client:400202]start a schedule task to get global/local catalog for node_modules, its period 5s 
2025-01-30 11:39:51.406 [pool-3-thread-1] INFO  com.rs.mv.mvvs.client.catalog.manager.U2CatalogManager - [client:400203]cache file auto update thread launch in debug account
2025-01-30 11:39:51.406 [pool-3-thread-1] INFO  com.rs.mv.mvvs.client.catalog.from.config.DirsConfigReader - [client:400206]parse dir config information
2025-01-30 11:39:51.406 [pool-3-thread-1] INFO  com.rs.mv.mvvs.client.catalog.from.config.MappingConfigReader - [client:400207]parse mapping config information
2025-01-30 11:39:51.406 [pool-3-thread-1] INFO  com.rs.mv.mvvs.client.catalog.manager.U2CatalogManager - [client:400202]start a schedule task to get global/local catalog for debug, its period 5s 
2025-01-30 11:39:51.406 [pool-3-thread-1] INFO  com.rs.mv.mvvs.client.catalog.manager.U2CatalogManager - [client:400203]cache file auto update thread launch in socket.io-adapter account
2025-01-30 11:39:51.406 [pool-3-thread-1] INFO  com.rs.mv.mvvs.client.catalog.from.config.DirsConfigReader - [client:400206]parse dir config information
2025-01-30 11:39:51.406 [pool-3-thread-1] INFO  com.rs.mv.mvvs.client.catalog.from.config.MappingConfigReader - [client:400207]parse mapping config information
2025-01-30 11:39:51.407 [pool-3-thread-1] INFO  com.rs.mv.mvvs.client.catalog.manager.U2CatalogManager - [client:400202]start a schedule task to get global/local catalog for socket.io-adapter, its period 5s 
2025-01-30 11:39:51.407 [pool-3-thread-1] INFO  com.rs.mv.mvvs.client.catalog.manager.U2CatalogManager - [client:400203]cache file auto update thread launch in dist account
2025-01-30 11:39:51.407 [pool-3-thread-1] INFO  com.rs.mv.mvvs.client.catalog.from.config.DirsConfigReader - [client:400206]parse dir config information
2025-01-30 11:39:51.407 [pool-3-thread-1] INFO  com.rs.mv.mvvs.client.catalog.from.config.MappingConfigReader - [client:400207]parse mapping config information
2025-01-30 11:39:51.407 [pool-3-thread-1] INFO  com.rs.mv.mvvs.client.catalog.manager.U2CatalogManager - [client:400202]start a schedule task to get global/local catalog for dist, its period 5s 
2025-01-30 11:39:51.408 [pool-3-thread-1] INFO  com.rs.mv.mvvs.client.catalog.manager.U2CatalogManager - [client:400203]cache file auto update thread launch in node_modules account
2025-01-30 11:39:51.408 [pool-3-thread-1] INFO  com.rs.mv.mvvs.client.catalog.from.config.DirsConfigReader - [client:400206]parse dir config information
2025-01-30 11:39:51.408 [pool-3-thread-1] INFO  com.rs.mv.mvvs.client.catalog.from.config.MappingConfigReader - [client:400207]parse mapping config information
2025-01-30 11:39:51.408 [pool-3-thread-1] INFO  com.rs.mv.mvvs.client.catalog.manager.U2CatalogManager - [client:400202]start a schedule task to get global/local catalog for node_modules, its period 5s 
2025-01-30 11:39:51.409 [pool-3-thread-1] INFO  com.rs.mv.mvvs.client.catalog.manager.U2CatalogManager - [client:400203]cache file auto update thread launch in debug account
2025-01-30 11:39:51.409 [pool-3-thread-1] INFO  com.rs.mv.mvvs.client.catalog.from.config.DirsConfigReader - [client:400206]parse dir config information
2025-01-30 11:39:51.409 [pool-3-thread-1] INFO  com.rs.mv.mvvs.client.catalog.from.config.MappingConfigReader - [client:400207]parse mapping config information
2025-01-30 11:39:51.409 [pool-3-thread-1] INFO  com.rs.mv.mvvs.client.catalog.manager.U2CatalogManager - [client:400202]start a schedule task to get global/local catalog for debug, its period 5s 
2025-01-30 11:39:51.409 [pool-3-thread-1] INFO  com.rs.mv.mvvs.client.catalog.manager.U2CatalogManager - [client:400203]cache file auto update thread launch in socket.io-parser account
2025-01-30 11:39:51.410 [pool-3-thread-1] INFO  com.rs.mv.mvvs.client.catalog.from.config.DirsConfigReader - [client:400206]parse dir config information
2025-01-30 11:39:51.410 [pool-3-thread-1] INFO  com.rs.mv.mvvs.client.catalog.from.config.MappingConfigReader - [client:400207]parse mapping config information
2025-01-30 11:39:51.410 [pool-3-thread-1] INFO  com.rs.mv.mvvs.client.catalog.manager.U2CatalogManager - [client:400202]start a schedule task to get global/local catalog for socket.io-parser, its period 5s 
2025-01-30 11:39:51.410 [pool-3-thread-1] INFO  com.rs.mv.mvvs.client.catalog.manager.U2CatalogManager - [client:400203]cache file auto update thread launch in build account
2025-01-30 11:39:51.410 [pool-3-thread-1] INFO  com.rs.mv.mvvs.client.catalog.from.config.DirsConfigReader - [client:400206]parse dir config information
2025-01-30 11:39:51.411 [pool-3-thread-1] INFO  com.rs.mv.mvvs.client.catalog.from.config.MappingConfigReader - [client:400207]parse mapping config information
2025-01-30 11:39:51.411 [pool-3-thread-1] INFO  com.rs.mv.mvvs.client.catalog.manager.U2CatalogManager - [client:400202]start a schedule task to get global/local catalog for build, its period 5s 
2025-01-30 11:39:51.411 [pool-3-thread-1] INFO  com.rs.mv.mvvs.client.catalog.manager.U2CatalogManager - [client:400203]cache file auto update thread launch in node_modules account
2025-01-30 11:39:51.411 [pool-3-thread-1] INFO  com.rs.mv.mvvs.client.catalog.from.config.DirsConfigReader - [client:400206]parse dir config information
2025-01-30 11:39:51.412 [pool-3-thread-1] INFO  com.rs.mv.mvvs.client.catalog.from.config.MappingConfigReader - [client:400207]parse mapping config information
2025-01-30 11:39:51.412 [pool-3-thread-1] INFO  com.rs.mv.mvvs.client.catalog.manager.U2CatalogManager - [client:400202]start a schedule task to get global/local catalog for node_modules, its period 5s 
2025-01-30 11:39:51.412 [pool-3-thread-1] INFO  com.rs.mv.mvvs.client.catalog.manager.U2CatalogManager - [client:400203]cache file auto update thread launch in debug account
2025-01-30 11:39:51.412 [pool-3-thread-1] INFO  com.rs.mv.mvvs.client.catalog.from.config.DirsConfigReader - [client:400206]parse dir config information
2025-01-30 11:39:51.412 [pool-3-thread-1] INFO  com.rs.mv.mvvs.client.catalog.from.config.MappingConfigReader - [client:400207]parse mapping config information
2025-01-30 11:39:51.413 [pool-3-thread-1] INFO  com.rs.mv.mvvs.client.catalog.manager.U2CatalogManager - [client:400202]start a schedule task to get global/local catalog for debug, its period 5s 
2025-01-30 11:39:51.413 [pool-3-thread-1] INFO  com.rs.mv.mvvs.client.catalog.manager.U2CatalogManager - [client:400203]cache file auto update thread launch in ws account
2025-01-30 11:39:51.413 [pool-3-thread-1] INFO  com.rs.mv.mvvs.client.catalog.from.config.DirsConfigReader - [client:400206]parse dir config information
2025-01-30 11:39:51.413 [pool-3-thread-1] INFO  com.rs.mv.mvvs.client.catalog.from.config.MappingConfigReader - [client:400207]parse mapping config information
2025-01-30 11:39:51.414 [pool-3-thread-1] INFO  com.rs.mv.mvvs.client.catalog.manager.U2CatalogManager - [client:400202]start a schedule task to get global/local catalog for ws, its period 5s 
2025-01-30 11:39:51.414 [pool-3-thread-1] INFO  com.rs.mv.mvvs.client.catalog.manager.U2CatalogManager - [client:400203]cache file auto update thread launch in E-Event-Loop account
2025-01-30 11:39:51.414 [pool-3-thread-1] INFO  com.rs.mv.mvvs.client.catalog.from.config.DirsConfigReader - [client:400206]parse dir config information
2025-01-30 11:39:51.414 [pool-3-thread-1] INFO  com.rs.mv.mvvs.client.catalog.from.config.MappingConfigReader - [client:400207]parse mapping config information
2025-01-30 11:39:51.414 [pool-3-thread-1] INFO  com.rs.mv.mvvs.client.catalog.manager.U2CatalogManager - [client:400202]start a schedule task to get global/local catalog for E-Event-Loop, its period 5s 
2025-01-30 11:39:51.414 [pool-3-thread-1] INFO  com.rs.mv.mvvs.client.catalog.manager.U2CatalogManager - [client:400203]cache file auto update thread launch in F.Npm account
2025-01-30 11:39:51.415 [pool-3-thread-1] INFO  com.rs.mv.mvvs.client.catalog.from.config.DirsConfigReader - [client:400206]parse dir config information
2025-01-30 11:39:51.415 [pool-3-thread-1] INFO  com.rs.mv.mvvs.client.catalog.from.config.MappingConfigReader - [client:400207]parse mapping config information
2025-01-30 11:39:51.415 [pool-3-thread-1] INFO  com.rs.mv.mvvs.client.catalog.manager.U2CatalogManager - [client:400202]start a schedule task to get global/local catalog for F.Npm, its period 5s 
2025-01-30 11:39:51.415 [pool-3-thread-1] INFO  com.rs.mv.mvvs.client.catalog.manager.U2CatalogManager - [client:400203]cache file auto update thread launch in 01.Commandes account
2025-01-30 11:39:51.415 [pool-3-thread-1] INFO  com.rs.mv.mvvs.client.catalog.from.config.DirsConfigReader - [client:400206]parse dir config information
2025-01-30 11:39:51.415 [pool-3-thread-1] INFO  com.rs.mv.mvvs.client.catalog.from.config.MappingConfigReader - [client:400207]parse mapping config information
2025-01-30 11:39:51.415 [pool-3-thread-1] INFO  com.rs.mv.mvvs.client.catalog.manager.U2CatalogManager - [client:400202]start a schedule task to get global/local catalog for 01.Commandes, its period 5s 
2025-01-30 11:39:51.416 [pool-3-thread-1] INFO  com.rs.mv.mvvs.client.catalog.manager.U2CatalogManager - [client:400203]cache file auto update thread launch in node_modules account
2025-01-30 11:39:51.416 [pool-3-thread-1] INFO  com.rs.mv.mvvs.client.catalog.from.config.DirsConfigReader - [client:400206]parse dir config information
2025-01-30 11:39:51.416 [pool-3-thread-1] INFO  com.rs.mv.mvvs.client.catalog.from.config.MappingConfigReader - [client:400207]parse mapping config information
2025-01-30 11:39:51.416 [pool-3-thread-1] INFO  com.rs.mv.mvvs.client.catalog.manager.U2CatalogManager - [client:400202]start a schedule task to get global/local catalog for node_modules, its period 5s 
2025-01-30 11:39:51.416 [pool-3-thread-1] INFO  com.rs.mv.mvvs.client.catalog.manager.U2CatalogManager - [client:400203]cache file auto update thread launch in @popperjs account
2025-01-30 11:39:51.416 [pool-3-thread-1] INFO  com.rs.mv.mvvs.client.catalog.from.config.DirsConfigReader - [client:400206]parse dir config information
2025-01-30 11:39:51.416 [pool-3-thread-1] INFO  com.rs.mv.mvvs.client.catalog.from.config.MappingConfigReader - [client:400207]parse mapping config information
2025-01-30 11:39:51.417 [pool-3-thread-1] INFO  com.rs.mv.mvvs.client.catalog.manager.U2CatalogManager - [client:400202]start a schedule task to get global/local catalog for @popperjs, its period 5s 
2025-01-30 11:39:51.417 [pool-3-thread-1] INFO  com.rs.mv.mvvs.client.catalog.manager.U2CatalogManager - [client:400203]cache file auto update thread launch in core account
2025-01-30 11:39:51.417 [pool-3-thread-1] INFO  com.rs.mv.mvvs.client.catalog.from.config.DirsConfigReader - [client:400206]parse dir config information
2025-01-30 11:39:51.417 [pool-3-thread-1] INFO  com.rs.mv.mvvs.client.catalog.from.config.MappingConfigReader - [client:400207]parse mapping config information
2025-01-30 11:39:51.417 [pool-3-thread-1] INFO  com.rs.mv.mvvs.client.catalog.manager.U2CatalogManager - [client:400202]start a schedule task to get global/local catalog for core, its period 5s 
2025-01-30 11:39:51.417 [pool-3-thread-1] INFO  com.rs.mv.mvvs.client.catalog.manager.U2CatalogManager - [client:400203]cache file auto update thread launch in dist account
2025-01-30 11:39:51.417 [pool-3-thread-1] INFO  com.rs.mv.mvvs.client.catalog.from.config.DirsConfigReader - [client:400206]parse dir config information
2025-01-30 11:39:51.417 [pool-3-thread-1] INFO  com.rs.mv.mvvs.client.catalog.from.config.MappingConfigReader - [client:400207]parse mapping config information
2025-01-30 11:39:51.417 [pool-3-thread-1] INFO  com.rs.mv.mvvs.client.catalog.manager.U2CatalogManager - [client:400202]start a schedule task to get global/local catalog for dist, its period 5s 
2025-01-30 11:39:51.417 [pool-3-thread-1] INFO  com.rs.mv.mvvs.client.catalog.manager.U2CatalogManager - [client:400203]cache file auto update thread launch in esm account
2025-01-30 11:39:51.417 [pool-3-thread-1] INFO  com.rs.mv.mvvs.client.catalog.from.config.DirsConfigReader - [client:400206]parse dir config information
2025-01-30 11:39:51.417 [pool-3-thread-1] INFO  com.rs.mv.mvvs.client.catalog.from.config.MappingConfigReader - [client:400207]parse mapping config information
2025-01-30 11:39:51.418 [pool-3-thread-1] INFO  com.rs.mv.mvvs.client.catalog.manager.U2CatalogManager - [client:400202]start a schedule task to get global/local catalog for esm, its period 5s 
2025-01-30 11:39:51.418 [pool-3-thread-1] INFO  com.rs.mv.mvvs.client.catalog.manager.U2CatalogManager - [client:400203]cache file auto update thread launch in lib account
2025-01-30 11:39:51.418 [pool-3-thread-1] INFO  com.rs.mv.mvvs.client.catalog.from.config.DirsConfigReader - [client:400206]parse dir config information
2025-01-30 11:39:51.418 [pool-3-thread-1] INFO  com.rs.mv.mvvs.client.catalog.from.config.MappingConfigReader - [client:400207]parse mapping config information
2025-01-30 11:39:51.418 [pool-3-thread-1] INFO  com.rs.mv.mvvs.client.catalog.manager.U2CatalogManager - [client:400202]start a schedule task to get global/local catalog for lib, its period 5s 
2025-01-30 11:39:51.418 [pool-3-thread-1] INFO  com.rs.mv.mvvs.client.catalog.manager.U2CatalogManager - [client:400203]cache file auto update thread launch in body-parser account
2025-01-30 11:39:51.419 [pool-3-thread-1] INFO  com.rs.mv.mvvs.client.catalog.from.config.DirsConfigReader - [client:400206]parse dir config information
2025-01-30 11:39:51.419 [pool-3-thread-1] INFO  com.rs.mv.mvvs.client.catalog.from.config.MappingConfigReader - [client:400207]parse mapping config information
2025-01-30 11:39:51.419 [pool-3-thread-1] INFO  com.rs.mv.mvvs.client.catalog.manager.U2CatalogManager - [client:400202]start a schedule task to get global/local catalog for body-parser, its period 5s 
2025-01-30 11:39:51.419 [pool-3-thread-1] INFO  com.rs.mv.mvvs.client.catalog.manager.U2CatalogManager - [client:400203]cache file auto update thread launch in lib account
2025-01-30 11:39:51.420 [pool-3-thread-1] INFO  com.rs.mv.mvvs.client.catalog.from.config.DirsConfigReader - [client:400206]parse dir config information
2025-01-30 11:39:51.420 [pool-3-thread-1] INFO  com.rs.mv.mvvs.client.catalog.from.config.MappingConfigReader - [client:400207]parse mapping config information
2025-01-30 11:39:51.420 [pool-3-thread-1] INFO  com.rs.mv.mvvs.client.catalog.manager.U2CatalogManager - [client:400202]start a schedule task to get global/local catalog for lib, its period 5s 
2025-01-30 11:39:51.420 [pool-3-thread-1] INFO  com.rs.mv.mvvs.client.catalog.manager.U2CatalogManager - [client:400203]cache file auto update thread launch in bootstrap account
2025-01-30 11:39:51.420 [pool-3-thread-1] INFO  com.rs.mv.mvvs.client.catalog.from.config.DirsConfigReader - [client:400206]parse dir config information
2025-01-30 11:39:51.420 [pool-3-thread-1] INFO  com.rs.mv.mvvs.client.catalog.from.config.MappingConfigReader - [client:400207]parse mapping config information
2025-01-30 11:39:51.421 [pool-3-thread-1] INFO  com.rs.mv.mvvs.client.catalog.manager.U2CatalogManager - [client:400202]start a schedule task to get global/local catalog for bootstrap, its period 5s 
2025-01-30 11:39:51.421 [pool-3-thread-1] INFO  com.rs.mv.mvvs.client.catalog.manager.U2CatalogManager - [client:400203]cache file auto update thread launch in dist account
2025-01-30 11:39:51.421 [pool-3-thread-1] INFO  com.rs.mv.mvvs.client.catalog.from.config.DirsConfigReader - [client:400206]parse dir config information
2025-01-30 11:39:51.421 [pool-3-thread-1] INFO  com.rs.mv.mvvs.client.catalog.from.config.MappingConfigReader - [client:400207]parse mapping config information
2025-01-30 11:39:51.421 [pool-3-thread-1] INFO  com.rs.mv.mvvs.client.catalog.manager.U2CatalogManager - [client:400202]start a schedule task to get global/local catalog for dist, its period 5s 
2025-01-30 11:39:51.422 [pool-3-thread-1] INFO  com.rs.mv.mvvs.client.catalog.manager.U2CatalogManager - [client:400203]cache file auto update thread launch in js account
2025-01-30 11:39:51.422 [pool-3-thread-1] INFO  com.rs.mv.mvvs.client.catalog.from.config.DirsConfigReader - [client:400206]parse dir config information
2025-01-30 11:39:51.422 [pool-3-thread-1] INFO  com.rs.mv.mvvs.client.catalog.from.config.MappingConfigReader - [client:400207]parse mapping config information
2025-01-30 11:39:51.422 [pool-3-thread-1] INFO  com.rs.mv.mvvs.client.catalog.manager.U2CatalogManager - [client:400202]start a schedule task to get global/local catalog for js, its period 5s 
2025-01-30 11:39:51.422 [pool-3-thread-1] INFO  com.rs.mv.mvvs.client.catalog.manager.U2CatalogManager - [client:400203]cache file auto update thread launch in dist account
2025-01-30 11:39:51.422 [pool-3-thread-1] INFO  com.rs.mv.mvvs.client.catalog.from.config.DirsConfigReader - [client:400206]parse dir config information
2025-01-30 11:39:51.422 [pool-3-thread-1] INFO  com.rs.mv.mvvs.client.catalog.from.config.MappingConfigReader - [client:400207]parse mapping config information
2025-01-30 11:39:51.423 [pool-3-thread-1] INFO  com.rs.mv.mvvs.client.catalog.manager.U2CatalogManager - [client:400202]start a schedule task to get global/local catalog for dist, its period 5s 
2025-01-30 11:39:51.423 [pool-3-thread-1] INFO  com.rs.mv.mvvs.client.catalog.manager.U2CatalogManager - [client:400203]cache file auto update thread launch in src account
2025-01-30 11:39:51.423 [pool-3-thread-1] INFO  com.rs.mv.mvvs.client.catalog.from.config.DirsConfigReader - [client:400206]parse dir config information
2025-01-30 11:39:51.423 [pool-3-thread-1] INFO  com.rs.mv.mvvs.client.catalog.from.config.MappingConfigReader - [client:400207]parse mapping config information
2025-01-30 11:39:51.423 [pool-3-thread-1] INFO  com.rs.mv.mvvs.client.catalog.manager.U2CatalogManager - [client:400202]start a schedule task to get global/local catalog for src, its period 5s 
2025-01-30 11:39:51.424 [pool-3-thread-1] INFO  com.rs.mv.mvvs.client.catalog.manager.U2CatalogManager - [client:400203]cache file auto update thread launch in scss account
2025-01-30 11:39:51.424 [pool-3-thread-1] INFO  com.rs.mv.mvvs.client.catalog.from.config.DirsConfigReader - [client:400206]parse dir config information
2025-01-30 11:39:51.424 [pool-3-thread-1] INFO  com.rs.mv.mvvs.client.catalog.from.config.MappingConfigReader - [client:400207]parse mapping config information
2025-01-30 11:39:51.424 [pool-3-thread-1] INFO  com.rs.mv.mvvs.client.catalog.manager.U2CatalogManager - [client:400202]start a schedule task to get global/local catalog for scss, its period 5s 
2025-01-30 11:39:51.424 [pool-3-thread-1] INFO  com.rs.mv.mvvs.client.catalog.manager.U2CatalogManager - [client:400203]cache file auto update thread launch in call-bind account
2025-01-30 11:39:51.425 [pool-3-thread-1] INFO  com.rs.mv.mvvs.client.catalog.from.config.DirsConfigReader - [client:400206]parse dir config information
2025-01-30 11:39:51.425 [pool-3-thread-1] INFO  com.rs.mv.mvvs.client.catalog.from.config.MappingConfigReader - [client:400207]parse mapping config information
2025-01-30 11:39:51.425 [pool-3-thread-1] INFO  com.rs.mv.mvvs.client.catalog.manager.U2CatalogManager - [client:400202]start a schedule task to get global/local catalog for call-bind, its period 5s 
2025-01-30 11:39:51.425 [pool-3-thread-1] INFO  com.rs.mv.mvvs.client.catalog.manager.U2CatalogManager - [client:400203]cache file auto update thread launch in debug account
2025-01-30 11:39:51.426 [pool-3-thread-1] INFO  com.rs.mv.mvvs.client.catalog.from.config.DirsConfigReader - [client:400206]parse dir config information
2025-01-30 11:39:51.426 [pool-3-thread-1] INFO  com.rs.mv.mvvs.client.catalog.from.config.MappingConfigReader - [client:400207]parse mapping config information
2025-01-30 11:39:51.426 [pool-3-thread-1] INFO  com.rs.mv.mvvs.client.catalog.manager.U2CatalogManager - [client:400202]start a schedule task to get global/local catalog for debug, its period 5s 
2025-01-30 11:39:51.426 [pool-3-thread-1] INFO  com.rs.mv.mvvs.client.catalog.manager.U2CatalogManager - [client:400203]cache file auto update thread launch in define-data-property account
2025-01-30 11:39:51.426 [pool-3-thread-1] INFO  com.rs.mv.mvvs.client.catalog.from.config.DirsConfigReader - [client:400206]parse dir config information
2025-01-30 11:39:51.427 [pool-3-thread-1] INFO  com.rs.mv.mvvs.client.catalog.from.config.MappingConfigReader - [client:400207]parse mapping config information
2025-01-30 11:39:51.427 [pool-3-thread-1] INFO  com.rs.mv.mvvs.client.catalog.manager.U2CatalogManager - [client:400202]start a schedule task to get global/local catalog for define-data-property, its period 5s 
2025-01-30 11:39:51.427 [pool-3-thread-1] INFO  com.rs.mv.mvvs.client.catalog.manager.U2CatalogManager - [client:400203]cache file auto update thread launch in depd account
2025-01-30 11:39:51.427 [pool-3-thread-1] INFO  com.rs.mv.mvvs.client.catalog.from.config.DirsConfigReader - [client:400206]parse dir config information
2025-01-30 11:39:51.428 [pool-3-thread-1] INFO  com.rs.mv.mvvs.client.catalog.from.config.MappingConfigReader - [client:400207]parse mapping config information
2025-01-30 11:39:51.428 [pool-3-thread-1] INFO  com.rs.mv.mvvs.client.catalog.manager.U2CatalogManager - [client:400202]start a schedule task to get global/local catalog for depd, its period 5s 
2025-01-30 11:39:51.428 [pool-3-thread-1] INFO  com.rs.mv.mvvs.client.catalog.manager.U2CatalogManager - [client:400203]cache file auto update thread launch in lib account
2025-01-30 11:39:51.428 [pool-3-thread-1] INFO  com.rs.mv.mvvs.client.catalog.from.config.DirsConfigReader - [client:400206]parse dir config information
2025-01-30 11:39:51.428 [pool-3-thread-1] INFO  com.rs.mv.mvvs.client.catalog.from.config.MappingConfigReader - [client:400207]parse mapping config information
2025-01-30 11:39:51.429 [pool-3-thread-1] INFO  com.rs.mv.mvvs.client.catalog.manager.U2CatalogManager - [client:400202]start a schedule task to get global/local catalog for lib, its period 5s 
2025-01-30 11:39:51.429 [pool-3-thread-1] INFO  com.rs.mv.mvvs.client.catalog.manager.U2CatalogManager - [client:400203]cache file auto update thread launch in es-define-property account
2025-01-30 11:39:51.429 [pool-3-thread-1] INFO  com.rs.mv.mvvs.client.catalog.from.config.DirsConfigReader - [client:400206]parse dir config information
2025-01-30 11:39:51.429 [pool-3-thread-1] INFO  com.rs.mv.mvvs.client.catalog.from.config.MappingConfigReader - [client:400207]parse mapping config information
2025-01-30 11:39:51.429 [pool-3-thread-1] INFO  com.rs.mv.mvvs.client.catalog.manager.U2CatalogManager - [client:400202]start a schedule task to get global/local catalog for es-define-property, its period 5s 
2025-01-30 11:39:51.430 [pool-3-thread-1] INFO  com.rs.mv.mvvs.client.catalog.manager.U2CatalogManager - [client:400203]cache file auto update thread launch in es-errors account
2025-01-30 11:39:51.430 [pool-3-thread-1] INFO  com.rs.mv.mvvs.client.catalog.from.config.DirsConfigReader - [client:400206]parse dir config information
2025-01-30 11:39:51.430 [pool-3-thread-1] INFO  com.rs.mv.mvvs.client.catalog.from.config.MappingConfigReader - [client:400207]parse mapping config information
2025-01-30 11:39:51.430 [pool-3-thread-1] INFO  com.rs.mv.mvvs.client.catalog.manager.U2CatalogManager - [client:400202]start a schedule task to get global/local catalog for es-errors, its period 5s 
2025-01-30 11:39:51.430 [pool-3-thread-1] INFO  com.rs.mv.mvvs.client.catalog.manager.U2CatalogManager - [client:400203]cache file auto update thread launch in express account
2025-01-30 11:39:51.430 [pool-3-thread-1] INFO  com.rs.mv.mvvs.client.catalog.from.config.DirsConfigReader - [client:400206]parse dir config information
2025-01-30 11:39:51.430 [pool-3-thread-1] INFO  com.rs.mv.mvvs.client.catalog.from.config.MappingConfigReader - [client:400207]parse mapping config information
2025-01-30 11:39:51.431 [pool-3-thread-1] INFO  com.rs.mv.mvvs.client.catalog.manager.U2CatalogManager - [client:400202]start a schedule task to get global/local catalog for express, its period 5s 
2025-01-30 11:39:51.431 [pool-3-thread-1] INFO  com.rs.mv.mvvs.client.catalog.manager.U2CatalogManager - [client:400203]cache file auto update thread launch in lib account
2025-01-30 11:39:51.431 [pool-3-thread-1] INFO  com.rs.mv.mvvs.client.catalog.from.config.DirsConfigReader - [client:400206]parse dir config information
2025-01-30 11:39:51.431 [pool-3-thread-1] INFO  com.rs.mv.mvvs.client.catalog.from.config.MappingConfigReader - [client:400207]parse mapping config information
2025-01-30 11:39:51.431 [pool-3-thread-1] INFO  com.rs.mv.mvvs.client.catalog.manager.U2CatalogManager - [client:400202]start a schedule task to get global/local catalog for lib, its period 5s 
2025-01-30 11:39:51.431 [pool-3-thread-1] INFO  com.rs.mv.mvvs.client.catalog.manager.U2CatalogManager - [client:400203]cache file auto update thread launch in function-bind account
2025-01-30 11:39:51.432 [pool-3-thread-1] INFO  com.rs.mv.mvvs.client.catalog.from.config.DirsConfigReader - [client:400206]parse dir config information
2025-01-30 11:39:51.432 [pool-3-thread-1] INFO  com.rs.mv.mvvs.client.catalog.from.config.MappingConfigReader - [client:400207]parse mapping config information
2025-01-30 11:39:51.432 [pool-3-thread-1] INFO  com.rs.mv.mvvs.client.catalog.manager.U2CatalogManager - [client:400202]start a schedule task to get global/local catalog for function-bind, its period 5s 
2025-01-30 11:39:51.432 [pool-3-thread-1] INFO  com.rs.mv.mvvs.client.catalog.manager.U2CatalogManager - [client:400203]cache file auto update thread launch in get-intrinsic account
2025-01-30 11:39:51.432 [pool-3-thread-1] INFO  com.rs.mv.mvvs.client.catalog.from.config.DirsConfigReader - [client:400206]parse dir config information
2025-01-30 11:39:51.432 [pool-3-thread-1] INFO  com.rs.mv.mvvs.client.catalog.from.config.MappingConfigReader - [client:400207]parse mapping config information
2025-01-30 11:39:51.432 [pool-3-thread-1] INFO  com.rs.mv.mvvs.client.catalog.manager.U2CatalogManager - [client:400202]start a schedule task to get global/local catalog for get-intrinsic, its period 5s 
2025-01-30 11:39:51.433 [pool-3-thread-1] INFO  com.rs.mv.mvvs.client.catalog.manager.U2CatalogManager - [client:400203]cache file auto update thread launch in gopd account
2025-01-30 11:39:51.433 [pool-3-thread-1] INFO  com.rs.mv.mvvs.client.catalog.from.config.DirsConfigReader - [client:400206]parse dir config information
2025-01-30 11:39:51.433 [pool-3-thread-1] INFO  com.rs.mv.mvvs.client.catalog.from.config.MappingConfigReader - [client:400207]parse mapping config information
2025-01-30 11:39:51.433 [pool-3-thread-1] INFO  com.rs.mv.mvvs.client.catalog.manager.U2CatalogManager - [client:400202]start a schedule task to get global/local catalog for gopd, its period 5s 
2025-01-30 11:39:51.433 [pool-3-thread-1] INFO  com.rs.mv.mvvs.client.catalog.manager.U2CatalogManager - [client:400203]cache file auto update thread launch in has-property-descriptors account
2025-01-30 11:39:51.433 [pool-3-thread-1] INFO  com.rs.mv.mvvs.client.catalog.from.config.DirsConfigReader - [client:400206]parse dir config information
2025-01-30 11:39:51.433 [pool-3-thread-1] INFO  com.rs.mv.mvvs.client.catalog.from.config.MappingConfigReader - [client:400207]parse mapping config information
2025-01-30 11:39:51.434 [pool-3-thread-1] INFO  com.rs.mv.mvvs.client.catalog.manager.U2CatalogManager - [client:400202]start a schedule task to get global/local catalog for has-property-descriptors, its period 5s 
2025-01-30 11:39:51.434 [pool-3-thread-1] INFO  com.rs.mv.mvvs.client.catalog.manager.U2CatalogManager - [client:400203]cache file auto update thread launch in has-proto account
2025-01-30 11:39:51.434 [pool-3-thread-1] INFO  com.rs.mv.mvvs.client.catalog.from.config.DirsConfigReader - [client:400206]parse dir config information
2025-01-30 11:39:51.434 [pool-3-thread-1] INFO  com.rs.mv.mvvs.client.catalog.from.config.MappingConfigReader - [client:400207]parse mapping config information
2025-01-30 11:39:51.434 [pool-3-thread-1] INFO  com.rs.mv.mvvs.client.catalog.manager.U2CatalogManager - [client:400202]start a schedule task to get global/local catalog for has-proto, its period 5s 
2025-01-30 11:39:51.435 [pool-3-thread-1] INFO  com.rs.mv.mvvs.client.catalog.manager.U2CatalogManager - [client:400203]cache file auto update thread launch in has-symbols account
2025-01-30 11:39:51.435 [pool-3-thread-1] INFO  com.rs.mv.mvvs.client.catalog.from.config.DirsConfigReader - [client:400206]parse dir config information
2025-01-30 11:39:51.435 [pool-3-thread-1] INFO  com.rs.mv.mvvs.client.catalog.from.config.MappingConfigReader - [client:400207]parse mapping config information
2025-01-30 11:39:51.435 [pool-3-thread-1] INFO  com.rs.mv.mvvs.client.catalog.manager.U2CatalogManager - [client:400202]start a schedule task to get global/local catalog for has-symbols, its period 5s 
2025-01-30 11:39:51.435 [pool-3-thread-1] INFO  com.rs.mv.mvvs.client.catalog.manager.U2CatalogManager - [client:400203]cache file auto update thread launch in test account
2025-01-30 11:39:51.435 [pool-3-thread-1] INFO  com.rs.mv.mvvs.client.catalog.from.config.DirsConfigReader - [client:400206]parse dir config information
2025-01-30 11:39:51.435 [pool-3-thread-1] INFO  com.rs.mv.mvvs.client.catalog.from.config.MappingConfigReader - [client:400207]parse mapping config information
2025-01-30 11:39:51.436 [pool-3-thread-1] INFO  com.rs.mv.mvvs.client.catalog.manager.U2CatalogManager - [client:400202]start a schedule task to get global/local catalog for test, its period 5s 
2025-01-30 11:39:51.436 [pool-3-thread-1] INFO  com.rs.mv.mvvs.client.catalog.manager.U2CatalogManager - [client:400203]cache file auto update thread launch in hasown account
2025-01-30 11:39:51.436 [pool-3-thread-1] INFO  com.rs.mv.mvvs.client.catalog.from.config.DirsConfigReader - [client:400206]parse dir config information
2025-01-30 11:39:51.436 [pool-3-thread-1] INFO  com.rs.mv.mvvs.client.catalog.from.config.MappingConfigReader - [client:400207]parse mapping config information
2025-01-30 11:39:51.436 [pool-3-thread-1] INFO  com.rs.mv.mvvs.client.catalog.manager.U2CatalogManager - [client:400202]start a schedule task to get global/local catalog for hasown, its period 5s 
2025-01-30 11:39:51.436 [pool-3-thread-1] INFO  com.rs.mv.mvvs.client.catalog.manager.U2CatalogManager - [client:400203]cache file auto update thread launch in iconv-lite account
2025-01-30 11:39:51.436 [pool-3-thread-1] INFO  com.rs.mv.mvvs.client.catalog.from.config.DirsConfigReader - [client:400206]parse dir config information
2025-01-30 11:39:51.436 [pool-3-thread-1] INFO  com.rs.mv.mvvs.client.catalog.from.config.MappingConfigReader - [client:400207]parse mapping config information
2025-01-30 11:39:51.437 [pool-3-thread-1] INFO  com.rs.mv.mvvs.client.catalog.manager.U2CatalogManager - [client:400202]start a schedule task to get global/local catalog for iconv-lite, its period 5s 
2025-01-30 11:39:51.437 [pool-3-thread-1] INFO  com.rs.mv.mvvs.client.catalog.manager.U2CatalogManager - [client:400203]cache file auto update thread launch in encodings account
2025-01-30 11:39:51.437 [pool-3-thread-1] INFO  com.rs.mv.mvvs.client.catalog.from.config.DirsConfigReader - [client:400206]parse dir config information
2025-01-30 11:39:51.437 [pool-3-thread-1] INFO  com.rs.mv.mvvs.client.catalog.from.config.MappingConfigReader - [client:400207]parse mapping config information
2025-01-30 11:39:51.437 [pool-3-thread-1] INFO  com.rs.mv.mvvs.client.catalog.manager.U2CatalogManager - [client:400202]start a schedule task to get global/local catalog for encodings, its period 5s 
2025-01-30 11:39:51.437 [pool-3-thread-1] INFO  com.rs.mv.mvvs.client.catalog.manager.U2CatalogManager - [client:400203]cache file auto update thread launch in ipaddr.js account
2025-01-30 11:39:51.437 [pool-3-thread-1] INFO  com.rs.mv.mvvs.client.catalog.from.config.DirsConfigReader - [client:400206]parse dir config information
2025-01-30 11:39:51.437 [pool-3-thread-1] INFO  com.rs.mv.mvvs.client.catalog.from.config.MappingConfigReader - [client:400207]parse mapping config information
2025-01-30 11:39:51.437 [pool-3-thread-1] INFO  com.rs.mv.mvvs.client.catalog.manager.U2CatalogManager - [client:400202]start a schedule task to get global/local catalog for ipaddr.js, its period 5s 
2025-01-30 11:39:51.439 [pool-3-thread-1] INFO  com.rs.mv.mvvs.client.catalog.manager.U2CatalogManager - [client:400203]cache file auto update thread launch in mime account
2025-01-30 11:39:51.439 [pool-3-thread-1] INFO  com.rs.mv.mvvs.client.catalog.from.config.DirsConfigReader - [client:400206]parse dir config information
2025-01-30 11:39:51.439 [pool-3-thread-1] INFO  com.rs.mv.mvvs.client.catalog.from.config.MappingConfigReader - [client:400207]parse mapping config information
2025-01-30 11:39:51.439 [pool-3-thread-1] INFO  com.rs.mv.mvvs.client.catalog.manager.U2CatalogManager - [client:400202]start a schedule task to get global/local catalog for mime, its period 5s 
2025-01-30 11:39:51.439 [pool-3-thread-1] INFO  com.rs.mv.mvvs.client.catalog.manager.U2CatalogManager - [client:400203]cache file auto update thread launch in negotiator account
2025-01-30 11:39:51.439 [pool-3-thread-1] INFO  com.rs.mv.mvvs.client.catalog.from.config.DirsConfigReader - [client:400206]parse dir config information
2025-01-30 11:39:51.439 [pool-3-thread-1] INFO  com.rs.mv.mvvs.client.catalog.from.config.MappingConfigReader - [client:400207]parse mapping config information
2025-01-30 11:39:51.440 [pool-3-thread-1] INFO  com.rs.mv.mvvs.client.catalog.manager.U2CatalogManager - [client:400202]start a schedule task to get global/local catalog for negotiator, its period 5s 
2025-01-30 11:39:51.440 [pool-3-thread-1] INFO  com.rs.mv.mvvs.client.catalog.manager.U2CatalogManager - [client:400203]cache file auto update thread launch in object-inspect account
2025-01-30 11:39:51.440 [pool-3-thread-1] INFO  com.rs.mv.mvvs.client.catalog.from.config.DirsConfigReader - [client:400206]parse dir config information
2025-01-30 11:39:51.440 [pool-3-thread-1] INFO  com.rs.mv.mvvs.client.catalog.from.config.MappingConfigReader - [client:400207]parse mapping config information
2025-01-30 11:39:51.441 [pool-3-thread-1] INFO  com.rs.mv.mvvs.client.catalog.manager.U2CatalogManager - [client:400202]start a schedule task to get global/local catalog for object-inspect, its period 5s 
2025-01-30 11:39:51.441 [pool-3-thread-1] INFO  com.rs.mv.mvvs.client.catalog.manager.U2CatalogManager - [client:400203]cache file auto update thread launch in test account
2025-01-30 11:39:51.441 [pool-3-thread-1] INFO  com.rs.mv.mvvs.client.catalog.from.config.DirsConfigReader - [client:400206]parse dir config information
2025-01-30 11:39:51.442 [pool-3-thread-1] INFO  com.rs.mv.mvvs.client.catalog.from.config.MappingConfigReader - [client:400207]parse mapping config information
2025-01-30 11:39:51.442 [pool-3-thread-1] INFO  com.rs.mv.mvvs.client.catalog.manager.U2CatalogManager - [client:400202]start a schedule task to get global/local catalog for test, its period 5s 
2025-01-30 11:39:51.442 [pool-3-thread-1] INFO  com.rs.mv.mvvs.client.catalog.manager.U2CatalogManager - [client:400203]cache file auto update thread launch in qs account
2025-01-30 11:39:51.443 [pool-3-thread-1] INFO  com.rs.mv.mvvs.client.catalog.from.config.DirsConfigReader - [client:400206]parse dir config information
2025-01-30 11:39:51.443 [pool-3-thread-1] INFO  com.rs.mv.mvvs.client.catalog.from.config.MappingConfigReader - [client:400207]parse mapping config information
2025-01-30 11:39:51.443 [pool-3-thread-1] INFO  com.rs.mv.mvvs.client.catalog.manager.U2CatalogManager - [client:400202]start a schedule task to get global/local catalog for qs, its period 5s 
2025-01-30 11:39:51.443 [pool-3-thread-1] INFO  com.rs.mv.mvvs.client.catalog.manager.U2CatalogManager - [client:400203]cache file auto update thread launch in send account
2025-01-30 11:39:51.444 [pool-3-thread-1] INFO  com.rs.mv.mvvs.client.catalog.from.config.DirsConfigReader - [client:400206]parse dir config information
2025-01-30 11:39:51.444 [pool-3-thread-1] INFO  com.rs.mv.mvvs.client.catalog.from.config.MappingConfigReader - [client:400207]parse mapping config information
2025-01-30 11:39:51.444 [pool-3-thread-1] INFO  com.rs.mv.mvvs.client.catalog.manager.U2CatalogManager - [client:400202]start a schedule task to get global/local catalog for send, its period 5s 
2025-01-30 11:39:51.444 [pool-3-thread-1] INFO  com.rs.mv.mvvs.client.catalog.manager.U2CatalogManager - [client:400203]cache file auto update thread launch in node_modules account
2025-01-30 11:39:51.444 [pool-3-thread-1] INFO  com.rs.mv.mvvs.client.catalog.from.config.DirsConfigReader - [client:400206]parse dir config information
2025-01-30 11:39:51.444 [pool-3-thread-1] INFO  com.rs.mv.mvvs.client.catalog.from.config.MappingConfigReader - [client:400207]parse mapping config information
2025-01-30 11:39:51.444 [pool-3-thread-1] INFO  com.rs.mv.mvvs.client.catalog.manager.U2CatalogManager - [client:400202]start a schedule task to get global/local catalog for node_modules, its period 5s 
2025-01-30 11:39:51.445 [pool-3-thread-1] INFO  com.rs.mv.mvvs.client.catalog.manager.U2CatalogManager - [client:400203]cache file auto update thread launch in set-function-length account
2025-01-30 11:39:51.445 [pool-3-thread-1] INFO  com.rs.mv.mvvs.client.catalog.from.config.DirsConfigReader - [client:400206]parse dir config information
2025-01-30 11:39:51.445 [pool-3-thread-1] INFO  com.rs.mv.mvvs.client.catalog.from.config.MappingConfigReader - [client:400207]parse mapping config information
2025-01-30 11:39:51.445 [pool-3-thread-1] INFO  com.rs.mv.mvvs.client.catalog.manager.U2CatalogManager - [client:400202]start a schedule task to get global/local catalog for set-function-length, its period 5s 
2025-01-30 11:39:51.445 [pool-3-thread-1] INFO  com.rs.mv.mvvs.client.catalog.manager.U2CatalogManager - [client:400203]cache file auto update thread launch in setprototypeof account
2025-01-30 11:39:51.445 [pool-3-thread-1] INFO  com.rs.mv.mvvs.client.catalog.from.config.DirsConfigReader - [client:400206]parse dir config information
2025-01-30 11:39:51.445 [pool-3-thread-1] INFO  com.rs.mv.mvvs.client.catalog.from.config.MappingConfigReader - [client:400207]parse mapping config information
2025-01-30 11:39:51.445 [pool-3-thread-1] INFO  com.rs.mv.mvvs.client.catalog.manager.U2CatalogManager - [client:400202]start a schedule task to get global/local catalog for setprototypeof, its period 5s 
2025-01-30 11:39:51.446 [pool-3-thread-1] INFO  com.rs.mv.mvvs.client.catalog.manager.U2CatalogManager - [client:400203]cache file auto update thread launch in side-channel account
2025-01-30 11:39:51.446 [pool-3-thread-1] INFO  com.rs.mv.mvvs.client.catalog.from.config.DirsConfigReader - [client:400206]parse dir config information
2025-01-30 11:39:51.446 [pool-3-thread-1] INFO  com.rs.mv.mvvs.client.catalog.from.config.MappingConfigReader - [client:400207]parse mapping config information
2025-01-30 11:39:51.446 [pool-3-thread-1] INFO  com.rs.mv.mvvs.client.catalog.manager.U2CatalogManager - [client:400202]start a schedule task to get global/local catalog for side-channel, its period 5s 
2025-01-30 11:39:51.446 [pool-3-thread-1] INFO  com.rs.mv.mvvs.client.catalog.manager.U2CatalogManager - [client:400203]cache file auto update thread launch in 03.Publier-package account
2025-01-30 11:39:51.446 [pool-3-thread-1] INFO  com.rs.mv.mvvs.client.catalog.from.config.DirsConfigReader - [client:400206]parse dir config information
2025-01-30 11:39:51.446 [pool-3-thread-1] INFO  com.rs.mv.mvvs.client.catalog.from.config.MappingConfigReader - [client:400207]parse mapping config information
2025-01-30 11:39:51.447 [pool-3-thread-1] INFO  com.rs.mv.mvvs.client.catalog.manager.U2CatalogManager - [client:400202]start a schedule task to get global/local catalog for 03.Publier-package, its period 5s 
2025-01-30 11:39:51.447 [pool-3-thread-1] INFO  com.rs.mv.mvvs.client.catalog.manager.U2CatalogManager - [client:400203]cache file auto update thread launch in node_modules account
2025-01-30 11:39:51.447 [pool-3-thread-1] INFO  com.rs.mv.mvvs.client.catalog.from.config.DirsConfigReader - [client:400206]parse dir config information
2025-01-30 11:39:51.447 [pool-3-thread-1] INFO  com.rs.mv.mvvs.client.catalog.from.config.MappingConfigReader - [client:400207]parse mapping config information
2025-01-30 11:39:51.447 [pool-3-thread-1] INFO  com.rs.mv.mvvs.client.catalog.manager.U2CatalogManager - [client:400202]start a schedule task to get global/local catalog for node_modules, its period 5s 
2025-01-30 11:39:51.447 [pool-3-thread-1] INFO  com.rs.mv.mvvs.client.catalog.manager.U2CatalogManager - [client:400203]cache file auto update thread launch in H.BDD account
2025-01-30 11:39:51.448 [pool-3-thread-1] INFO  com.rs.mv.mvvs.client.catalog.from.config.DirsConfigReader - [client:400206]parse dir config information
2025-01-30 11:39:51.448 [pool-3-thread-1] INFO  com.rs.mv.mvvs.client.catalog.from.config.MappingConfigReader - [client:400207]parse mapping config information
2025-01-30 11:39:51.448 [pool-3-thread-1] INFO  com.rs.mv.mvvs.client.catalog.manager.U2CatalogManager - [client:400202]start a schedule task to get global/local catalog for H.BDD, its period 5s 
2025-01-30 11:39:51.448 [pool-3-thread-1] INFO  com.rs.mv.mvvs.client.catalog.manager.U2CatalogManager - [client:400203]cache file auto update thread launch in 01.Connexion-BDD-Mongo DB account
2025-01-30 11:39:51.448 [pool-3-thread-1] INFO  com.rs.mv.mvvs.client.catalog.from.config.DirsConfigReader - [client:400206]parse dir config information
2025-01-30 11:39:51.448 [pool-3-thread-1] INFO  com.rs.mv.mvvs.client.catalog.from.config.MappingConfigReader - [client:400207]parse mapping config information
2025-01-30 11:39:51.448 [pool-3-thread-1] INFO  com.rs.mv.mvvs.client.catalog.manager.U2CatalogManager - [client:400202]start a schedule task to get global/local catalog for 01.Connexion-BDD-Mongo DB, its period 5s 
2025-01-30 11:39:51.449 [pool-3-thread-1] INFO  com.rs.mv.mvvs.client.catalog.manager.U2CatalogManager - [client:400203]cache file auto update thread launch in node_modules account
2025-01-30 11:39:51.449 [pool-3-thread-1] INFO  com.rs.mv.mvvs.client.catalog.from.config.DirsConfigReader - [client:400206]parse dir config information
2025-01-30 11:39:51.449 [pool-3-thread-1] INFO  com.rs.mv.mvvs.client.catalog.from.config.MappingConfigReader - [client:400207]parse mapping config information
2025-01-30 11:39:51.449 [pool-3-thread-1] INFO  com.rs.mv.mvvs.client.catalog.manager.U2CatalogManager - [client:400202]start a schedule task to get global/local catalog for node_modules, its period 5s 
2025-01-30 11:39:51.449 [pool-3-thread-1] INFO  com.rs.mv.mvvs.client.catalog.manager.U2CatalogManager - [client:400203]cache file auto update thread launch in @mongodb-js account
2025-01-30 11:39:51.449 [pool-3-thread-1] INFO  com.rs.mv.mvvs.client.catalog.from.config.DirsConfigReader - [client:400206]parse dir config information
2025-01-30 11:39:51.449 [pool-3-thread-1] INFO  com.rs.mv.mvvs.client.catalog.from.config.MappingConfigReader - [client:400207]parse mapping config information
2025-01-30 11:39:51.450 [pool-3-thread-1] INFO  com.rs.mv.mvvs.client.catalog.manager.U2CatalogManager - [client:400202]start a schedule task to get global/local catalog for @mongodb-js, its period 5s 
2025-01-30 11:39:51.450 [pool-3-thread-1] INFO  com.rs.mv.mvvs.client.catalog.manager.U2CatalogManager - [client:400203]cache file auto update thread launch in saslprep account
2025-01-30 11:39:51.450 [pool-3-thread-1] INFO  com.rs.mv.mvvs.client.catalog.from.config.DirsConfigReader - [client:400206]parse dir config information
2025-01-30 11:39:51.450 [pool-3-thread-1] INFO  com.rs.mv.mvvs.client.catalog.from.config.MappingConfigReader - [client:400207]parse mapping config information
2025-01-30 11:39:51.450 [pool-3-thread-1] INFO  com.rs.mv.mvvs.client.catalog.manager.U2CatalogManager - [client:400202]start a schedule task to get global/local catalog for saslprep, its period 5s 
2025-01-30 11:39:51.450 [pool-3-thread-1] INFO  com.rs.mv.mvvs.client.catalog.manager.U2CatalogManager - [client:400203]cache file auto update thread launch in @types account
2025-01-30 11:39:51.450 [pool-3-thread-1] INFO  com.rs.mv.mvvs.client.catalog.from.config.DirsConfigReader - [client:400206]parse dir config information
2025-01-30 11:39:51.450 [pool-3-thread-1] INFO  com.rs.mv.mvvs.client.catalog.from.config.MappingConfigReader - [client:400207]parse mapping config information
2025-01-30 11:39:51.451 [pool-3-thread-1] INFO  com.rs.mv.mvvs.client.catalog.manager.U2CatalogManager - [client:400202]start a schedule task to get global/local catalog for @types, its period 5s 
2025-01-30 11:39:51.451 [pool-3-thread-1] INFO  com.rs.mv.mvvs.client.catalog.manager.U2CatalogManager - [client:400203]cache file auto update thread launch in whatwg-url account
2025-01-30 11:39:51.451 [pool-3-thread-1] INFO  com.rs.mv.mvvs.client.catalog.from.config.DirsConfigReader - [client:400206]parse dir config information
2025-01-30 11:39:51.451 [pool-3-thread-1] INFO  com.rs.mv.mvvs.client.catalog.from.config.MappingConfigReader - [client:400207]parse mapping config information
2025-01-30 11:39:51.451 [pool-3-thread-1] INFO  com.rs.mv.mvvs.client.catalog.manager.U2CatalogManager - [client:400202]start a schedule task to get global/local catalog for whatwg-url, its period 5s 
2025-01-30 11:39:51.451 [pool-3-thread-1] INFO  com.rs.mv.mvvs.client.catalog.manager.U2CatalogManager - [client:400203]cache file auto update thread launch in bson account
2025-01-30 11:39:51.451 [pool-3-thread-1] INFO  com.rs.mv.mvvs.client.catalog.from.config.DirsConfigReader - [client:400206]parse dir config information
2025-01-30 11:39:51.451 [pool-3-thread-1] INFO  com.rs.mv.mvvs.client.catalog.from.config.MappingConfigReader - [client:400207]parse mapping config information
2025-01-30 11:39:51.452 [pool-3-thread-1] INFO  com.rs.mv.mvvs.client.catalog.manager.U2CatalogManager - [client:400202]start a schedule task to get global/local catalog for bson, its period 5s 
2025-01-30 11:39:51.452 [pool-3-thread-1] INFO  com.rs.mv.mvvs.client.catalog.manager.U2CatalogManager - [client:400203]cache file auto update thread launch in src account
2025-01-30 11:39:51.452 [pool-3-thread-1] INFO  com.rs.mv.mvvs.client.catalog.from.config.DirsConfigReader - [client:400206]parse dir config information
2025-01-30 11:39:51.452 [pool-3-thread-1] INFO  com.rs.mv.mvvs.client.catalog.from.config.MappingConfigReader - [client:400207]parse mapping config information
2025-01-30 11:39:51.452 [pool-3-thread-1] INFO  com.rs.mv.mvvs.client.catalog.manager.U2CatalogManager - [client:400202]start a schedule task to get global/local catalog for src, its period 5s 
2025-01-30 11:39:51.452 [pool-3-thread-1] INFO  com.rs.mv.mvvs.client.catalog.manager.U2CatalogManager - [client:400203]cache file auto update thread launch in parser account
2025-01-30 11:39:51.452 [pool-3-thread-1] INFO  com.rs.mv.mvvs.client.catalog.from.config.DirsConfigReader - [client:400206]parse dir config information
2025-01-30 11:39:51.452 [pool-3-thread-1] INFO  com.rs.mv.mvvs.client.catalog.from.config.MappingConfigReader - [client:400207]parse mapping config information
2025-01-30 11:39:51.452 [pool-3-thread-1] INFO  com.rs.mv.mvvs.client.catalog.manager.U2CatalogManager - [client:400202]start a schedule task to get global/local catalog for parser, its period 5s 
2025-01-30 11:39:51.453 [pool-3-thread-1] INFO  com.rs.mv.mvvs.client.catalog.manager.U2CatalogManager - [client:400203]cache file auto update thread launch in vendor account
2025-01-30 11:39:51.453 [pool-3-thread-1] INFO  com.rs.mv.mvvs.client.catalog.from.config.DirsConfigReader - [client:400206]parse dir config information
2025-01-30 11:39:51.453 [pool-3-thread-1] INFO  com.rs.mv.mvvs.client.catalog.from.config.MappingConfigReader - [client:400207]parse mapping config information
2025-01-30 11:39:51.453 [pool-3-thread-1] INFO  com.rs.mv.mvvs.client.catalog.manager.U2CatalogManager - [client:400202]start a schedule task to get global/local catalog for vendor, its period 5s 
2025-01-30 11:39:51.453 [pool-3-thread-1] INFO  com.rs.mv.mvvs.client.catalog.manager.U2CatalogManager - [client:400203]cache file auto update thread launch in text-encoding account
2025-01-30 11:39:51.453 [pool-3-thread-1] INFO  com.rs.mv.mvvs.client.catalog.from.config.DirsConfigReader - [client:400206]parse dir config information
2025-01-30 11:39:51.453 [pool-3-thread-1] INFO  com.rs.mv.mvvs.client.catalog.from.config.MappingConfigReader - [client:400207]parse mapping config information
2025-01-30 11:39:51.453 [pool-3-thread-1] INFO  com.rs.mv.mvvs.client.catalog.manager.U2CatalogManager - [client:400202]start a schedule task to get global/local catalog for text-encoding, its period 5s 
2025-01-30 11:39:51.454 [pool-3-thread-1] INFO  com.rs.mv.mvvs.client.catalog.manager.U2CatalogManager - [client:400203]cache file auto update thread launch in mongodb account
2025-01-30 11:39:51.454 [pool-3-thread-1] INFO  com.rs.mv.mvvs.client.catalog.from.config.DirsConfigReader - [client:400206]parse dir config information
2025-01-30 11:39:51.454 [pool-3-thread-1] INFO  com.rs.mv.mvvs.client.catalog.from.config.MappingConfigReader - [client:400207]parse mapping config information
2025-01-30 11:39:51.454 [pool-3-thread-1] INFO  com.rs.mv.mvvs.client.catalog.manager.U2CatalogManager - [client:400202]start a schedule task to get global/local catalog for mongodb, its period 5s 
2025-01-30 11:39:51.454 [pool-3-thread-1] INFO  com.rs.mv.mvvs.client.catalog.manager.U2CatalogManager - [client:400203]cache file auto update thread launch in lib account
2025-01-30 11:39:51.454 [pool-3-thread-1] INFO  com.rs.mv.mvvs.client.catalog.from.config.DirsConfigReader - [client:400206]parse dir config information
2025-01-30 11:39:51.454 [pool-3-thread-1] INFO  com.rs.mv.mvvs.client.catalog.from.config.MappingConfigReader - [client:400207]parse mapping config information
2025-01-30 11:39:51.454 [pool-3-thread-1] INFO  com.rs.mv.mvvs.client.catalog.manager.U2CatalogManager - [client:400202]start a schedule task to get global/local catalog for lib, its period 5s 
2025-01-30 11:39:51.455 [pool-3-thread-1] INFO  com.rs.mv.mvvs.client.catalog.manager.U2CatalogManager - [client:400203]cache file auto update thread launch in client-side-encryption account
2025-01-30 11:39:51.455 [pool-3-thread-1] INFO  com.rs.mv.mvvs.client.catalog.from.config.DirsConfigReader - [client:400206]parse dir config information
2025-01-30 11:39:51.455 [pool-3-thread-1] INFO  com.rs.mv.mvvs.client.catalog.from.config.MappingConfigReader - [client:400207]parse mapping config information
2025-01-30 11:39:51.455 [pool-3-thread-1] INFO  com.rs.mv.mvvs.client.catalog.manager.U2CatalogManager - [client:400202]start a schedule task to get global/local catalog for client-side-encryption, its period 5s 
2025-01-30 11:39:51.455 [pool-3-thread-1] INFO  com.rs.mv.mvvs.client.catalog.manager.U2CatalogManager - [client:400203]cache file auto update thread launch in cmap account
2025-01-30 11:39:51.455 [pool-3-thread-1] INFO  com.rs.mv.mvvs.client.catalog.from.config.DirsConfigReader - [client:400206]parse dir config information
2025-01-30 11:39:51.455 [pool-3-thread-1] INFO  com.rs.mv.mvvs.client.catalog.from.config.MappingConfigReader - [client:400207]parse mapping config information
2025-01-30 11:39:51.455 [pool-3-thread-1] INFO  com.rs.mv.mvvs.client.catalog.manager.U2CatalogManager - [client:400202]start a schedule task to get global/local catalog for cmap, its period 5s 
2025-01-30 11:39:51.456 [pool-3-thread-1] INFO  com.rs.mv.mvvs.client.catalog.manager.U2CatalogManager - [client:400203]cache file auto update thread launch in auth account
2025-01-30 11:39:51.456 [pool-3-thread-1] INFO  com.rs.mv.mvvs.client.catalog.from.config.DirsConfigReader - [client:400206]parse dir config information
2025-01-30 11:39:51.456 [pool-3-thread-1] INFO  com.rs.mv.mvvs.client.catalog.from.config.MappingConfigReader - [client:400207]parse mapping config information
2025-01-30 11:39:51.456 [pool-3-thread-1] INFO  com.rs.mv.mvvs.client.catalog.manager.U2CatalogManager - [client:400202]start a schedule task to get global/local catalog for auth, its period 5s 
2025-01-30 11:39:51.456 [pool-3-thread-1] INFO  com.rs.mv.mvvs.client.catalog.manager.U2CatalogManager - [client:400203]cache file auto update thread launch in wire_protocol account
2025-01-30 11:39:51.456 [pool-3-thread-1] INFO  com.rs.mv.mvvs.client.catalog.from.config.DirsConfigReader - [client:400206]parse dir config information
2025-01-30 11:39:51.456 [pool-3-thread-1] INFO  com.rs.mv.mvvs.client.catalog.from.config.MappingConfigReader - [client:400207]parse mapping config information
2025-01-30 11:39:51.456 [pool-3-thread-1] INFO  com.rs.mv.mvvs.client.catalog.manager.U2CatalogManager - [client:400202]start a schedule task to get global/local catalog for wire_protocol, its period 5s 
2025-01-30 11:39:51.457 [pool-3-thread-1] INFO  com.rs.mv.mvvs.client.catalog.manager.U2CatalogManager - [client:400203]cache file auto update thread launch in operations account
2025-01-30 11:39:51.457 [pool-3-thread-1] INFO  com.rs.mv.mvvs.client.catalog.from.config.DirsConfigReader - [client:400206]parse dir config information
2025-01-30 11:39:51.457 [pool-3-thread-1] INFO  com.rs.mv.mvvs.client.catalog.from.config.MappingConfigReader - [client:400207]parse mapping config information
2025-01-30 11:39:51.457 [pool-3-thread-1] INFO  com.rs.mv.mvvs.client.catalog.manager.U2CatalogManager - [client:400202]start a schedule task to get global/local catalog for operations, its period 5s 
2025-01-30 11:39:51.457 [pool-3-thread-1] INFO  com.rs.mv.mvvs.client.catalog.manager.U2CatalogManager - [client:400203]cache file auto update thread launch in src account
2025-01-30 11:39:51.457 [pool-3-thread-1] INFO  com.rs.mv.mvvs.client.catalog.from.config.DirsConfigReader - [client:400206]parse dir config information
2025-01-30 11:39:51.457 [pool-3-thread-1] INFO  com.rs.mv.mvvs.client.catalog.from.config.MappingConfigReader - [client:400207]parse mapping config information
2025-01-30 11:39:51.458 [pool-3-thread-1] INFO  com.rs.mv.mvvs.client.catalog.manager.U2CatalogManager - [client:400202]start a schedule task to get global/local catalog for src, its period 5s 
2025-01-30 11:39:51.458 [pool-3-thread-1] INFO  com.rs.mv.mvvs.client.catalog.manager.U2CatalogManager - [client:400203]cache file auto update thread launch in client-side-encryption account
2025-01-30 11:39:51.458 [pool-3-thread-1] INFO  com.rs.mv.mvvs.client.catalog.from.config.DirsConfigReader - [client:400206]parse dir config information
2025-01-30 11:39:51.458 [pool-3-thread-1] INFO  com.rs.mv.mvvs.client.catalog.from.config.MappingConfigReader - [client:400207]parse mapping config information
2025-01-30 11:39:51.459 [pool-3-thread-1] INFO  com.rs.mv.mvvs.client.catalog.manager.U2CatalogManager - [client:400202]start a schedule task to get global/local catalog for client-side-encryption, its period 5s 
2025-01-30 11:39:51.459 [pool-3-thread-1] INFO  com.rs.mv.mvvs.client.catalog.manager.U2CatalogManager - [client:400203]cache file auto update thread launch in cmap account
2025-01-30 11:39:51.459 [pool-3-thread-1] INFO  com.rs.mv.mvvs.client.catalog.from.config.DirsConfigReader - [client:400206]parse dir config information
2025-01-30 11:39:51.459 [pool-3-thread-1] INFO  com.rs.mv.mvvs.client.catalog.from.config.MappingConfigReader - [client:400207]parse mapping config information
2025-01-30 11:39:51.459 [pool-3-thread-1] INFO  com.rs.mv.mvvs.client.catalog.manager.U2CatalogManager - [client:400202]start a schedule task to get global/local catalog for cmap, its period 5s 
2025-01-30 11:39:51.460 [pool-3-thread-1] INFO  com.rs.mv.mvvs.client.catalog.manager.U2CatalogManager - [client:400203]cache file auto update thread launch in auth account
2025-01-30 11:39:51.460 [pool-3-thread-1] INFO  com.rs.mv.mvvs.client.catalog.from.config.DirsConfigReader - [client:400206]parse dir config information
2025-01-30 11:39:51.460 [pool-3-thread-1] INFO  com.rs.mv.mvvs.client.catalog.from.config.MappingConfigReader - [client:400207]parse mapping config information
2025-01-30 11:39:51.460 [pool-3-thread-1] INFO  com.rs.mv.mvvs.client.catalog.manager.U2CatalogManager - [client:400202]start a schedule task to get global/local catalog for auth, its period 5s 
2025-01-30 11:39:51.460 [pool-3-thread-1] INFO  com.rs.mv.mvvs.client.catalog.manager.U2CatalogManager - [client:400203]cache file auto update thread launch in wire_protocol account
2025-01-30 11:39:51.460 [pool-3-thread-1] INFO  com.rs.mv.mvvs.client.catalog.from.config.DirsConfigReader - [client:400206]parse dir config information
2025-01-30 11:39:51.460 [pool-3-thread-1] INFO  com.rs.mv.mvvs.client.catalog.from.config.MappingConfigReader - [client:400207]parse mapping config information
2025-01-30 11:39:51.461 [pool-3-thread-1] INFO  com.rs.mv.mvvs.client.catalog.manager.U2CatalogManager - [client:400202]start a schedule task to get global/local catalog for wire_protocol, its period 5s 
2025-01-30 11:39:51.461 [pool-3-thread-1] INFO  com.rs.mv.mvvs.client.catalog.manager.U2CatalogManager - [client:400203]cache file auto update thread launch in operations account
2025-01-30 11:39:51.461 [pool-3-thread-1] INFO  com.rs.mv.mvvs.client.catalog.from.config.DirsConfigReader - [client:400206]parse dir config information
2025-01-30 11:39:51.461 [pool-3-thread-1] INFO  com.rs.mv.mvvs.client.catalog.from.config.MappingConfigReader - [client:400207]parse mapping config information
2025-01-30 11:39:51.461 [pool-3-thread-1] INFO  com.rs.mv.mvvs.client.catalog.manager.U2CatalogManager - [client:400202]start a schedule task to get global/local catalog for operations, its period 5s 
2025-01-30 11:39:51.461 [pool-3-thread-1] INFO  com.rs.mv.mvvs.client.catalog.manager.U2CatalogManager - [client:400203]cache file auto update thread launch in mongodb-connection-string-url account
2025-01-30 11:39:51.461 [pool-3-thread-1] INFO  com.rs.mv.mvvs.client.catalog.from.config.DirsConfigReader - [client:400206]parse dir config information
2025-01-30 11:39:51.461 [pool-3-thread-1] INFO  com.rs.mv.mvvs.client.catalog.from.config.MappingConfigReader - [client:400207]parse mapping config information
2025-01-30 11:39:51.462 [pool-3-thread-1] INFO  com.rs.mv.mvvs.client.catalog.manager.U2CatalogManager - [client:400202]start a schedule task to get global/local catalog for mongodb-connection-string-url, its period 5s 
2025-01-30 11:39:51.462 [pool-3-thread-1] INFO  com.rs.mv.mvvs.client.catalog.manager.U2CatalogManager - [client:400203]cache file auto update thread launch in tr46 account
2025-01-30 11:39:51.462 [pool-3-thread-1] INFO  com.rs.mv.mvvs.client.catalog.from.config.DirsConfigReader - [client:400206]parse dir config information
2025-01-30 11:39:51.462 [pool-3-thread-1] INFO  com.rs.mv.mvvs.client.catalog.from.config.MappingConfigReader - [client:400207]parse mapping config information
2025-01-30 11:39:51.462 [pool-3-thread-1] INFO  com.rs.mv.mvvs.client.catalog.manager.U2CatalogManager - [client:400202]start a schedule task to get global/local catalog for tr46, its period 5s 
2025-01-30 11:39:51.462 [pool-3-thread-1] INFO  com.rs.mv.mvvs.client.catalog.manager.U2CatalogManager - [client:400203]cache file auto update thread launch in webidl-conversions account
2025-01-30 11:39:51.462 [pool-3-thread-1] INFO  com.rs.mv.mvvs.client.catalog.from.config.DirsConfigReader - [client:400206]parse dir config information
2025-01-30 11:39:51.462 [pool-3-thread-1] INFO  com.rs.mv.mvvs.client.catalog.from.config.MappingConfigReader - [client:400207]parse mapping config information
2025-01-30 11:39:51.463 [pool-3-thread-1] INFO  com.rs.mv.mvvs.client.catalog.manager.U2CatalogManager - [client:400202]start a schedule task to get global/local catalog for webidl-conversions, its period 5s 
2025-01-30 11:39:51.463 [pool-3-thread-1] INFO  com.rs.mv.mvvs.client.catalog.manager.U2CatalogManager - [client:400203]cache file auto update thread launch in whatwg-url account
2025-01-30 11:39:51.463 [pool-3-thread-1] INFO  com.rs.mv.mvvs.client.catalog.from.config.DirsConfigReader - [client:400206]parse dir config information
2025-01-30 11:39:51.463 [pool-3-thread-1] INFO  com.rs.mv.mvvs.client.catalog.from.config.MappingConfigReader - [client:400207]parse mapping config information
2025-01-30 11:39:51.463 [pool-3-thread-1] INFO  com.rs.mv.mvvs.client.catalog.manager.U2CatalogManager - [client:400202]start a schedule task to get global/local catalog for whatwg-url, its period 5s 
2025-01-30 11:39:51.463 [pool-3-thread-1] INFO  com.rs.mv.mvvs.client.catalog.manager.U2CatalogManager - [client:400203]cache file auto update thread launch in 02.Connexion-BDD-MySql account
2025-01-30 11:39:51.463 [pool-3-thread-1] INFO  com.rs.mv.mvvs.client.catalog.from.config.DirsConfigReader - [client:400206]parse dir config information
2025-01-30 11:39:51.463 [pool-3-thread-1] INFO  com.rs.mv.mvvs.client.catalog.from.config.MappingConfigReader - [client:400207]parse mapping config information
2025-01-30 11:39:51.464 [pool-3-thread-1] INFO  com.rs.mv.mvvs.client.catalog.manager.U2CatalogManager - [client:400202]start a schedule task to get global/local catalog for 02.Connexion-BDD-MySql, its period 5s 
2025-01-30 11:39:51.464 [pool-3-thread-1] INFO  com.rs.mv.mvvs.client.catalog.manager.U2CatalogManager - [client:400203]cache file auto update thread launch in node_modules account
2025-01-30 11:39:51.464 [pool-3-thread-1] INFO  com.rs.mv.mvvs.client.catalog.from.config.DirsConfigReader - [client:400206]parse dir config information
2025-01-30 11:39:51.464 [pool-3-thread-1] INFO  com.rs.mv.mvvs.client.catalog.from.config.MappingConfigReader - [client:400207]parse mapping config information
2025-01-30 11:39:51.464 [pool-3-thread-1] INFO  com.rs.mv.mvvs.client.catalog.manager.U2CatalogManager - [client:400202]start a schedule task to get global/local catalog for node_modules, its period 5s 
2025-01-30 11:39:51.464 [pool-3-thread-1] INFO  com.rs.mv.mvvs.client.catalog.manager.U2CatalogManager - [client:400203]cache file auto update thread launch in bignumber.js account
2025-01-30 11:39:51.465 [pool-3-thread-1] INFO  com.rs.mv.mvvs.client.catalog.from.config.DirsConfigReader - [client:400206]parse dir config information
2025-01-30 11:39:51.465 [pool-3-thread-1] INFO  com.rs.mv.mvvs.client.catalog.from.config.MappingConfigReader - [client:400207]parse mapping config information
2025-01-30 11:39:51.465 [pool-3-thread-1] INFO  com.rs.mv.mvvs.client.catalog.manager.U2CatalogManager - [client:400202]start a schedule task to get global/local catalog for bignumber.js, its period 5s 
2025-01-30 11:39:51.465 [pool-3-thread-1] INFO  com.rs.mv.mvvs.client.catalog.manager.U2CatalogManager - [client:400203]cache file auto update thread launch in core-util-is account
2025-01-30 11:39:51.465 [pool-3-thread-1] INFO  com.rs.mv.mvvs.client.catalog.from.config.DirsConfigReader - [client:400206]parse dir config information
2025-01-30 11:39:51.465 [pool-3-thread-1] INFO  com.rs.mv.mvvs.client.catalog.from.config.MappingConfigReader - [client:400207]parse mapping config information
2025-01-30 11:39:51.465 [pool-3-thread-1] INFO  com.rs.mv.mvvs.client.catalog.manager.U2CatalogManager - [client:400202]start a schedule task to get global/local catalog for core-util-is, its period 5s 
2025-01-30 11:39:51.465 [pool-3-thread-1] INFO  com.rs.mv.mvvs.client.catalog.manager.U2CatalogManager - [client:400203]cache file auto update thread launch in mysql account
2025-01-30 11:39:51.466 [pool-3-thread-1] INFO  com.rs.mv.mvvs.client.catalog.from.config.DirsConfigReader - [client:400206]parse dir config information
2025-01-30 11:39:51.466 [pool-3-thread-1] INFO  com.rs.mv.mvvs.client.catalog.from.config.MappingConfigReader - [client:400207]parse mapping config information
2025-01-30 11:39:51.466 [pool-3-thread-1] INFO  com.rs.mv.mvvs.client.catalog.manager.U2CatalogManager - [client:400202]start a schedule task to get global/local catalog for mysql, its period 5s 
2025-01-30 11:39:51.466 [pool-3-thread-1] INFO  com.rs.mv.mvvs.client.catalog.manager.U2CatalogManager - [client:400203]cache file auto update thread launch in lib account
2025-01-30 11:39:51.466 [pool-3-thread-1] INFO  com.rs.mv.mvvs.client.catalog.from.config.DirsConfigReader - [client:400206]parse dir config information
2025-01-30 11:39:51.466 [pool-3-thread-1] INFO  com.rs.mv.mvvs.client.catalog.from.config.MappingConfigReader - [client:400207]parse mapping config information
2025-01-30 11:39:51.467 [pool-3-thread-1] INFO  com.rs.mv.mvvs.client.catalog.manager.U2CatalogManager - [client:400202]start a schedule task to get global/local catalog for lib, its period 5s 
2025-01-30 11:39:51.467 [pool-3-thread-1] INFO  com.rs.mv.mvvs.client.catalog.manager.U2CatalogManager - [client:400203]cache file auto update thread launch in protocol account
2025-01-30 11:39:51.467 [pool-3-thread-1] INFO  com.rs.mv.mvvs.client.catalog.from.config.DirsConfigReader - [client:400206]parse dir config information
2025-01-30 11:39:51.467 [pool-3-thread-1] INFO  com.rs.mv.mvvs.client.catalog.from.config.MappingConfigReader - [client:400207]parse mapping config information
2025-01-30 11:39:51.467 [pool-3-thread-1] INFO  com.rs.mv.mvvs.client.catalog.manager.U2CatalogManager - [client:400202]start a schedule task to get global/local catalog for protocol, its period 5s 
2025-01-30 11:39:51.467 [pool-3-thread-1] INFO  com.rs.mv.mvvs.client.catalog.manager.U2CatalogManager - [client:400203]cache file auto update thread launch in readable-stream account
2025-01-30 11:39:51.467 [pool-3-thread-1] INFO  com.rs.mv.mvvs.client.catalog.from.config.DirsConfigReader - [client:400206]parse dir config information
2025-01-30 11:39:51.468 [pool-3-thread-1] INFO  com.rs.mv.mvvs.client.catalog.from.config.MappingConfigReader - [client:400207]parse mapping config information
2025-01-30 11:39:51.468 [pool-3-thread-1] INFO  com.rs.mv.mvvs.client.catalog.manager.U2CatalogManager - [client:400202]start a schedule task to get global/local catalog for readable-stream, its period 5s 
2025-01-30 11:39:51.468 [pool-3-thread-1] INFO  com.rs.mv.mvvs.client.catalog.manager.U2CatalogManager - [client:400203]cache file auto update thread launch in doc account
2025-01-30 11:39:51.469 [pool-3-thread-1] INFO  com.rs.mv.mvvs.client.catalog.from.config.DirsConfigReader - [client:400206]parse dir config information
2025-01-30 11:39:51.469 [pool-3-thread-1] INFO  com.rs.mv.mvvs.client.catalog.from.config.MappingConfigReader - [client:400207]parse mapping config information
2025-01-30 11:39:51.469 [pool-3-thread-1] INFO  com.rs.mv.mvvs.client.catalog.manager.U2CatalogManager - [client:400202]start a schedule task to get global/local catalog for doc, its period 5s 
2025-01-30 11:39:51.469 [pool-3-thread-1] INFO  com.rs.mv.mvvs.client.catalog.manager.U2CatalogManager - [client:400203]cache file auto update thread launch in lib account
2025-01-30 11:39:51.469 [pool-3-thread-1] INFO  com.rs.mv.mvvs.client.catalog.from.config.DirsConfigReader - [client:400206]parse dir config information
2025-01-30 11:39:51.470 [pool-3-thread-1] INFO  com.rs.mv.mvvs.client.catalog.from.config.MappingConfigReader - [client:400207]parse mapping config information
2025-01-30 11:39:51.470 [pool-3-thread-1] INFO  com.rs.mv.mvvs.client.catalog.manager.U2CatalogManager - [client:400202]start a schedule task to get global/local catalog for lib, its period 5s 
2025-01-30 11:39:51.471 [pool-3-thread-1] INFO  com.rs.mv.mvvs.client.catalog.manager.U2CatalogManager - [client:400203]cache file auto update thread launch in internal account
2025-01-30 11:39:51.471 [pool-3-thread-1] INFO  com.rs.mv.mvvs.client.catalog.from.config.DirsConfigReader - [client:400206]parse dir config information
2025-01-30 11:39:51.472 [pool-3-thread-1] INFO  com.rs.mv.mvvs.client.catalog.from.config.MappingConfigReader - [client:400207]parse mapping config information
2025-01-30 11:39:51.472 [pool-3-thread-1] INFO  com.rs.mv.mvvs.client.catalog.manager.U2CatalogManager - [client:400202]start a schedule task to get global/local catalog for internal, its period 5s 
2025-01-30 11:39:51.472 [pool-3-thread-1] INFO  com.rs.mv.mvvs.client.catalog.manager.U2CatalogManager - [client:400203]cache file auto update thread launch in sqlstring account
2025-01-30 11:39:51.473 [pool-3-thread-1] INFO  com.rs.mv.mvvs.client.catalog.from.config.DirsConfigReader - [client:400206]parse dir config information
2025-01-30 11:39:51.473 [pool-3-thread-1] INFO  com.rs.mv.mvvs.client.catalog.from.config.MappingConfigReader - [client:400207]parse mapping config information
2025-01-30 11:39:51.473 [pool-3-thread-1] INFO  com.rs.mv.mvvs.client.catalog.manager.U2CatalogManager - [client:400202]start a schedule task to get global/local catalog for sqlstring, its period 5s 
2025-01-30 11:39:51.473 [pool-3-thread-1] INFO  com.rs.mv.mvvs.client.catalog.manager.U2CatalogManager - [client:400203]cache file auto update thread launch in string_decoder account
2025-01-30 11:39:51.473 [pool-3-thread-1] INFO  com.rs.mv.mvvs.client.catalog.from.config.DirsConfigReader - [client:400206]parse dir config information
2025-01-30 11:39:51.473 [pool-3-thread-1] INFO  com.rs.mv.mvvs.client.catalog.from.config.MappingConfigReader - [client:400207]parse mapping config information
2025-01-30 11:39:51.474 [pool-3-thread-1] INFO  com.rs.mv.mvvs.client.catalog.manager.U2CatalogManager - [client:400202]start a schedule task to get global/local catalog for string_decoder, its period 5s 
2025-01-30 11:39:51.474 [pool-3-thread-1] INFO  com.rs.mv.mvvs.client.catalog.manager.U2CatalogManager - [client:400203]cache file auto update thread launch in 03.Crud account
2025-01-30 11:39:51.474 [pool-3-thread-1] INFO  com.rs.mv.mvvs.client.catalog.from.config.DirsConfigReader - [client:400206]parse dir config information
2025-01-30 11:39:51.474 [pool-3-thread-1] INFO  com.rs.mv.mvvs.client.catalog.from.config.MappingConfigReader - [client:400207]parse mapping config information
2025-01-30 11:39:51.475 [pool-3-thread-1] INFO  com.rs.mv.mvvs.client.catalog.manager.U2CatalogManager - [client:400202]start a schedule task to get global/local catalog for 03.Crud, its period 5s 
2025-01-30 11:39:51.475 [pool-3-thread-1] INFO  com.rs.mv.mvvs.client.catalog.manager.U2CatalogManager - [client:400203]cache file auto update thread launch in node_modules account
2025-01-30 11:39:51.475 [pool-3-thread-1] INFO  com.rs.mv.mvvs.client.catalog.from.config.DirsConfigReader - [client:400206]parse dir config information
2025-01-30 11:39:51.475 [pool-3-thread-1] INFO  com.rs.mv.mvvs.client.catalog.from.config.MappingConfigReader - [client:400207]parse mapping config information
2025-01-30 11:39:51.476 [pool-3-thread-1] INFO  com.rs.mv.mvvs.client.catalog.manager.U2CatalogManager - [client:400202]start a schedule task to get global/local catalog for node_modules, its period 5s 
2025-01-30 11:39:51.476 [pool-3-thread-1] INFO  com.rs.mv.mvvs.client.catalog.manager.U2CatalogManager - [client:400203]cache file auto update thread launch in aws-ssl-profiles account
2025-01-30 11:39:51.476 [pool-3-thread-1] INFO  com.rs.mv.mvvs.client.catalog.from.config.DirsConfigReader - [client:400206]parse dir config information
2025-01-30 11:39:51.476 [pool-3-thread-1] INFO  com.rs.mv.mvvs.client.catalog.from.config.MappingConfigReader - [client:400207]parse mapping config information
2025-01-30 11:39:51.476 [pool-3-thread-1] INFO  com.rs.mv.mvvs.client.catalog.manager.U2CatalogManager - [client:400202]start a schedule task to get global/local catalog for aws-ssl-profiles, its period 5s 
2025-01-30 11:39:51.477 [pool-3-thread-1] INFO  com.rs.mv.mvvs.client.catalog.manager.U2CatalogManager - [client:400203]cache file auto update thread launch in lib account
2025-01-30 11:39:51.477 [pool-3-thread-1] INFO  com.rs.mv.mvvs.client.catalog.from.config.DirsConfigReader - [client:400206]parse dir config information
2025-01-30 11:39:51.477 [pool-3-thread-1] INFO  com.rs.mv.mvvs.client.catalog.from.config.MappingConfigReader - [client:400207]parse mapping config information
2025-01-30 11:39:51.477 [pool-3-thread-1] INFO  com.rs.mv.mvvs.client.catalog.manager.U2CatalogManager - [client:400202]start a schedule task to get global/local catalog for lib, its period 5s 
2025-01-30 11:39:51.477 [pool-3-thread-1] INFO  com.rs.mv.mvvs.client.catalog.manager.U2CatalogManager - [client:400203]cache file auto update thread launch in profiles account
2025-01-30 11:39:51.477 [pool-3-thread-1] INFO  com.rs.mv.mvvs.client.catalog.from.config.DirsConfigReader - [client:400206]parse dir config information
2025-01-30 11:39:51.477 [pool-3-thread-1] INFO  com.rs.mv.mvvs.client.catalog.from.config.MappingConfigReader - [client:400207]parse mapping config information
2025-01-30 11:39:51.477 [pool-3-thread-1] INFO  com.rs.mv.mvvs.client.catalog.manager.U2CatalogManager - [client:400202]start a schedule task to get global/local catalog for profiles, its period 5s 
2025-01-30 11:39:51.478 [pool-3-thread-1] INFO  com.rs.mv.mvvs.client.catalog.manager.U2CatalogManager - [client:400203]cache file auto update thread launch in body-parser account
2025-01-30 11:39:51.478 [pool-3-thread-1] INFO  com.rs.mv.mvvs.client.catalog.from.config.DirsConfigReader - [client:400206]parse dir config information
2025-01-30 11:39:51.478 [pool-3-thread-1] INFO  com.rs.mv.mvvs.client.catalog.from.config.MappingConfigReader - [client:400207]parse mapping config information
2025-01-30 11:39:51.478 [pool-3-thread-1] INFO  com.rs.mv.mvvs.client.catalog.manager.U2CatalogManager - [client:400202]start a schedule task to get global/local catalog for body-parser, its period 5s 
2025-01-30 11:39:51.478 [pool-3-thread-1] INFO  com.rs.mv.mvvs.client.catalog.manager.U2CatalogManager - [client:400203]cache file auto update thread launch in lib account
2025-01-30 11:39:51.479 [pool-3-thread-1] INFO  com.rs.mv.mvvs.client.catalog.from.config.DirsConfigReader - [client:400206]parse dir config information
2025-01-30 11:39:51.479 [pool-3-thread-1] INFO  com.rs.mv.mvvs.client.catalog.from.config.MappingConfigReader - [client:400207]parse mapping config information
2025-01-30 11:39:51.479 [pool-3-thread-1] INFO  com.rs.mv.mvvs.client.catalog.manager.U2CatalogManager - [client:400202]start a schedule task to get global/local catalog for lib, its period 5s 
2025-01-30 11:39:51.480 [pool-3-thread-1] INFO  com.rs.mv.mvvs.client.catalog.manager.U2CatalogManager - [client:400203]cache file auto update thread launch in call-bind-apply-helpers account
2025-01-30 11:39:51.480 [pool-3-thread-1] INFO  com.rs.mv.mvvs.client.catalog.from.config.DirsConfigReader - [client:400206]parse dir config information
2025-01-30 11:39:51.480 [pool-3-thread-1] INFO  com.rs.mv.mvvs.client.catalog.from.config.MappingConfigReader - [client:400207]parse mapping config information
2025-01-30 11:39:51.480 [pool-3-thread-1] INFO  com.rs.mv.mvvs.client.catalog.manager.U2CatalogManager - [client:400202]start a schedule task to get global/local catalog for call-bind-apply-helpers, its period 5s 
2025-01-30 11:39:51.480 [pool-3-thread-1] INFO  com.rs.mv.mvvs.client.catalog.manager.U2CatalogManager - [client:400203]cache file auto update thread launch in call-bound account
2025-01-30 11:39:51.480 [pool-3-thread-1] INFO  com.rs.mv.mvvs.client.catalog.from.config.DirsConfigReader - [client:400206]parse dir config information
2025-01-30 11:39:51.480 [pool-3-thread-1] INFO  com.rs.mv.mvvs.client.catalog.from.config.MappingConfigReader - [client:400207]parse mapping config information
2025-01-30 11:39:51.481 [pool-3-thread-1] INFO  com.rs.mv.mvvs.client.catalog.manager.U2CatalogManager - [client:400202]start a schedule task to get global/local catalog for call-bound, its period 5s 
2025-01-30 11:39:51.481 [pool-3-thread-1] INFO  com.rs.mv.mvvs.client.catalog.manager.U2CatalogManager - [client:400203]cache file auto update thread launch in debug account
2025-01-30 11:39:51.481 [pool-3-thread-1] INFO  com.rs.mv.mvvs.client.catalog.from.config.DirsConfigReader - [client:400206]parse dir config information
2025-01-30 11:39:51.481 [pool-3-thread-1] INFO  com.rs.mv.mvvs.client.catalog.from.config.MappingConfigReader - [client:400207]parse mapping config information
2025-01-30 11:39:51.481 [pool-3-thread-1] INFO  com.rs.mv.mvvs.client.catalog.manager.U2CatalogManager - [client:400202]start a schedule task to get global/local catalog for debug, its period 5s 
2025-01-30 11:39:51.482 [pool-3-thread-1] INFO  com.rs.mv.mvvs.client.catalog.manager.U2CatalogManager - [client:400203]cache file auto update thread launch in depd account
2025-01-30 11:39:51.482 [pool-3-thread-1] INFO  com.rs.mv.mvvs.client.catalog.from.config.DirsConfigReader - [client:400206]parse dir config information
2025-01-30 11:39:51.482 [pool-3-thread-1] INFO  com.rs.mv.mvvs.client.catalog.from.config.MappingConfigReader - [client:400207]parse mapping config information
2025-01-30 11:39:51.482 [pool-3-thread-1] INFO  com.rs.mv.mvvs.client.catalog.manager.U2CatalogManager - [client:400202]start a schedule task to get global/local catalog for depd, its period 5s 
2025-01-30 11:39:51.482 [pool-3-thread-1] INFO  com.rs.mv.mvvs.client.catalog.manager.U2CatalogManager - [client:400203]cache file auto update thread launch in lib account
2025-01-30 11:39:51.483 [pool-3-thread-1] INFO  com.rs.mv.mvvs.client.catalog.from.config.DirsConfigReader - [client:400206]parse dir config information
2025-01-30 11:39:51.483 [pool-3-thread-1] INFO  com.rs.mv.mvvs.client.catalog.from.config.MappingConfigReader - [client:400207]parse mapping config information
2025-01-30 11:39:51.483 [pool-3-thread-1] INFO  com.rs.mv.mvvs.client.catalog.manager.U2CatalogManager - [client:400202]start a schedule task to get global/local catalog for lib, its period 5s 
2025-01-30 11:39:51.483 [pool-3-thread-1] INFO  com.rs.mv.mvvs.client.catalog.manager.U2CatalogManager - [client:400203]cache file auto update thread launch in dunder-proto account
2025-01-30 11:39:51.483 [pool-3-thread-1] INFO  com.rs.mv.mvvs.client.catalog.from.config.DirsConfigReader - [client:400206]parse dir config information
2025-01-30 11:39:51.483 [pool-3-thread-1] INFO  com.rs.mv.mvvs.client.catalog.from.config.MappingConfigReader - [client:400207]parse mapping config information
2025-01-30 11:39:51.484 [pool-3-thread-1] INFO  com.rs.mv.mvvs.client.catalog.manager.U2CatalogManager - [client:400202]start a schedule task to get global/local catalog for dunder-proto, its period 5s 
2025-01-30 11:39:51.484 [pool-3-thread-1] INFO  com.rs.mv.mvvs.client.catalog.manager.U2CatalogManager - [client:400203]cache file auto update thread launch in es-define-property account
2025-01-30 11:39:51.484 [pool-3-thread-1] INFO  com.rs.mv.mvvs.client.catalog.from.config.DirsConfigReader - [client:400206]parse dir config information
2025-01-30 11:39:51.484 [pool-3-thread-1] INFO  com.rs.mv.mvvs.client.catalog.from.config.MappingConfigReader - [client:400207]parse mapping config information
2025-01-30 11:39:51.484 [pool-3-thread-1] INFO  com.rs.mv.mvvs.client.catalog.manager.U2CatalogManager - [client:400202]start a schedule task to get global/local catalog for es-define-property, its period 5s 
2025-01-30 11:39:51.485 [pool-3-thread-1] INFO  com.rs.mv.mvvs.client.catalog.manager.U2CatalogManager - [client:400203]cache file auto update thread launch in es-errors account
2025-01-30 11:39:51.485 [pool-3-thread-1] INFO  com.rs.mv.mvvs.client.catalog.from.config.DirsConfigReader - [client:400206]parse dir config information
2025-01-30 11:39:51.485 [pool-3-thread-1] INFO  com.rs.mv.mvvs.client.catalog.from.config.MappingConfigReader - [client:400207]parse mapping config information
2025-01-30 11:39:51.485 [pool-3-thread-1] INFO  com.rs.mv.mvvs.client.catalog.manager.U2CatalogManager - [client:400202]start a schedule task to get global/local catalog for es-errors, its period 5s 
2025-01-30 11:39:51.485 [pool-3-thread-1] INFO  com.rs.mv.mvvs.client.catalog.manager.U2CatalogManager - [client:400203]cache file auto update thread launch in es-object-atoms account
2025-01-30 11:39:51.485 [pool-3-thread-1] INFO  com.rs.mv.mvvs.client.catalog.from.config.DirsConfigReader - [client:400206]parse dir config information
2025-01-30 11:39:51.485 [pool-3-thread-1] INFO  com.rs.mv.mvvs.client.catalog.from.config.MappingConfigReader - [client:400207]parse mapping config information
2025-01-30 11:39:51.485 [pool-3-thread-1] INFO  com.rs.mv.mvvs.client.catalog.manager.U2CatalogManager - [client:400202]start a schedule task to get global/local catalog for es-object-atoms, its period 5s 
2025-01-30 11:39:51.486 [pool-3-thread-1] INFO  com.rs.mv.mvvs.client.catalog.manager.U2CatalogManager - [client:400203]cache file auto update thread launch in express account
2025-01-30 11:39:51.486 [pool-3-thread-1] INFO  com.rs.mv.mvvs.client.catalog.from.config.DirsConfigReader - [client:400206]parse dir config information
2025-01-30 11:39:51.486 [pool-3-thread-1] INFO  com.rs.mv.mvvs.client.catalog.from.config.MappingConfigReader - [client:400207]parse mapping config information
2025-01-30 11:39:51.486 [pool-3-thread-1] INFO  com.rs.mv.mvvs.client.catalog.manager.U2CatalogManager - [client:400202]start a schedule task to get global/local catalog for express, its period 5s 
2025-01-30 11:39:51.486 [pool-3-thread-1] INFO  com.rs.mv.mvvs.client.catalog.manager.U2CatalogManager - [client:400203]cache file auto update thread launch in lib account
2025-01-30 11:39:51.487 [pool-3-thread-1] INFO  com.rs.mv.mvvs.client.catalog.from.config.DirsConfigReader - [client:400206]parse dir config information
2025-01-30 11:39:51.487 [pool-3-thread-1] INFO  com.rs.mv.mvvs.client.catalog.from.config.MappingConfigReader - [client:400207]parse mapping config information
2025-01-30 11:39:51.487 [pool-3-thread-1] INFO  com.rs.mv.mvvs.client.catalog.manager.U2CatalogManager - [client:400202]start a schedule task to get global/local catalog for lib, its period 5s 
2025-01-30 11:39:51.487 [pool-3-thread-1] INFO  com.rs.mv.mvvs.client.catalog.manager.U2CatalogManager - [client:400203]cache file auto update thread launch in function-bind account
2025-01-30 11:39:51.487 [pool-3-thread-1] INFO  com.rs.mv.mvvs.client.catalog.from.config.DirsConfigReader - [client:400206]parse dir config information
2025-01-30 11:39:51.487 [pool-3-thread-1] INFO  com.rs.mv.mvvs.client.catalog.from.config.MappingConfigReader - [client:400207]parse mapping config information
2025-01-30 11:39:51.487 [pool-3-thread-1] INFO  com.rs.mv.mvvs.client.catalog.manager.U2CatalogManager - [client:400202]start a schedule task to get global/local catalog for function-bind, its period 5s 
2025-01-30 11:39:51.487 [pool-3-thread-1] INFO  com.rs.mv.mvvs.client.catalog.manager.U2CatalogManager - [client:400203]cache file auto update thread launch in get-intrinsic account
2025-01-30 11:39:51.487 [pool-3-thread-1] INFO  com.rs.mv.mvvs.client.catalog.from.config.DirsConfigReader - [client:400206]parse dir config information
2025-01-30 11:39:51.487 [pool-3-thread-1] INFO  com.rs.mv.mvvs.client.catalog.from.config.MappingConfigReader - [client:400207]parse mapping config information
2025-01-30 11:39:51.489 [pool-3-thread-1] INFO  com.rs.mv.mvvs.client.catalog.manager.U2CatalogManager - [client:400202]start a schedule task to get global/local catalog for get-intrinsic, its period 5s 
2025-01-30 11:39:51.489 [pool-3-thread-1] INFO  com.rs.mv.mvvs.client.catalog.manager.U2CatalogManager - [client:400203]cache file auto update thread launch in get-proto account
2025-01-30 11:39:51.489 [pool-3-thread-1] INFO  com.rs.mv.mvvs.client.catalog.from.config.DirsConfigReader - [client:400206]parse dir config information
2025-01-30 11:39:51.489 [pool-3-thread-1] INFO  com.rs.mv.mvvs.client.catalog.from.config.MappingConfigReader - [client:400207]parse mapping config information
2025-01-30 11:39:51.489 [pool-3-thread-1] INFO  com.rs.mv.mvvs.client.catalog.manager.U2CatalogManager - [client:400202]start a schedule task to get global/local catalog for get-proto, its period 5s 
2025-01-30 11:39:51.489 [pool-3-thread-1] INFO  com.rs.mv.mvvs.client.catalog.manager.U2CatalogManager - [client:400203]cache file auto update thread launch in gopd account
2025-01-30 11:39:51.489 [pool-3-thread-1] INFO  com.rs.mv.mvvs.client.catalog.from.config.DirsConfigReader - [client:400206]parse dir config information
2025-01-30 11:39:51.490 [pool-3-thread-1] INFO  com.rs.mv.mvvs.client.catalog.from.config.MappingConfigReader - [client:400207]parse mapping config information
2025-01-30 11:39:51.490 [pool-3-thread-1] INFO  com.rs.mv.mvvs.client.catalog.manager.U2CatalogManager - [client:400202]start a schedule task to get global/local catalog for gopd, its period 5s 
2025-01-30 11:39:51.490 [pool-3-thread-1] INFO  com.rs.mv.mvvs.client.catalog.manager.U2CatalogManager - [client:400203]cache file auto update thread launch in has-symbols account
2025-01-30 11:39:51.490 [pool-3-thread-1] INFO  com.rs.mv.mvvs.client.catalog.from.config.DirsConfigReader - [client:400206]parse dir config information
2025-01-30 11:39:51.490 [pool-3-thread-1] INFO  com.rs.mv.mvvs.client.catalog.from.config.MappingConfigReader - [client:400207]parse mapping config information
2025-01-30 11:39:51.490 [pool-3-thread-1] INFO  com.rs.mv.mvvs.client.catalog.manager.U2CatalogManager - [client:400202]start a schedule task to get global/local catalog for has-symbols, its period 5s 
2025-01-30 11:39:51.490 [pool-3-thread-1] INFO  com.rs.mv.mvvs.client.catalog.manager.U2CatalogManager - [client:400203]cache file auto update thread launch in test account
2025-01-30 11:39:51.491 [pool-3-thread-1] INFO  com.rs.mv.mvvs.client.catalog.from.config.DirsConfigReader - [client:400206]parse dir config information
2025-01-30 11:39:51.491 [pool-3-thread-1] INFO  com.rs.mv.mvvs.client.catalog.from.config.MappingConfigReader - [client:400207]parse mapping config information
2025-01-30 11:39:51.491 [pool-3-thread-1] INFO  com.rs.mv.mvvs.client.catalog.manager.U2CatalogManager - [client:400202]start a schedule task to get global/local catalog for test, its period 5s 
2025-01-30 11:39:51.491 [pool-3-thread-1] INFO  com.rs.mv.mvvs.client.catalog.manager.U2CatalogManager - [client:400203]cache file auto update thread launch in hasown account
2025-01-30 11:39:51.491 [pool-3-thread-1] INFO  com.rs.mv.mvvs.client.catalog.from.config.DirsConfigReader - [client:400206]parse dir config information
2025-01-30 11:39:51.491 [pool-3-thread-1] INFO  com.rs.mv.mvvs.client.catalog.from.config.MappingConfigReader - [client:400207]parse mapping config information
2025-01-30 11:39:51.491 [pool-3-thread-1] INFO  com.rs.mv.mvvs.client.catalog.manager.U2CatalogManager - [client:400202]start a schedule task to get global/local catalog for hasown, its period 5s 
2025-01-30 11:39:51.491 [pool-3-thread-1] INFO  com.rs.mv.mvvs.client.catalog.manager.U2CatalogManager - [client:400203]cache file auto update thread launch in iconv-lite account
2025-01-30 11:39:51.491 [pool-3-thread-1] INFO  com.rs.mv.mvvs.client.catalog.from.config.DirsConfigReader - [client:400206]parse dir config information
2025-01-30 11:39:51.491 [pool-3-thread-1] INFO  com.rs.mv.mvvs.client.catalog.from.config.MappingConfigReader - [client:400207]parse mapping config information
2025-01-30 11:39:51.492 [pool-3-thread-1] INFO  com.rs.mv.mvvs.client.catalog.manager.U2CatalogManager - [client:400202]start a schedule task to get global/local catalog for iconv-lite, its period 5s 
2025-01-30 11:39:51.492 [pool-3-thread-1] INFO  com.rs.mv.mvvs.client.catalog.manager.U2CatalogManager - [client:400203]cache file auto update thread launch in encodings account
2025-01-30 11:39:51.492 [pool-3-thread-1] INFO  com.rs.mv.mvvs.client.catalog.from.config.DirsConfigReader - [client:400206]parse dir config information
2025-01-30 11:39:51.492 [pool-3-thread-1] INFO  com.rs.mv.mvvs.client.catalog.from.config.MappingConfigReader - [client:400207]parse mapping config information
2025-01-30 11:39:51.493 [pool-3-thread-1] INFO  com.rs.mv.mvvs.client.catalog.manager.U2CatalogManager - [client:400202]start a schedule task to get global/local catalog for encodings, its period 5s 
2025-01-30 11:39:51.493 [pool-3-thread-1] INFO  com.rs.mv.mvvs.client.catalog.manager.U2CatalogManager - [client:400203]cache file auto update thread launch in ipaddr.js account
2025-01-30 11:39:51.493 [pool-3-thread-1] INFO  com.rs.mv.mvvs.client.catalog.from.config.DirsConfigReader - [client:400206]parse dir config information
2025-01-30 11:39:51.494 [pool-3-thread-1] INFO  com.rs.mv.mvvs.client.catalog.from.config.MappingConfigReader - [client:400207]parse mapping config information
2025-01-30 11:39:51.494 [pool-3-thread-1] INFO  com.rs.mv.mvvs.client.catalog.manager.U2CatalogManager - [client:400202]start a schedule task to get global/local catalog for ipaddr.js, its period 5s 
2025-01-30 11:39:51.494 [pool-3-thread-1] INFO  com.rs.mv.mvvs.client.catalog.manager.U2CatalogManager - [client:400203]cache file auto update thread launch in long account
2025-01-30 11:39:51.494 [pool-3-thread-1] INFO  com.rs.mv.mvvs.client.catalog.from.config.DirsConfigReader - [client:400206]parse dir config information
2025-01-30 11:39:51.494 [pool-3-thread-1] INFO  com.rs.mv.mvvs.client.catalog.from.config.MappingConfigReader - [client:400207]parse mapping config information
2025-01-30 11:39:51.495 [pool-3-thread-1] INFO  com.rs.mv.mvvs.client.catalog.manager.U2CatalogManager - [client:400202]start a schedule task to get global/local catalog for long, its period 5s 
2025-01-30 11:39:51.495 [pool-3-thread-1] INFO  com.rs.mv.mvvs.client.catalog.manager.U2CatalogManager - [client:400203]cache file auto update thread launch in lru.min account
2025-01-30 11:39:51.495 [pool-3-thread-1] INFO  com.rs.mv.mvvs.client.catalog.from.config.DirsConfigReader - [client:400206]parse dir config information
2025-01-30 11:39:51.495 [pool-3-thread-1] INFO  com.rs.mv.mvvs.client.catalog.from.config.MappingConfigReader - [client:400207]parse mapping config information
2025-01-30 11:39:51.496 [pool-3-thread-1] INFO  com.rs.mv.mvvs.client.catalog.manager.U2CatalogManager - [client:400202]start a schedule task to get global/local catalog for lru.min, its period 5s 
2025-01-30 11:39:51.496 [pool-3-thread-1] INFO  com.rs.mv.mvvs.client.catalog.manager.U2CatalogManager - [client:400203]cache file auto update thread launch in math-intrinsics account
2025-01-30 11:39:51.496 [pool-3-thread-1] INFO  com.rs.mv.mvvs.client.catalog.from.config.DirsConfigReader - [client:400206]parse dir config information
2025-01-30 11:39:51.496 [pool-3-thread-1] INFO  com.rs.mv.mvvs.client.catalog.from.config.MappingConfigReader - [client:400207]parse mapping config information
2025-01-30 11:39:51.496 [pool-3-thread-1] INFO  com.rs.mv.mvvs.client.catalog.manager.U2CatalogManager - [client:400202]start a schedule task to get global/local catalog for math-intrinsics, its period 5s 
2025-01-30 11:39:51.497 [pool-3-thread-1] INFO  com.rs.mv.mvvs.client.catalog.manager.U2CatalogManager - [client:400203]cache file auto update thread launch in mime account
2025-01-30 11:39:51.497 [pool-3-thread-1] INFO  com.rs.mv.mvvs.client.catalog.from.config.DirsConfigReader - [client:400206]parse dir config information
2025-01-30 11:39:51.497 [pool-3-thread-1] INFO  com.rs.mv.mvvs.client.catalog.from.config.MappingConfigReader - [client:400207]parse mapping config information
2025-01-30 11:39:51.497 [pool-3-thread-1] INFO  com.rs.mv.mvvs.client.catalog.manager.U2CatalogManager - [client:400202]start a schedule task to get global/local catalog for mime, its period 5s 
2025-01-30 11:39:51.497 [pool-3-thread-1] INFO  com.rs.mv.mvvs.client.catalog.manager.U2CatalogManager - [client:400203]cache file auto update thread launch in mysql2 account
2025-01-30 11:39:51.497 [pool-3-thread-1] INFO  com.rs.mv.mvvs.client.catalog.from.config.DirsConfigReader - [client:400206]parse dir config information
2025-01-30 11:39:51.497 [pool-3-thread-1] INFO  com.rs.mv.mvvs.client.catalog.from.config.MappingConfigReader - [client:400207]parse mapping config information
2025-01-30 11:39:51.498 [pool-3-thread-1] INFO  com.rs.mv.mvvs.client.catalog.manager.U2CatalogManager - [client:400202]start a schedule task to get global/local catalog for mysql2, its period 5s 
2025-01-30 11:39:51.498 [pool-3-thread-1] INFO  com.rs.mv.mvvs.client.catalog.manager.U2CatalogManager - [client:400203]cache file auto update thread launch in lib account
2025-01-30 11:39:51.498 [pool-3-thread-1] INFO  com.rs.mv.mvvs.client.catalog.from.config.DirsConfigReader - [client:400206]parse dir config information
2025-01-30 11:39:51.498 [pool-3-thread-1] INFO  com.rs.mv.mvvs.client.catalog.from.config.MappingConfigReader - [client:400207]parse mapping config information
2025-01-30 11:39:51.498 [pool-3-thread-1] INFO  com.rs.mv.mvvs.client.catalog.manager.U2CatalogManager - [client:400202]start a schedule task to get global/local catalog for lib, its period 5s 
2025-01-30 11:39:51.499 [pool-3-thread-1] INFO  com.rs.mv.mvvs.client.catalog.manager.U2CatalogManager - [client:400203]cache file auto update thread launch in node_modules account
2025-01-30 11:39:51.499 [pool-3-thread-1] INFO  com.rs.mv.mvvs.client.catalog.from.config.DirsConfigReader - [client:400206]parse dir config information
2025-01-30 11:39:51.499 [pool-3-thread-1] INFO  com.rs.mv.mvvs.client.catalog.from.config.MappingConfigReader - [client:400207]parse mapping config information
2025-01-30 11:39:51.499 [pool-3-thread-1] INFO  com.rs.mv.mvvs.client.catalog.manager.U2CatalogManager - [client:400202]start a schedule task to get global/local catalog for node_modules, its period 5s 
2025-01-30 11:39:51.499 [pool-3-thread-1] INFO  com.rs.mv.mvvs.client.catalog.manager.U2CatalogManager - [client:400203]cache file auto update thread launch in iconv-lite account
2025-01-30 11:39:51.499 [pool-3-thread-1] INFO  com.rs.mv.mvvs.client.catalog.from.config.DirsConfigReader - [client:400206]parse dir config information
2025-01-30 11:39:51.500 [pool-3-thread-1] INFO  com.rs.mv.mvvs.client.catalog.from.config.MappingConfigReader - [client:400207]parse mapping config information
2025-01-30 11:39:51.500 [pool-3-thread-1] INFO  com.rs.mv.mvvs.client.catalog.manager.U2CatalogManager - [client:400202]start a schedule task to get global/local catalog for iconv-lite, its period 5s 
2025-01-30 11:39:51.500 [pool-3-thread-1] INFO  com.rs.mv.mvvs.client.catalog.manager.U2CatalogManager - [client:400203]cache file auto update thread launch in .idea account
2025-01-30 11:39:51.500 [pool-3-thread-1] INFO  com.rs.mv.mvvs.client.catalog.from.config.DirsConfigReader - [client:400206]parse dir config information
2025-01-30 11:39:51.500 [pool-3-thread-1] INFO  com.rs.mv.mvvs.client.catalog.from.config.MappingConfigReader - [client:400207]parse mapping config information
2025-01-30 11:39:51.501 [pool-3-thread-1] INFO  com.rs.mv.mvvs.client.catalog.manager.U2CatalogManager - [client:400202]start a schedule task to get global/local catalog for .idea, its period 5s 
2025-01-30 11:39:51.501 [pool-3-thread-1] INFO  com.rs.mv.mvvs.client.catalog.manager.U2CatalogManager - [client:400203]cache file auto update thread launch in encodings account
2025-01-30 11:39:51.501 [pool-3-thread-1] INFO  com.rs.mv.mvvs.client.catalog.from.config.DirsConfigReader - [client:400206]parse dir config information
2025-01-30 11:39:51.501 [pool-3-thread-1] INFO  com.rs.mv.mvvs.client.catalog.from.config.MappingConfigReader - [client:400207]parse mapping config information
2025-01-30 11:39:51.502 [pool-3-thread-1] INFO  com.rs.mv.mvvs.client.catalog.manager.U2CatalogManager - [client:400202]start a schedule task to get global/local catalog for encodings, its period 5s 
2025-01-30 11:39:51.502 [pool-3-thread-1] INFO  com.rs.mv.mvvs.client.catalog.manager.U2CatalogManager - [client:400203]cache file auto update thread launch in typings account
2025-01-30 11:39:51.502 [pool-3-thread-1] INFO  com.rs.mv.mvvs.client.catalog.from.config.DirsConfigReader - [client:400206]parse dir config information
2025-01-30 11:39:51.502 [pool-3-thread-1] INFO  com.rs.mv.mvvs.client.catalog.from.config.MappingConfigReader - [client:400207]parse mapping config information
2025-01-30 11:39:51.503 [pool-3-thread-1] INFO  com.rs.mv.mvvs.client.catalog.manager.U2CatalogManager - [client:400202]start a schedule task to get global/local catalog for typings, its period 5s 
2025-01-30 11:39:51.503 [pool-3-thread-1] INFO  com.rs.mv.mvvs.client.catalog.manager.U2CatalogManager - [client:400203]cache file auto update thread launch in mysql account
2025-01-30 11:39:51.503 [pool-3-thread-1] INFO  com.rs.mv.mvvs.client.catalog.from.config.DirsConfigReader - [client:400206]parse dir config information
2025-01-30 11:39:51.503 [pool-3-thread-1] INFO  com.rs.mv.mvvs.client.catalog.from.config.MappingConfigReader - [client:400207]parse mapping config information
2025-01-30 11:39:51.503 [pool-3-thread-1] INFO  com.rs.mv.mvvs.client.catalog.manager.U2CatalogManager - [client:400202]start a schedule task to get global/local catalog for mysql, its period 5s 
2025-01-30 11:39:51.504 [pool-3-thread-1] INFO  com.rs.mv.mvvs.client.catalog.manager.U2CatalogManager - [client:400203]cache file auto update thread launch in lib account
2025-01-30 11:39:51.504 [pool-3-thread-1] INFO  com.rs.mv.mvvs.client.catalog.from.config.DirsConfigReader - [client:400206]parse dir config information
2025-01-30 11:39:51.504 [pool-3-thread-1] INFO  com.rs.mv.mvvs.client.catalog.from.config.MappingConfigReader - [client:400207]parse mapping config information
2025-01-30 11:39:51.504 [pool-3-thread-1] INFO  com.rs.mv.mvvs.client.catalog.manager.U2CatalogManager - [client:400202]start a schedule task to get global/local catalog for lib, its period 5s 
2025-01-30 11:39:51.504 [pool-3-thread-1] INFO  com.rs.mv.mvvs.client.catalog.manager.U2CatalogManager - [client:400203]cache file auto update thread launch in protocol account
2025-01-30 11:39:51.504 [pool-3-thread-1] INFO  com.rs.mv.mvvs.client.catalog.from.config.DirsConfigReader - [client:400206]parse dir config information
2025-01-30 11:39:51.504 [pool-3-thread-1] INFO  com.rs.mv.mvvs.client.catalog.from.config.MappingConfigReader - [client:400207]parse mapping config information
2025-01-30 11:39:51.504 [pool-3-thread-1] INFO  com.rs.mv.mvvs.client.catalog.manager.U2CatalogManager - [client:400202]start a schedule task to get global/local catalog for protocol, its period 5s 
2025-01-30 11:39:51.505 [pool-3-thread-1] INFO  com.rs.mv.mvvs.client.catalog.manager.U2CatalogManager - [client:400203]cache file auto update thread launch in packets account
2025-01-30 11:39:51.505 [pool-3-thread-1] INFO  com.rs.mv.mvvs.client.catalog.from.config.DirsConfigReader - [client:400206]parse dir config information
2025-01-30 11:39:51.505 [pool-3-thread-1] INFO  com.rs.mv.mvvs.client.catalog.from.config.MappingConfigReader - [client:400207]parse mapping config information
2025-01-30 11:39:51.505 [pool-3-thread-1] INFO  com.rs.mv.mvvs.client.catalog.manager.U2CatalogManager - [client:400202]start a schedule task to get global/local catalog for packets, its period 5s 
2025-01-30 11:39:51.505 [pool-3-thread-1] INFO  com.rs.mv.mvvs.client.catalog.manager.U2CatalogManager - [client:400203]cache file auto update thread launch in sequences account
2025-01-30 11:39:51.505 [pool-3-thread-1] INFO  com.rs.mv.mvvs.client.catalog.from.config.DirsConfigReader - [client:400206]parse dir config information
2025-01-30 11:39:51.505 [pool-3-thread-1] INFO  com.rs.mv.mvvs.client.catalog.from.config.MappingConfigReader - [client:400207]parse mapping config information
2025-01-30 11:39:51.505 [pool-3-thread-1] INFO  com.rs.mv.mvvs.client.catalog.manager.U2CatalogManager - [client:400202]start a schedule task to get global/local catalog for sequences, its period 5s 
2025-01-30 11:39:51.506 [pool-3-thread-1] INFO  com.rs.mv.mvvs.client.catalog.manager.U2CatalogManager - [client:400203]cache file auto update thread launch in named-placeholders account
2025-01-30 11:39:51.506 [pool-3-thread-1] INFO  com.rs.mv.mvvs.client.catalog.from.config.DirsConfigReader - [client:400206]parse dir config information
2025-01-30 11:39:51.506 [pool-3-thread-1] INFO  com.rs.mv.mvvs.client.catalog.from.config.MappingConfigReader - [client:400207]parse mapping config information
2025-01-30 11:39:51.506 [pool-3-thread-1] INFO  com.rs.mv.mvvs.client.catalog.manager.U2CatalogManager - [client:400202]start a schedule task to get global/local catalog for named-placeholders, its period 5s 
2025-01-30 11:39:51.506 [pool-3-thread-1] INFO  com.rs.mv.mvvs.client.catalog.manager.U2CatalogManager - [client:400203]cache file auto update thread launch in node_modules account
2025-01-30 11:39:51.506 [pool-3-thread-1] INFO  com.rs.mv.mvvs.client.catalog.from.config.DirsConfigReader - [client:400206]parse dir config information
2025-01-30 11:39:51.506 [pool-3-thread-1] INFO  com.rs.mv.mvvs.client.catalog.from.config.MappingConfigReader - [client:400207]parse mapping config information
2025-01-30 11:39:51.507 [pool-3-thread-1] INFO  com.rs.mv.mvvs.client.catalog.manager.U2CatalogManager - [client:400202]start a schedule task to get global/local catalog for node_modules, its period 5s 
2025-01-30 11:39:51.507 [pool-3-thread-1] INFO  com.rs.mv.mvvs.client.catalog.manager.U2CatalogManager - [client:400203]cache file auto update thread launch in negotiator account
2025-01-30 11:39:51.507 [pool-3-thread-1] INFO  com.rs.mv.mvvs.client.catalog.from.config.DirsConfigReader - [client:400206]parse dir config information
2025-01-30 11:39:51.507 [pool-3-thread-1] INFO  com.rs.mv.mvvs.client.catalog.from.config.MappingConfigReader - [client:400207]parse mapping config information
2025-01-30 11:39:51.507 [pool-3-thread-1] INFO  com.rs.mv.mvvs.client.catalog.manager.U2CatalogManager - [client:400202]start a schedule task to get global/local catalog for negotiator, its period 5s 
2025-01-30 11:39:51.508 [pool-3-thread-1] INFO  com.rs.mv.mvvs.client.catalog.manager.U2CatalogManager - [client:400203]cache file auto update thread launch in object-inspect account
2025-01-30 11:39:51.508 [pool-3-thread-1] INFO  com.rs.mv.mvvs.client.catalog.from.config.DirsConfigReader - [client:400206]parse dir config information
2025-01-30 11:39:51.508 [pool-3-thread-1] INFO  com.rs.mv.mvvs.client.catalog.from.config.MappingConfigReader - [client:400207]parse mapping config information
2025-01-30 11:39:51.508 [pool-3-thread-1] INFO  com.rs.mv.mvvs.client.catalog.manager.U2CatalogManager - [client:400202]start a schedule task to get global/local catalog for object-inspect, its period 5s 
2025-01-30 11:39:51.508 [pool-3-thread-1] INFO  com.rs.mv.mvvs.client.catalog.manager.U2CatalogManager - [client:400203]cache file auto update thread launch in test account
2025-01-30 11:39:51.509 [pool-3-thread-1] INFO  com.rs.mv.mvvs.client.catalog.from.config.DirsConfigReader - [client:400206]parse dir config information
2025-01-30 11:39:51.509 [pool-3-thread-1] INFO  com.rs.mv.mvvs.client.catalog.from.config.MappingConfigReader - [client:400207]parse mapping config information
2025-01-30 11:39:51.509 [pool-3-thread-1] INFO  com.rs.mv.mvvs.client.catalog.manager.U2CatalogManager - [client:400202]start a schedule task to get global/local catalog for test, its period 5s 
2025-01-30 11:39:51.509 [pool-3-thread-1] INFO  com.rs.mv.mvvs.client.catalog.manager.U2CatalogManager - [client:400203]cache file auto update thread launch in qs account
2025-01-30 11:39:51.509 [pool-3-thread-1] INFO  com.rs.mv.mvvs.client.catalog.from.config.DirsConfigReader - [client:400206]parse dir config information
2025-01-30 11:39:51.510 [pool-3-thread-1] INFO  com.rs.mv.mvvs.client.catalog.from.config.MappingConfigReader - [client:400207]parse mapping config information
2025-01-30 11:39:51.510 [pool-3-thread-1] INFO  com.rs.mv.mvvs.client.catalog.manager.U2CatalogManager - [client:400202]start a schedule task to get global/local catalog for qs, its period 5s 
2025-01-30 11:39:51.510 [pool-3-thread-1] INFO  com.rs.mv.mvvs.client.catalog.manager.U2CatalogManager - [client:400203]cache file auto update thread launch in send account
2025-01-30 11:39:51.510 [pool-3-thread-1] INFO  com.rs.mv.mvvs.client.catalog.from.config.DirsConfigReader - [client:400206]parse dir config information
2025-01-30 11:39:51.511 [pool-3-thread-1] INFO  com.rs.mv.mvvs.client.catalog.from.config.MappingConfigReader - [client:400207]parse mapping config information
2025-01-30 11:39:51.511 [pool-3-thread-1] INFO  com.rs.mv.mvvs.client.catalog.manager.U2CatalogManager - [client:400202]start a schedule task to get global/local catalog for send, its period 5s 
2025-01-30 11:39:51.511 [pool-3-thread-1] INFO  com.rs.mv.mvvs.client.catalog.manager.U2CatalogManager - [client:400203]cache file auto update thread launch in node_modules account
2025-01-30 11:39:51.511 [pool-3-thread-1] INFO  com.rs.mv.mvvs.client.catalog.from.config.DirsConfigReader - [client:400206]parse dir config information
2025-01-30 11:39:51.511 [pool-3-thread-1] INFO  com.rs.mv.mvvs.client.catalog.from.config.MappingConfigReader - [client:400207]parse mapping config information
2025-01-30 11:39:51.512 [pool-3-thread-1] INFO  com.rs.mv.mvvs.client.catalog.manager.U2CatalogManager - [client:400202]start a schedule task to get global/local catalog for node_modules, its period 5s 
2025-01-30 11:39:51.512 [pool-3-thread-1] INFO  com.rs.mv.mvvs.client.catalog.manager.U2CatalogManager - [client:400203]cache file auto update thread launch in seq-queue account
2025-01-30 11:39:51.512 [pool-3-thread-1] INFO  com.rs.mv.mvvs.client.catalog.from.config.DirsConfigReader - [client:400206]parse dir config information
2025-01-30 11:39:51.512 [pool-3-thread-1] INFO  com.rs.mv.mvvs.client.catalog.from.config.MappingConfigReader - [client:400207]parse mapping config information
2025-01-30 11:39:51.513 [pool-3-thread-1] INFO  com.rs.mv.mvvs.client.catalog.manager.U2CatalogManager - [client:400202]start a schedule task to get global/local catalog for seq-queue, its period 5s 
2025-01-30 11:39:51.513 [pool-3-thread-1] INFO  com.rs.mv.mvvs.client.catalog.manager.U2CatalogManager - [client:400203]cache file auto update thread launch in setprototypeof account
2025-01-30 11:39:51.513 [pool-3-thread-1] INFO  com.rs.mv.mvvs.client.catalog.from.config.DirsConfigReader - [client:400206]parse dir config information
2025-01-30 11:39:51.513 [pool-3-thread-1] INFO  com.rs.mv.mvvs.client.catalog.from.config.MappingConfigReader - [client:400207]parse mapping config information
2025-01-30 11:39:51.513 [pool-3-thread-1] INFO  com.rs.mv.mvvs.client.catalog.manager.U2CatalogManager - [client:400202]start a schedule task to get global/local catalog for setprototypeof, its period 5s 
2025-01-30 11:39:51.514 [pool-3-thread-1] INFO  com.rs.mv.mvvs.client.catalog.manager.U2CatalogManager - [client:400203]cache file auto update thread launch in side-channel account
2025-01-30 11:39:51.514 [pool-3-thread-1] INFO  com.rs.mv.mvvs.client.catalog.from.config.DirsConfigReader - [client:400206]parse dir config information
2025-01-30 11:39:51.514 [pool-3-thread-1] INFO  com.rs.mv.mvvs.client.catalog.from.config.MappingConfigReader - [client:400207]parse mapping config information
2025-01-30 11:39:51.514 [pool-3-thread-1] INFO  com.rs.mv.mvvs.client.catalog.manager.U2CatalogManager - [client:400202]start a schedule task to get global/local catalog for side-channel, its period 5s 
2025-01-30 11:39:51.515 [pool-3-thread-1] INFO  com.rs.mv.mvvs.client.catalog.manager.U2CatalogManager - [client:400203]cache file auto update thread launch in side-channel-list account
2025-01-30 11:39:51.515 [pool-3-thread-1] INFO  com.rs.mv.mvvs.client.catalog.from.config.DirsConfigReader - [client:400206]parse dir config information
2025-01-30 11:39:51.515 [pool-3-thread-1] INFO  com.rs.mv.mvvs.client.catalog.from.config.MappingConfigReader - [client:400207]parse mapping config information
2025-01-30 11:39:51.515 [pool-3-thread-1] INFO  com.rs.mv.mvvs.client.catalog.manager.U2CatalogManager - [client:400202]start a schedule task to get global/local catalog for side-channel-list, its period 5s 
2025-01-30 11:39:51.515 [pool-3-thread-1] INFO  com.rs.mv.mvvs.client.catalog.manager.U2CatalogManager - [client:400203]cache file auto update thread launch in side-channel-map account
2025-01-30 11:39:51.516 [pool-3-thread-1] INFO  com.rs.mv.mvvs.client.catalog.from.config.DirsConfigReader - [client:400206]parse dir config information
2025-01-30 11:39:51.516 [pool-3-thread-1] INFO  com.rs.mv.mvvs.client.catalog.from.config.MappingConfigReader - [client:400207]parse mapping config information
2025-01-30 11:39:51.516 [pool-3-thread-1] INFO  com.rs.mv.mvvs.client.catalog.manager.U2CatalogManager - [client:400202]start a schedule task to get global/local catalog for side-channel-map, its period 5s 
2025-01-30 11:39:51.517 [pool-3-thread-1] INFO  com.rs.mv.mvvs.client.catalog.manager.U2CatalogManager - [client:400203]cache file auto update thread launch in side-channel-weakmap account
2025-01-30 11:39:51.517 [pool-3-thread-1] INFO  com.rs.mv.mvvs.client.catalog.from.config.DirsConfigReader - [client:400206]parse dir config information
2025-01-30 11:39:51.517 [pool-3-thread-1] INFO  com.rs.mv.mvvs.client.catalog.from.config.MappingConfigReader - [client:400207]parse mapping config information
2025-01-30 11:39:51.517 [pool-3-thread-1] INFO  com.rs.mv.mvvs.client.catalog.manager.U2CatalogManager - [client:400202]start a schedule task to get global/local catalog for side-channel-weakmap, its period 5s 
2025-01-30 11:39:51.517 [pool-3-thread-1] INFO  com.rs.mv.mvvs.client.catalog.manager.U2CatalogManager - [client:400203]cache file auto update thread launch in sqlstring account
2025-01-30 11:39:51.517 [pool-3-thread-1] INFO  com.rs.mv.mvvs.client.catalog.from.config.DirsConfigReader - [client:400206]parse dir config information
2025-01-30 11:39:51.517 [pool-3-thread-1] INFO  com.rs.mv.mvvs.client.catalog.from.config.MappingConfigReader - [client:400207]parse mapping config information
2025-01-30 11:39:51.517 [pool-3-thread-1] INFO  com.rs.mv.mvvs.client.catalog.manager.U2CatalogManager - [client:400202]start a schedule task to get global/local catalog for sqlstring, its period 5s 
2025-01-30 11:39:51.517 [pool-3-thread-1] INFO  com.rs.mv.mvvs.client.catalog.manager.U2CatalogManager - [client:400203]cache file auto update thread launch in 04.Controle-roles account
2025-01-30 11:39:51.518 [pool-3-thread-1] INFO  com.rs.mv.mvvs.client.catalog.from.config.DirsConfigReader - [client:400206]parse dir config information
2025-01-30 11:39:51.518 [pool-3-thread-1] INFO  com.rs.mv.mvvs.client.catalog.from.config.MappingConfigReader - [client:400207]parse mapping config information
2025-01-30 11:39:51.518 [pool-3-thread-1] INFO  com.rs.mv.mvvs.client.catalog.manager.U2CatalogManager - [client:400202]start a schedule task to get global/local catalog for 04.Controle-roles, its period 5s 
2025-01-30 11:39:51.518 [pool-3-thread-1] INFO  com.rs.mv.mvvs.client.catalog.manager.U2CatalogManager - [client:400203]cache file auto update thread launch in controle-acces-based-roles account
2025-01-30 11:39:51.518 [pool-3-thread-1] INFO  com.rs.mv.mvvs.client.catalog.from.config.DirsConfigReader - [client:400206]parse dir config information
2025-01-30 11:39:51.518 [pool-3-thread-1] INFO  com.rs.mv.mvvs.client.catalog.from.config.MappingConfigReader - [client:400207]parse mapping config information
2025-01-30 11:39:51.518 [pool-3-thread-1] INFO  com.rs.mv.mvvs.client.catalog.manager.U2CatalogManager - [client:400202]start a schedule task to get global/local catalog for controle-acces-based-roles, its period 5s 
2025-01-30 11:39:51.519 [pool-3-thread-1] INFO  com.rs.mv.mvvs.client.catalog.manager.U2CatalogManager - [client:400203]cache file auto update thread launch in node_modules account
2025-01-30 11:39:51.519 [pool-3-thread-1] INFO  com.rs.mv.mvvs.client.catalog.from.config.DirsConfigReader - [client:400206]parse dir config information
2025-01-30 11:39:51.519 [pool-3-thread-1] INFO  com.rs.mv.mvvs.client.catalog.from.config.MappingConfigReader - [client:400207]parse mapping config information
2025-01-30 11:39:51.519 [pool-3-thread-1] INFO  com.rs.mv.mvvs.client.catalog.manager.U2CatalogManager - [client:400202]start a schedule task to get global/local catalog for node_modules, its period 5s 
2025-01-30 11:39:51.520 [pool-3-thread-1] INFO  com.rs.mv.mvvs.client.catalog.manager.U2CatalogManager - [client:400203]cache file auto update thread launch in body-parser account
2025-01-30 11:39:51.520 [pool-3-thread-1] INFO  com.rs.mv.mvvs.client.catalog.from.config.DirsConfigReader - [client:400206]parse dir config information
2025-01-30 11:39:51.520 [pool-3-thread-1] INFO  com.rs.mv.mvvs.client.catalog.from.config.MappingConfigReader - [client:400207]parse mapping config information
2025-01-30 11:39:51.520 [pool-3-thread-1] INFO  com.rs.mv.mvvs.client.catalog.manager.U2CatalogManager - [client:400202]start a schedule task to get global/local catalog for body-parser, its period 5s 
2025-01-30 11:39:51.520 [pool-3-thread-1] INFO  com.rs.mv.mvvs.client.catalog.manager.U2CatalogManager - [client:400203]cache file auto update thread launch in lib account
2025-01-30 11:39:51.520 [pool-3-thread-1] INFO  com.rs.mv.mvvs.client.catalog.from.config.DirsConfigReader - [client:400206]parse dir config information
2025-01-30 11:39:51.520 [pool-3-thread-1] INFO  com.rs.mv.mvvs.client.catalog.from.config.MappingConfigReader - [client:400207]parse mapping config information
2025-01-30 11:39:51.520 [pool-3-thread-1] INFO  com.rs.mv.mvvs.client.catalog.manager.U2CatalogManager - [client:400202]start a schedule task to get global/local catalog for lib, its period 5s 
2025-01-30 11:39:51.521 [pool-3-thread-1] INFO  com.rs.mv.mvvs.client.catalog.manager.U2CatalogManager - [client:400203]cache file auto update thread launch in call-bind account
2025-01-30 11:39:51.521 [pool-3-thread-1] INFO  com.rs.mv.mvvs.client.catalog.from.config.DirsConfigReader - [client:400206]parse dir config information
2025-01-30 11:39:51.521 [pool-3-thread-1] INFO  com.rs.mv.mvvs.client.catalog.from.config.MappingConfigReader - [client:400207]parse mapping config information
2025-01-30 11:39:51.521 [pool-3-thread-1] INFO  com.rs.mv.mvvs.client.catalog.manager.U2CatalogManager - [client:400202]start a schedule task to get global/local catalog for call-bind, its period 5s 
2025-01-30 11:39:51.521 [pool-3-thread-1] INFO  com.rs.mv.mvvs.client.catalog.manager.U2CatalogManager - [client:400203]cache file auto update thread launch in debug account
2025-01-30 11:39:51.521 [pool-3-thread-1] INFO  com.rs.mv.mvvs.client.catalog.from.config.DirsConfigReader - [client:400206]parse dir config information
2025-01-30 11:39:51.521 [pool-3-thread-1] INFO  com.rs.mv.mvvs.client.catalog.from.config.MappingConfigReader - [client:400207]parse mapping config information
2025-01-30 11:39:51.521 [pool-3-thread-1] INFO  com.rs.mv.mvvs.client.catalog.manager.U2CatalogManager - [client:400202]start a schedule task to get global/local catalog for debug, its period 5s 
2025-01-30 11:39:51.522 [pool-3-thread-1] INFO  com.rs.mv.mvvs.client.catalog.manager.U2CatalogManager - [client:400203]cache file auto update thread launch in define-data-property account
2025-01-30 11:39:51.522 [pool-3-thread-1] INFO  com.rs.mv.mvvs.client.catalog.from.config.DirsConfigReader - [client:400206]parse dir config information
2025-01-30 11:39:51.522 [pool-3-thread-1] INFO  com.rs.mv.mvvs.client.catalog.from.config.MappingConfigReader - [client:400207]parse mapping config information
2025-01-30 11:39:51.522 [pool-3-thread-1] INFO  com.rs.mv.mvvs.client.catalog.manager.U2CatalogManager - [client:400202]start a schedule task to get global/local catalog for define-data-property, its period 5s 
2025-01-30 11:39:51.523 [pool-3-thread-1] INFO  com.rs.mv.mvvs.client.catalog.manager.U2CatalogManager - [client:400203]cache file auto update thread launch in depd account
2025-01-30 11:39:51.523 [pool-3-thread-1] INFO  com.rs.mv.mvvs.client.catalog.from.config.DirsConfigReader - [client:400206]parse dir config information
2025-01-30 11:39:51.523 [pool-3-thread-1] INFO  com.rs.mv.mvvs.client.catalog.from.config.MappingConfigReader - [client:400207]parse mapping config information
2025-01-30 11:39:51.523 [pool-3-thread-1] INFO  com.rs.mv.mvvs.client.catalog.manager.U2CatalogManager - [client:400202]start a schedule task to get global/local catalog for depd, its period 5s 
2025-01-30 11:39:51.523 [pool-3-thread-1] INFO  com.rs.mv.mvvs.client.catalog.manager.U2CatalogManager - [client:400203]cache file auto update thread launch in lib account
2025-01-30 11:39:51.524 [pool-3-thread-1] INFO  com.rs.mv.mvvs.client.catalog.from.config.DirsConfigReader - [client:400206]parse dir config information
2025-01-30 11:39:51.524 [pool-3-thread-1] INFO  com.rs.mv.mvvs.client.catalog.from.config.MappingConfigReader - [client:400207]parse mapping config information
2025-01-30 11:39:51.524 [pool-3-thread-1] INFO  com.rs.mv.mvvs.client.catalog.manager.U2CatalogManager - [client:400202]start a schedule task to get global/local catalog for lib, its period 5s 
2025-01-30 11:39:51.524 [pool-3-thread-1] INFO  com.rs.mv.mvvs.client.catalog.manager.U2CatalogManager - [client:400203]cache file auto update thread launch in express account
2025-01-30 11:39:51.524 [pool-3-thread-1] INFO  com.rs.mv.mvvs.client.catalog.from.config.DirsConfigReader - [client:400206]parse dir config information
2025-01-30 11:39:51.524 [pool-3-thread-1] INFO  com.rs.mv.mvvs.client.catalog.from.config.MappingConfigReader - [client:400207]parse mapping config information
2025-01-30 11:39:51.525 [pool-3-thread-1] INFO  com.rs.mv.mvvs.client.catalog.manager.U2CatalogManager - [client:400202]start a schedule task to get global/local catalog for express, its period 5s 
2025-01-30 11:39:51.525 [pool-3-thread-1] INFO  com.rs.mv.mvvs.client.catalog.manager.U2CatalogManager - [client:400203]cache file auto update thread launch in lib account
2025-01-30 11:39:51.525 [pool-3-thread-1] INFO  com.rs.mv.mvvs.client.catalog.from.config.DirsConfigReader - [client:400206]parse dir config information
2025-01-30 11:39:51.525 [pool-3-thread-1] INFO  com.rs.mv.mvvs.client.catalog.from.config.MappingConfigReader - [client:400207]parse mapping config information
2025-01-30 11:39:51.525 [pool-3-thread-1] INFO  com.rs.mv.mvvs.client.catalog.manager.U2CatalogManager - [client:400202]start a schedule task to get global/local catalog for lib, its period 5s 
2025-01-30 11:39:51.526 [pool-3-thread-1] INFO  com.rs.mv.mvvs.client.catalog.manager.U2CatalogManager - [client:400203]cache file auto update thread launch in node_modules account
2025-01-30 11:39:51.526 [pool-3-thread-1] INFO  com.rs.mv.mvvs.client.catalog.from.config.DirsConfigReader - [client:400206]parse dir config information
2025-01-30 11:39:51.526 [pool-3-thread-1] INFO  com.rs.mv.mvvs.client.catalog.from.config.MappingConfigReader - [client:400207]parse mapping config information
2025-01-30 11:39:51.526 [pool-3-thread-1] INFO  com.rs.mv.mvvs.client.catalog.manager.U2CatalogManager - [client:400202]start a schedule task to get global/local catalog for node_modules, its period 5s 
2025-01-30 11:39:51.527 [pool-3-thread-1] INFO  com.rs.mv.mvvs.client.catalog.manager.U2CatalogManager - [client:400203]cache file auto update thread launch in body-parser account
2025-01-30 11:39:51.527 [pool-3-thread-1] INFO  com.rs.mv.mvvs.client.catalog.from.config.DirsConfigReader - [client:400206]parse dir config information
2025-01-30 11:39:51.527 [pool-3-thread-1] INFO  com.rs.mv.mvvs.client.catalog.from.config.MappingConfigReader - [client:400207]parse mapping config information
2025-01-30 11:39:51.527 [pool-3-thread-1] INFO  com.rs.mv.mvvs.client.catalog.manager.U2CatalogManager - [client:400202]start a schedule task to get global/local catalog for body-parser, its period 5s 
2025-01-30 11:39:51.527 [pool-3-thread-1] INFO  com.rs.mv.mvvs.client.catalog.manager.U2CatalogManager - [client:400203]cache file auto update thread launch in lib account
2025-01-30 11:39:51.527 [pool-3-thread-1] INFO  com.rs.mv.mvvs.client.catalog.from.config.DirsConfigReader - [client:400206]parse dir config information
2025-01-30 11:39:51.527 [pool-3-thread-1] INFO  com.rs.mv.mvvs.client.catalog.from.config.MappingConfigReader - [client:400207]parse mapping config information
2025-01-30 11:39:51.528 [pool-3-thread-1] INFO  com.rs.mv.mvvs.client.catalog.manager.U2CatalogManager - [client:400202]start a schedule task to get global/local catalog for lib, its period 5s 
2025-01-30 11:39:51.528 [pool-3-thread-1] INFO  com.rs.mv.mvvs.client.catalog.manager.U2CatalogManager - [client:400203]cache file auto update thread launch in function-bind account
2025-01-30 11:39:51.528 [pool-3-thread-1] INFO  com.rs.mv.mvvs.client.catalog.from.config.DirsConfigReader - [client:400206]parse dir config information
2025-01-30 11:39:51.528 [pool-3-thread-1] INFO  com.rs.mv.mvvs.client.catalog.from.config.MappingConfigReader - [client:400207]parse mapping config information
2025-01-30 11:39:51.528 [pool-3-thread-1] INFO  com.rs.mv.mvvs.client.catalog.manager.U2CatalogManager - [client:400202]start a schedule task to get global/local catalog for function-bind, its period 5s 
2025-01-30 11:39:51.528 [pool-3-thread-1] INFO  com.rs.mv.mvvs.client.catalog.manager.U2CatalogManager - [client:400203]cache file auto update thread launch in get-intrinsic account
2025-01-30 11:39:51.528 [pool-3-thread-1] INFO  com.rs.mv.mvvs.client.catalog.from.config.DirsConfigReader - [client:400206]parse dir config information
2025-01-30 11:39:51.529 [pool-3-thread-1] INFO  com.rs.mv.mvvs.client.catalog.from.config.MappingConfigReader - [client:400207]parse mapping config information
2025-01-30 11:39:51.529 [pool-3-thread-1] INFO  com.rs.mv.mvvs.client.catalog.manager.U2CatalogManager - [client:400202]start a schedule task to get global/local catalog for get-intrinsic, its period 5s 
2025-01-30 11:39:51.529 [pool-3-thread-1] INFO  com.rs.mv.mvvs.client.catalog.manager.U2CatalogManager - [client:400203]cache file auto update thread launch in gopd account
2025-01-30 11:39:51.529 [pool-3-thread-1] INFO  com.rs.mv.mvvs.client.catalog.from.config.DirsConfigReader - [client:400206]parse dir config information
2025-01-30 11:39:51.529 [pool-3-thread-1] INFO  com.rs.mv.mvvs.client.catalog.from.config.MappingConfigReader - [client:400207]parse mapping config information
2025-01-30 11:39:51.529 [pool-3-thread-1] INFO  com.rs.mv.mvvs.client.catalog.manager.U2CatalogManager - [client:400202]start a schedule task to get global/local catalog for gopd, its period 5s 
2025-01-30 11:39:51.530 [pool-3-thread-1] INFO  com.rs.mv.mvvs.client.catalog.manager.U2CatalogManager - [client:400203]cache file auto update thread launch in has-property-descriptors account
2025-01-30 11:39:51.530 [pool-3-thread-1] INFO  com.rs.mv.mvvs.client.catalog.from.config.DirsConfigReader - [client:400206]parse dir config information
2025-01-30 11:39:51.530 [pool-3-thread-1] INFO  com.rs.mv.mvvs.client.catalog.from.config.MappingConfigReader - [client:400207]parse mapping config information
2025-01-30 11:39:51.530 [pool-3-thread-1] INFO  com.rs.mv.mvvs.client.catalog.manager.U2CatalogManager - [client:400202]start a schedule task to get global/local catalog for has-property-descriptors, its period 5s 
2025-01-30 11:39:51.530 [pool-3-thread-1] INFO  com.rs.mv.mvvs.client.catalog.manager.U2CatalogManager - [client:400203]cache file auto update thread launch in has-proto account
2025-01-30 11:39:51.530 [pool-3-thread-1] INFO  com.rs.mv.mvvs.client.catalog.from.config.DirsConfigReader - [client:400206]parse dir config information
2025-01-30 11:39:51.530 [pool-3-thread-1] INFO  com.rs.mv.mvvs.client.catalog.from.config.MappingConfigReader - [client:400207]parse mapping config information
2025-01-30 11:39:51.530 [pool-3-thread-1] INFO  com.rs.mv.mvvs.client.catalog.manager.U2CatalogManager - [client:400202]start a schedule task to get global/local catalog for has-proto, its period 5s 
2025-01-30 11:39:51.531 [pool-3-thread-1] INFO  com.rs.mv.mvvs.client.catalog.manager.U2CatalogManager - [client:400203]cache file auto update thread launch in has-symbols account
2025-01-30 11:39:51.531 [pool-3-thread-1] INFO  com.rs.mv.mvvs.client.catalog.from.config.DirsConfigReader - [client:400206]parse dir config information
2025-01-30 11:39:51.531 [pool-3-thread-1] INFO  com.rs.mv.mvvs.client.catalog.from.config.MappingConfigReader - [client:400207]parse mapping config information
2025-01-30 11:39:51.531 [pool-3-thread-1] INFO  com.rs.mv.mvvs.client.catalog.manager.U2CatalogManager - [client:400202]start a schedule task to get global/local catalog for has-symbols, its period 5s 
2025-01-30 11:39:51.531 [pool-3-thread-1] INFO  com.rs.mv.mvvs.client.catalog.manager.U2CatalogManager - [client:400203]cache file auto update thread launch in test account
2025-01-30 11:39:51.531 [pool-3-thread-1] INFO  com.rs.mv.mvvs.client.catalog.from.config.DirsConfigReader - [client:400206]parse dir config information
2025-01-30 11:39:51.531 [pool-3-thread-1] INFO  com.rs.mv.mvvs.client.catalog.from.config.MappingConfigReader - [client:400207]parse mapping config information
2025-01-30 11:39:51.531 [pool-3-thread-1] INFO  com.rs.mv.mvvs.client.catalog.manager.U2CatalogManager - [client:400202]start a schedule task to get global/local catalog for test, its period 5s 
2025-01-30 11:39:51.532 [pool-3-thread-1] INFO  com.rs.mv.mvvs.client.catalog.manager.U2CatalogManager - [client:400203]cache file auto update thread launch in hasown account
2025-01-30 11:39:51.532 [pool-3-thread-1] INFO  com.rs.mv.mvvs.client.catalog.from.config.DirsConfigReader - [client:400206]parse dir config information
2025-01-30 11:39:51.532 [pool-3-thread-1] INFO  com.rs.mv.mvvs.client.catalog.from.config.MappingConfigReader - [client:400207]parse mapping config information
2025-01-30 11:39:51.532 [pool-3-thread-1] INFO  com.rs.mv.mvvs.client.catalog.manager.U2CatalogManager - [client:400202]start a schedule task to get global/local catalog for hasown, its period 5s 
2025-01-30 11:39:51.532 [pool-3-thread-1] INFO  com.rs.mv.mvvs.client.catalog.manager.U2CatalogManager - [client:400203]cache file auto update thread launch in iconv-lite account
2025-01-30 11:39:51.532 [pool-3-thread-1] INFO  com.rs.mv.mvvs.client.catalog.from.config.DirsConfigReader - [client:400206]parse dir config information
2025-01-30 11:39:51.533 [pool-3-thread-1] INFO  com.rs.mv.mvvs.client.catalog.from.config.MappingConfigReader - [client:400207]parse mapping config information
2025-01-30 11:39:51.533 [pool-3-thread-1] INFO  com.rs.mv.mvvs.client.catalog.manager.U2CatalogManager - [client:400202]start a schedule task to get global/local catalog for iconv-lite, its period 5s 
2025-01-30 11:39:51.533 [pool-3-thread-1] INFO  com.rs.mv.mvvs.client.catalog.manager.U2CatalogManager - [client:400203]cache file auto update thread launch in encodings account
2025-01-30 11:39:51.533 [pool-3-thread-1] INFO  com.rs.mv.mvvs.client.catalog.from.config.DirsConfigReader - [client:400206]parse dir config information
2025-01-30 11:39:51.533 [pool-3-thread-1] INFO  com.rs.mv.mvvs.client.catalog.from.config.MappingConfigReader - [client:400207]parse mapping config information
2025-01-30 11:39:51.533 [pool-3-thread-1] INFO  com.rs.mv.mvvs.client.catalog.manager.U2CatalogManager - [client:400202]start a schedule task to get global/local catalog for encodings, its period 5s 
2025-01-30 11:39:51.533 [pool-3-thread-1] INFO  com.rs.mv.mvvs.client.catalog.manager.U2CatalogManager - [client:400203]cache file auto update thread launch in ipaddr.js account
2025-01-30 11:39:51.533 [pool-3-thread-1] INFO  com.rs.mv.mvvs.client.catalog.from.config.DirsConfigReader - [client:400206]parse dir config information
2025-01-30 11:39:51.534 [pool-3-thread-1] INFO  com.rs.mv.mvvs.client.catalog.from.config.MappingConfigReader - [client:400207]parse mapping config information
2025-01-30 11:39:51.534 [pool-3-thread-1] INFO  com.rs.mv.mvvs.client.catalog.manager.U2CatalogManager - [client:400202]start a schedule task to get global/local catalog for ipaddr.js, its period 5s 
2025-01-30 11:39:51.534 [pool-3-thread-1] INFO  com.rs.mv.mvvs.client.catalog.manager.U2CatalogManager - [client:400203]cache file auto update thread launch in mime account
2025-01-30 11:39:51.534 [pool-3-thread-1] INFO  com.rs.mv.mvvs.client.catalog.from.config.DirsConfigReader - [client:400206]parse dir config information
2025-01-30 11:39:51.534 [pool-3-thread-1] INFO  com.rs.mv.mvvs.client.catalog.from.config.MappingConfigReader - [client:400207]parse mapping config information
2025-01-30 11:39:51.534 [pool-3-thread-1] INFO  com.rs.mv.mvvs.client.catalog.manager.U2CatalogManager - [client:400202]start a schedule task to get global/local catalog for mime, its period 5s 
2025-01-30 11:39:51.534 [pool-3-thread-1] INFO  com.rs.mv.mvvs.client.catalog.manager.U2CatalogManager - [client:400203]cache file auto update thread launch in negotiator account
2025-01-30 11:39:51.535 [pool-3-thread-1] INFO  com.rs.mv.mvvs.client.catalog.from.config.DirsConfigReader - [client:400206]parse dir config information
2025-01-30 11:39:51.535 [pool-3-thread-1] INFO  com.rs.mv.mvvs.client.catalog.from.config.MappingConfigReader - [client:400207]parse mapping config information
2025-01-30 11:39:51.535 [pool-3-thread-1] INFO  com.rs.mv.mvvs.client.catalog.manager.U2CatalogManager - [client:400202]start a schedule task to get global/local catalog for negotiator, its period 5s 
2025-01-30 11:39:51.535 [pool-3-thread-1] INFO  com.rs.mv.mvvs.client.catalog.manager.U2CatalogManager - [client:400203]cache file auto update thread launch in object-inspect account
2025-01-30 11:39:51.535 [pool-3-thread-1] INFO  com.rs.mv.mvvs.client.catalog.from.config.DirsConfigReader - [client:400206]parse dir config information
2025-01-30 11:39:51.535 [pool-3-thread-1] INFO  com.rs.mv.mvvs.client.catalog.from.config.MappingConfigReader - [client:400207]parse mapping config information
2025-01-30 11:39:51.535 [pool-3-thread-1] INFO  com.rs.mv.mvvs.client.catalog.manager.U2CatalogManager - [client:400202]start a schedule task to get global/local catalog for object-inspect, its period 5s 
2025-01-30 11:39:51.536 [pool-3-thread-1] INFO  com.rs.mv.mvvs.client.catalog.manager.U2CatalogManager - [client:400203]cache file auto update thread launch in test account
2025-01-30 11:39:51.536 [pool-3-thread-1] INFO  com.rs.mv.mvvs.client.catalog.from.config.DirsConfigReader - [client:400206]parse dir config information
2025-01-30 11:39:51.536 [pool-3-thread-1] INFO  com.rs.mv.mvvs.client.catalog.from.config.MappingConfigReader - [client:400207]parse mapping config information
2025-01-30 11:39:51.536 [pool-3-thread-1] INFO  com.rs.mv.mvvs.client.catalog.manager.U2CatalogManager - [client:400202]start a schedule task to get global/local catalog for test, its period 5s 
2025-01-30 11:39:51.536 [pool-3-thread-1] INFO  com.rs.mv.mvvs.client.catalog.manager.U2CatalogManager - [client:400203]cache file auto update thread launch in qs account
2025-01-30 11:39:51.536 [pool-3-thread-1] INFO  com.rs.mv.mvvs.client.catalog.from.config.DirsConfigReader - [client:400206]parse dir config information
2025-01-30 11:39:51.536 [pool-3-thread-1] INFO  com.rs.mv.mvvs.client.catalog.from.config.MappingConfigReader - [client:400207]parse mapping config information
2025-01-30 11:39:51.537 [pool-3-thread-1] INFO  com.rs.mv.mvvs.client.catalog.manager.U2CatalogManager - [client:400202]start a schedule task to get global/local catalog for qs, its period 5s 
2025-01-30 11:39:51.537 [pool-3-thread-1] INFO  com.rs.mv.mvvs.client.catalog.manager.U2CatalogManager - [client:400203]cache file auto update thread launch in send account
2025-01-30 11:39:51.537 [pool-3-thread-1] INFO  com.rs.mv.mvvs.client.catalog.from.config.DirsConfigReader - [client:400206]parse dir config information
2025-01-30 11:39:51.537 [pool-3-thread-1] INFO  com.rs.mv.mvvs.client.catalog.from.config.MappingConfigReader - [client:400207]parse mapping config information
2025-01-30 11:39:51.537 [pool-3-thread-1] INFO  com.rs.mv.mvvs.client.catalog.manager.U2CatalogManager - [client:400202]start a schedule task to get global/local catalog for send, its period 5s 
2025-01-30 11:39:51.537 [pool-3-thread-1] INFO  com.rs.mv.mvvs.client.catalog.manager.U2CatalogManager - [client:400203]cache file auto update thread launch in node_modules account
2025-01-30 11:39:51.537 [pool-3-thread-1] INFO  com.rs.mv.mvvs.client.catalog.from.config.DirsConfigReader - [client:400206]parse dir config information
2025-01-30 11:39:51.537 [pool-3-thread-1] INFO  com.rs.mv.mvvs.client.catalog.from.config.MappingConfigReader - [client:400207]parse mapping config information
2025-01-30 11:39:51.537 [pool-3-thread-1] INFO  com.rs.mv.mvvs.client.catalog.manager.U2CatalogManager - [client:400202]start a schedule task to get global/local catalog for node_modules, its period 5s 
2025-01-30 11:39:51.539 [pool-3-thread-1] INFO  com.rs.mv.mvvs.client.catalog.manager.U2CatalogManager - [client:400203]cache file auto update thread launch in set-function-length account
2025-01-30 11:39:51.539 [pool-3-thread-1] INFO  com.rs.mv.mvvs.client.catalog.from.config.DirsConfigReader - [client:400206]parse dir config information
2025-01-30 11:39:51.539 [pool-3-thread-1] INFO  com.rs.mv.mvvs.client.catalog.from.config.MappingConfigReader - [client:400207]parse mapping config information
2025-01-30 11:39:51.539 [pool-3-thread-1] INFO  com.rs.mv.mvvs.client.catalog.manager.U2CatalogManager - [client:400202]start a schedule task to get global/local catalog for set-function-length, its period 5s 
2025-01-30 11:39:51.539 [pool-3-thread-1] INFO  com.rs.mv.mvvs.client.catalog.manager.U2CatalogManager - [client:400203]cache file auto update thread launch in setprototypeof account
2025-01-30 11:39:51.539 [pool-3-thread-1] INFO  com.rs.mv.mvvs.client.catalog.from.config.DirsConfigReader - [client:400206]parse dir config information
2025-01-30 11:39:51.539 [pool-3-thread-1] INFO  com.rs.mv.mvvs.client.catalog.from.config.MappingConfigReader - [client:400207]parse mapping config information
2025-01-30 11:39:51.540 [pool-3-thread-1] INFO  com.rs.mv.mvvs.client.catalog.manager.U2CatalogManager - [client:400202]start a schedule task to get global/local catalog for setprototypeof, its period 5s 
2025-01-30 11:39:51.540 [pool-3-thread-1] INFO  com.rs.mv.mvvs.client.catalog.manager.U2CatalogManager - [client:400203]cache file auto update thread launch in side-channel account
2025-01-30 11:39:51.540 [pool-3-thread-1] INFO  com.rs.mv.mvvs.client.catalog.from.config.DirsConfigReader - [client:400206]parse dir config information
2025-01-30 11:39:51.540 [pool-3-thread-1] INFO  com.rs.mv.mvvs.client.catalog.from.config.MappingConfigReader - [client:400207]parse mapping config information
2025-01-30 11:39:51.540 [pool-3-thread-1] INFO  com.rs.mv.mvvs.client.catalog.manager.U2CatalogManager - [client:400202]start a schedule task to get global/local catalog for side-channel, its period 5s 
2025-01-30 11:39:51.541 [pool-3-thread-1] INFO  com.rs.mv.mvvs.client.catalog.manager.U2CatalogManager - [client:400203]cache file auto update thread launch in 05.Ecriture et execution tests unitaires account
2025-01-30 11:39:51.541 [pool-3-thread-1] INFO  com.rs.mv.mvvs.client.catalog.from.config.DirsConfigReader - [client:400206]parse dir config information
2025-01-30 11:39:51.541 [pool-3-thread-1] INFO  com.rs.mv.mvvs.client.catalog.from.config.MappingConfigReader - [client:400207]parse mapping config information
2025-01-30 11:39:51.541 [pool-3-thread-1] INFO  com.rs.mv.mvvs.client.catalog.manager.U2CatalogManager - [client:400202]start a schedule task to get global/local catalog for 05.Ecriture et execution tests unitaires, its period 5s 
2025-01-30 11:39:51.541 [pool-3-thread-1] INFO  com.rs.mv.mvvs.client.catalog.manager.U2CatalogManager - [client:400203]cache file auto update thread launch in node_modules account
2025-01-30 11:39:51.541 [pool-3-thread-1] INFO  com.rs.mv.mvvs.client.catalog.from.config.DirsConfigReader - [client:400206]parse dir config information
2025-01-30 11:39:51.541 [pool-3-thread-1] INFO  com.rs.mv.mvvs.client.catalog.from.config.MappingConfigReader - [client:400207]parse mapping config information
2025-01-30 11:39:51.542 [pool-3-thread-1] INFO  com.rs.mv.mvvs.client.catalog.manager.U2CatalogManager - [client:400202]start a schedule task to get global/local catalog for node_modules, its period 5s 
2025-01-30 11:39:51.542 [pool-3-thread-1] INFO  com.rs.mv.mvvs.client.catalog.manager.U2CatalogManager - [client:400203]cache file auto update thread launch in ansi-colors account
2025-01-30 11:39:51.542 [pool-3-thread-1] INFO  com.rs.mv.mvvs.client.catalog.from.config.DirsConfigReader - [client:400206]parse dir config information
2025-01-30 11:39:51.543 [pool-3-thread-1] INFO  com.rs.mv.mvvs.client.catalog.from.config.MappingConfigReader - [client:400207]parse mapping config information
2025-01-30 11:39:51.544 [pool-3-thread-1] INFO  com.rs.mv.mvvs.client.catalog.manager.U2CatalogManager - [client:400202]start a schedule task to get global/local catalog for ansi-colors, its period 5s 
2025-01-30 11:39:51.545 [pool-3-thread-1] INFO  com.rs.mv.mvvs.client.catalog.manager.U2CatalogManager - [client:400203]cache file auto update thread launch in argparse account
2025-01-30 11:39:51.545 [pool-3-thread-1] INFO  com.rs.mv.mvvs.client.catalog.from.config.DirsConfigReader - [client:400206]parse dir config information
2025-01-30 11:39:51.545 [pool-3-thread-1] INFO  com.rs.mv.mvvs.client.catalog.from.config.MappingConfigReader - [client:400207]parse mapping config information
2025-01-30 11:39:51.548 [pool-3-thread-1] INFO  com.rs.mv.mvvs.client.catalog.manager.U2CatalogManager - [client:400202]start a schedule task to get global/local catalog for argparse, its period 5s 
2025-01-30 11:39:51.549 [pool-3-thread-1] INFO  com.rs.mv.mvvs.client.catalog.manager.U2CatalogManager - [client:400203]cache file auto update thread launch in balanced-match account
2025-01-30 11:39:51.549 [pool-3-thread-1] INFO  com.rs.mv.mvvs.client.catalog.from.config.DirsConfigReader - [client:400206]parse dir config information
2025-01-30 11:39:51.549 [pool-3-thread-1] INFO  com.rs.mv.mvvs.client.catalog.from.config.MappingConfigReader - [client:400207]parse mapping config information
2025-01-30 11:39:51.549 [pool-3-thread-1] INFO  com.rs.mv.mvvs.client.catalog.manager.U2CatalogManager - [client:400202]start a schedule task to get global/local catalog for balanced-match, its period 5s 
2025-01-30 11:39:51.557 [pool-3-thread-1] INFO  com.rs.mv.mvvs.client.catalog.manager.U2CatalogManager - [client:400203]cache file auto update thread launch in brace-expansion account
2025-01-30 11:39:51.557 [pool-3-thread-1] INFO  com.rs.mv.mvvs.client.catalog.from.config.DirsConfigReader - [client:400206]parse dir config information
2025-01-30 11:39:51.557 [pool-3-thread-1] INFO  com.rs.mv.mvvs.client.catalog.from.config.MappingConfigReader - [client:400207]parse mapping config information
2025-01-30 11:39:51.557 [pool-3-thread-1] INFO  com.rs.mv.mvvs.client.catalog.manager.U2CatalogManager - [client:400202]start a schedule task to get global/local catalog for brace-expansion, its period 5s 
2025-01-30 11:39:51.564 [pool-3-thread-1] INFO  com.rs.mv.mvvs.client.catalog.manager.U2CatalogManager - [client:400203]cache file auto update thread launch in braces account
2025-01-30 11:39:51.564 [pool-3-thread-1] INFO  com.rs.mv.mvvs.client.catalog.from.config.DirsConfigReader - [client:400206]parse dir config information
2025-01-30 11:39:51.564 [pool-3-thread-1] INFO  com.rs.mv.mvvs.client.catalog.from.config.MappingConfigReader - [client:400207]parse mapping config information
2025-01-30 11:39:51.565 [pool-3-thread-1] INFO  com.rs.mv.mvvs.client.catalog.manager.U2CatalogManager - [client:400202]start a schedule task to get global/local catalog for braces, its period 5s 
2025-01-30 11:39:51.565 [pool-3-thread-1] INFO  com.rs.mv.mvvs.client.catalog.manager.U2CatalogManager - [client:400203]cache file auto update thread launch in chai account
2025-01-30 11:39:51.565 [pool-3-thread-1] INFO  com.rs.mv.mvvs.client.catalog.from.config.DirsConfigReader - [client:400206]parse dir config information
2025-01-30 11:39:51.565 [pool-3-thread-1] INFO  com.rs.mv.mvvs.client.catalog.from.config.MappingConfigReader - [client:400207]parse mapping config information
2025-01-30 11:39:51.565 [pool-3-thread-1] INFO  com.rs.mv.mvvs.client.catalog.manager.U2CatalogManager - [client:400202]start a schedule task to get global/local catalog for chai, its period 5s 
2025-01-30 11:39:51.566 [pool-3-thread-1] INFO  com.rs.mv.mvvs.client.catalog.manager.U2CatalogManager - [client:400203]cache file auto update thread launch in lib account
2025-01-30 11:39:51.566 [pool-3-thread-1] INFO  com.rs.mv.mvvs.client.catalog.from.config.DirsConfigReader - [client:400206]parse dir config information
2025-01-30 11:39:51.566 [pool-3-thread-1] INFO  com.rs.mv.mvvs.client.catalog.from.config.MappingConfigReader - [client:400207]parse mapping config information
2025-01-30 11:39:51.566 [pool-3-thread-1] INFO  com.rs.mv.mvvs.client.catalog.manager.U2CatalogManager - [client:400202]start a schedule task to get global/local catalog for lib, its period 5s 
2025-01-30 11:39:51.567 [pool-3-thread-1] INFO  com.rs.mv.mvvs.client.catalog.manager.U2CatalogManager - [client:400203]cache file auto update thread launch in chai account
2025-01-30 11:39:51.567 [pool-3-thread-1] INFO  com.rs.mv.mvvs.client.catalog.from.config.DirsConfigReader - [client:400206]parse dir config information
2025-01-30 11:39:51.567 [pool-3-thread-1] INFO  com.rs.mv.mvvs.client.catalog.from.config.MappingConfigReader - [client:400207]parse mapping config information
2025-01-30 11:39:51.567 [pool-3-thread-1] INFO  com.rs.mv.mvvs.client.catalog.manager.U2CatalogManager - [client:400202]start a schedule task to get global/local catalog for chai, its period 5s 
2025-01-30 11:39:51.567 [pool-3-thread-1] INFO  com.rs.mv.mvvs.client.catalog.manager.U2CatalogManager - [client:400203]cache file auto update thread launch in chalk account
2025-01-30 11:39:51.567 [pool-3-thread-1] INFO  com.rs.mv.mvvs.client.catalog.from.config.DirsConfigReader - [client:400206]parse dir config information
2025-01-30 11:39:51.567 [pool-3-thread-1] INFO  com.rs.mv.mvvs.client.catalog.from.config.MappingConfigReader - [client:400207]parse mapping config information
2025-01-30 11:39:51.568 [pool-3-thread-1] INFO  com.rs.mv.mvvs.client.catalog.manager.U2CatalogManager - [client:400202]start a schedule task to get global/local catalog for chalk, its period 5s 
2025-01-30 11:39:51.568 [pool-3-thread-1] INFO  com.rs.mv.mvvs.client.catalog.manager.U2CatalogManager - [client:400203]cache file auto update thread launch in node_modules account
2025-01-30 11:39:51.568 [pool-3-thread-1] INFO  com.rs.mv.mvvs.client.catalog.from.config.DirsConfigReader - [client:400206]parse dir config information
2025-01-30 11:39:51.568 [pool-3-thread-1] INFO  com.rs.mv.mvvs.client.catalog.from.config.MappingConfigReader - [client:400207]parse mapping config information
2025-01-30 11:39:51.569 [pool-3-thread-1] INFO  com.rs.mv.mvvs.client.catalog.manager.U2CatalogManager - [client:400202]start a schedule task to get global/local catalog for node_modules, its period 5s 
2025-01-30 11:39:51.569 [pool-3-thread-1] INFO  com.rs.mv.mvvs.client.catalog.manager.U2CatalogManager - [client:400203]cache file auto update thread launch in chokidar account
2025-01-30 11:39:51.569 [pool-3-thread-1] INFO  com.rs.mv.mvvs.client.catalog.from.config.DirsConfigReader - [client:400206]parse dir config information
2025-01-30 11:39:51.569 [pool-3-thread-1] INFO  com.rs.mv.mvvs.client.catalog.from.config.MappingConfigReader - [client:400207]parse mapping config information
2025-01-30 11:39:51.569 [pool-3-thread-1] INFO  com.rs.mv.mvvs.client.catalog.manager.U2CatalogManager - [client:400202]start a schedule task to get global/local catalog for chokidar, its period 5s 
2025-01-30 11:39:51.570 [pool-3-thread-1] INFO  com.rs.mv.mvvs.client.catalog.manager.U2CatalogManager - [client:400203]cache file auto update thread launch in cliui account
2025-01-30 11:39:51.570 [pool-3-thread-1] INFO  com.rs.mv.mvvs.client.catalog.from.config.DirsConfigReader - [client:400206]parse dir config information
2025-01-30 11:39:51.570 [pool-3-thread-1] INFO  com.rs.mv.mvvs.client.catalog.from.config.MappingConfigReader - [client:400207]parse mapping config information
2025-01-30 11:39:51.570 [pool-3-thread-1] INFO  com.rs.mv.mvvs.client.catalog.manager.U2CatalogManager - [client:400202]start a schedule task to get global/local catalog for cliui, its period 5s 
2025-01-30 11:39:51.570 [pool-3-thread-1] INFO  com.rs.mv.mvvs.client.catalog.manager.U2CatalogManager - [client:400203]cache file auto update thread launch in build account
2025-01-30 11:39:51.571 [pool-3-thread-1] INFO  com.rs.mv.mvvs.client.catalog.from.config.DirsConfigReader - [client:400206]parse dir config information
2025-01-30 11:39:51.571 [pool-3-thread-1] INFO  com.rs.mv.mvvs.client.catalog.from.config.MappingConfigReader - [client:400207]parse mapping config information
2025-01-30 11:39:51.571 [pool-3-thread-1] INFO  com.rs.mv.mvvs.client.catalog.manager.U2CatalogManager - [client:400202]start a schedule task to get global/local catalog for build, its period 5s 
2025-01-30 11:39:51.571 [pool-3-thread-1] INFO  com.rs.mv.mvvs.client.catalog.manager.U2CatalogManager - [client:400203]cache file auto update thread launch in concat-map account
2025-01-30 11:39:51.571 [pool-3-thread-1] INFO  com.rs.mv.mvvs.client.catalog.from.config.DirsConfigReader - [client:400206]parse dir config information
2025-01-30 11:39:51.571 [pool-3-thread-1] INFO  com.rs.mv.mvvs.client.catalog.from.config.MappingConfigReader - [client:400207]parse mapping config information
2025-01-30 11:39:51.571 [pool-3-thread-1] INFO  com.rs.mv.mvvs.client.catalog.manager.U2CatalogManager - [client:400202]start a schedule task to get global/local catalog for concat-map, its period 5s 
2025-01-30 11:39:51.572 [pool-3-thread-1] INFO  com.rs.mv.mvvs.client.catalog.manager.U2CatalogManager - [client:400203]cache file auto update thread launch in debug account
2025-01-30 11:39:51.572 [pool-3-thread-1] INFO  com.rs.mv.mvvs.client.catalog.from.config.DirsConfigReader - [client:400206]parse dir config information
2025-01-30 11:39:51.572 [pool-3-thread-1] INFO  com.rs.mv.mvvs.client.catalog.from.config.MappingConfigReader - [client:400207]parse mapping config information
2025-01-30 11:39:51.572 [pool-3-thread-1] INFO  com.rs.mv.mvvs.client.catalog.manager.U2CatalogManager - [client:400202]start a schedule task to get global/local catalog for debug, its period 5s 
2025-01-30 11:39:51.572 [pool-3-thread-1] INFO  com.rs.mv.mvvs.client.catalog.manager.U2CatalogManager - [client:400203]cache file auto update thread launch in node_modules account
2025-01-30 11:39:51.572 [pool-3-thread-1] INFO  com.rs.mv.mvvs.client.catalog.from.config.DirsConfigReader - [client:400206]parse dir config information
2025-01-30 11:39:51.572 [pool-3-thread-1] INFO  com.rs.mv.mvvs.client.catalog.from.config.MappingConfigReader - [client:400207]parse mapping config information
2025-01-30 11:39:51.572 [pool-3-thread-1] INFO  com.rs.mv.mvvs.client.catalog.manager.U2CatalogManager - [client:400202]start a schedule task to get global/local catalog for node_modules, its period 5s 
2025-01-30 11:39:51.573 [pool-3-thread-1] INFO  com.rs.mv.mvvs.client.catalog.manager.U2CatalogManager - [client:400203]cache file auto update thread launch in diff account
2025-01-30 11:39:51.573 [pool-3-thread-1] INFO  com.rs.mv.mvvs.client.catalog.from.config.DirsConfigReader - [client:400206]parse dir config information
2025-01-30 11:39:51.573 [pool-3-thread-1] INFO  com.rs.mv.mvvs.client.catalog.from.config.MappingConfigReader - [client:400207]parse mapping config information
2025-01-30 11:39:51.573 [pool-3-thread-1] INFO  com.rs.mv.mvvs.client.catalog.manager.U2CatalogManager - [client:400202]start a schedule task to get global/local catalog for diff, its period 5s 
2025-01-30 11:39:51.573 [pool-3-thread-1] INFO  com.rs.mv.mvvs.client.catalog.manager.U2CatalogManager - [client:400203]cache file auto update thread launch in lib account
2025-01-30 11:39:51.574 [pool-3-thread-1] INFO  com.rs.mv.mvvs.client.catalog.from.config.DirsConfigReader - [client:400206]parse dir config information
2025-01-30 11:39:51.574 [pool-3-thread-1] INFO  com.rs.mv.mvvs.client.catalog.from.config.MappingConfigReader - [client:400207]parse mapping config information
2025-01-30 11:39:51.574 [pool-3-thread-1] INFO  com.rs.mv.mvvs.client.catalog.manager.U2CatalogManager - [client:400202]start a schedule task to get global/local catalog for lib, its period 5s 
2025-01-30 11:39:51.574 [pool-3-thread-1] INFO  com.rs.mv.mvvs.client.catalog.manager.U2CatalogManager - [client:400203]cache file auto update thread launch in emoji-regex account
2025-01-30 11:39:51.574 [pool-3-thread-1] INFO  com.rs.mv.mvvs.client.catalog.from.config.DirsConfigReader - [client:400206]parse dir config information
2025-01-30 11:39:51.574 [pool-3-thread-1] INFO  com.rs.mv.mvvs.client.catalog.from.config.MappingConfigReader - [client:400207]parse mapping config information
2025-01-30 11:39:51.575 [pool-3-thread-1] INFO  com.rs.mv.mvvs.client.catalog.manager.U2CatalogManager - [client:400202]start a schedule task to get global/local catalog for emoji-regex, its period 5s 
2025-01-30 11:39:51.575 [pool-3-thread-1] INFO  com.rs.mv.mvvs.client.catalog.manager.U2CatalogManager - [client:400203]cache file auto update thread launch in escalade account
2025-01-30 11:39:51.575 [pool-3-thread-1] INFO  com.rs.mv.mvvs.client.catalog.from.config.DirsConfigReader - [client:400206]parse dir config information
2025-01-30 11:39:51.575 [pool-3-thread-1] INFO  com.rs.mv.mvvs.client.catalog.from.config.MappingConfigReader - [client:400207]parse mapping config information
2025-01-30 11:39:51.575 [pool-3-thread-1] INFO  com.rs.mv.mvvs.client.catalog.manager.U2CatalogManager - [client:400202]start a schedule task to get global/local catalog for escalade, its period 5s 
2025-01-30 11:39:51.576 [pool-3-thread-1] INFO  com.rs.mv.mvvs.client.catalog.manager.U2CatalogManager - [client:400203]cache file auto update thread launch in flat account
2025-01-30 11:39:51.576 [pool-3-thread-1] INFO  com.rs.mv.mvvs.client.catalog.from.config.DirsConfigReader - [client:400206]parse dir config information
2025-01-30 11:39:51.576 [pool-3-thread-1] INFO  com.rs.mv.mvvs.client.catalog.from.config.MappingConfigReader - [client:400207]parse mapping config information
2025-01-30 11:39:51.576 [pool-3-thread-1] INFO  com.rs.mv.mvvs.client.catalog.manager.U2CatalogManager - [client:400202]start a schedule task to get global/local catalog for flat, its period 5s 
2025-01-30 11:39:51.577 [pool-3-thread-1] INFO  com.rs.mv.mvvs.client.catalog.manager.U2CatalogManager - [client:400203]cache file auto update thread launch in glob account
2025-01-30 11:39:51.577 [pool-3-thread-1] INFO  com.rs.mv.mvvs.client.catalog.from.config.DirsConfigReader - [client:400206]parse dir config information
2025-01-30 11:39:51.577 [pool-3-thread-1] INFO  com.rs.mv.mvvs.client.catalog.from.config.MappingConfigReader - [client:400207]parse mapping config information
2025-01-30 11:39:51.577 [pool-3-thread-1] INFO  com.rs.mv.mvvs.client.catalog.manager.U2CatalogManager - [client:400202]start a schedule task to get global/local catalog for glob, its period 5s 
2025-01-30 11:39:51.577 [pool-3-thread-1] INFO  com.rs.mv.mvvs.client.catalog.manager.U2CatalogManager - [client:400203]cache file auto update thread launch in node_modules account
2025-01-30 11:39:51.577 [pool-3-thread-1] INFO  com.rs.mv.mvvs.client.catalog.from.config.DirsConfigReader - [client:400206]parse dir config information
2025-01-30 11:39:51.578 [pool-3-thread-1] INFO  com.rs.mv.mvvs.client.catalog.from.config.MappingConfigReader - [client:400207]parse mapping config information
2025-01-30 11:39:51.578 [pool-3-thread-1] INFO  com.rs.mv.mvvs.client.catalog.manager.U2CatalogManager - [client:400202]start a schedule task to get global/local catalog for node_modules, its period 5s 
2025-01-30 11:39:51.578 [pool-3-thread-1] INFO  com.rs.mv.mvvs.client.catalog.manager.U2CatalogManager - [client:400203]cache file auto update thread launch in he account
2025-01-30 11:39:51.578 [pool-3-thread-1] INFO  com.rs.mv.mvvs.client.catalog.from.config.DirsConfigReader - [client:400206]parse dir config information
2025-01-30 11:39:51.578 [pool-3-thread-1] INFO  com.rs.mv.mvvs.client.catalog.from.config.MappingConfigReader - [client:400207]parse mapping config information
2025-01-30 11:39:51.578 [pool-3-thread-1] INFO  com.rs.mv.mvvs.client.catalog.manager.U2CatalogManager - [client:400202]start a schedule task to get global/local catalog for he, its period 5s 
2025-01-30 11:39:51.579 [pool-3-thread-1] INFO  com.rs.mv.mvvs.client.catalog.manager.U2CatalogManager - [client:400203]cache file auto update thread launch in js-yaml account
2025-01-30 11:39:51.579 [pool-3-thread-1] INFO  com.rs.mv.mvvs.client.catalog.from.config.DirsConfigReader - [client:400206]parse dir config information
2025-01-30 11:39:51.579 [pool-3-thread-1] INFO  com.rs.mv.mvvs.client.catalog.from.config.MappingConfigReader - [client:400207]parse mapping config information
2025-01-30 11:39:51.579 [pool-3-thread-1] INFO  com.rs.mv.mvvs.client.catalog.manager.U2CatalogManager - [client:400202]start a schedule task to get global/local catalog for js-yaml, its period 5s 
2025-01-30 11:39:51.579 [pool-3-thread-1] INFO  com.rs.mv.mvvs.client.catalog.manager.U2CatalogManager - [client:400203]cache file auto update thread launch in lib account
2025-01-30 11:39:51.579 [pool-3-thread-1] INFO  com.rs.mv.mvvs.client.catalog.from.config.DirsConfigReader - [client:400206]parse dir config information
2025-01-30 11:39:51.579 [pool-3-thread-1] INFO  com.rs.mv.mvvs.client.catalog.from.config.MappingConfigReader - [client:400207]parse mapping config information
2025-01-30 11:39:51.580 [pool-3-thread-1] INFO  com.rs.mv.mvvs.client.catalog.manager.U2CatalogManager - [client:400202]start a schedule task to get global/local catalog for lib, its period 5s 
2025-01-30 11:39:51.580 [pool-3-thread-1] INFO  com.rs.mv.mvvs.client.catalog.manager.U2CatalogManager - [client:400203]cache file auto update thread launch in loupe account
2025-01-30 11:39:51.580 [pool-3-thread-1] INFO  com.rs.mv.mvvs.client.catalog.from.config.DirsConfigReader - [client:400206]parse dir config information
2025-01-30 11:39:51.580 [pool-3-thread-1] INFO  com.rs.mv.mvvs.client.catalog.from.config.MappingConfigReader - [client:400207]parse mapping config information
2025-01-30 11:39:51.580 [pool-3-thread-1] INFO  com.rs.mv.mvvs.client.catalog.manager.U2CatalogManager - [client:400202]start a schedule task to get global/local catalog for loupe, its period 5s 
2025-01-30 11:39:51.581 [pool-3-thread-1] INFO  com.rs.mv.mvvs.client.catalog.manager.U2CatalogManager - [client:400203]cache file auto update thread launch in minimatch account
2025-01-30 11:39:51.581 [pool-3-thread-1] INFO  com.rs.mv.mvvs.client.catalog.from.config.DirsConfigReader - [client:400206]parse dir config information
2025-01-30 11:39:51.581 [pool-3-thread-1] INFO  com.rs.mv.mvvs.client.catalog.from.config.MappingConfigReader - [client:400207]parse mapping config information
2025-01-30 11:39:51.581 [pool-3-thread-1] INFO  com.rs.mv.mvvs.client.catalog.manager.U2CatalogManager - [client:400202]start a schedule task to get global/local catalog for minimatch, its period 5s 
2025-01-30 11:39:51.582 [pool-3-thread-1] INFO  com.rs.mv.mvvs.client.catalog.manager.U2CatalogManager - [client:400203]cache file auto update thread launch in mocha account
2025-01-30 11:39:51.582 [pool-3-thread-1] INFO  com.rs.mv.mvvs.client.catalog.from.config.DirsConfigReader - [client:400206]parse dir config information
2025-01-30 11:39:51.582 [pool-3-thread-1] INFO  com.rs.mv.mvvs.client.catalog.from.config.MappingConfigReader - [client:400207]parse mapping config information
2025-01-30 11:39:51.582 [pool-3-thread-1] INFO  com.rs.mv.mvvs.client.catalog.manager.U2CatalogManager - [client:400202]start a schedule task to get global/local catalog for mocha, its period 5s 
2025-01-30 11:39:51.582 [pool-3-thread-1] INFO  com.rs.mv.mvvs.client.catalog.manager.U2CatalogManager - [client:400203]cache file auto update thread launch in lib account
2025-01-30 11:39:51.583 [pool-3-thread-1] INFO  com.rs.mv.mvvs.client.catalog.from.config.DirsConfigReader - [client:400206]parse dir config information
2025-01-30 11:39:51.583 [pool-3-thread-1] INFO  com.rs.mv.mvvs.client.catalog.from.config.MappingConfigReader - [client:400207]parse mapping config information
2025-01-30 11:39:51.583 [pool-3-thread-1] INFO  com.rs.mv.mvvs.client.catalog.manager.U2CatalogManager - [client:400202]start a schedule task to get global/local catalog for lib, its period 5s 
2025-01-30 11:39:51.583 [pool-3-thread-1] INFO  com.rs.mv.mvvs.client.catalog.manager.U2CatalogManager - [client:400203]cache file auto update thread launch in nodejs account
2025-01-30 11:39:51.583 [pool-3-thread-1] INFO  com.rs.mv.mvvs.client.catalog.from.config.DirsConfigReader - [client:400206]parse dir config information
2025-01-30 11:39:51.583 [pool-3-thread-1] INFO  com.rs.mv.mvvs.client.catalog.from.config.MappingConfigReader - [client:400207]parse mapping config information
2025-01-30 11:39:51.584 [pool-3-thread-1] INFO  com.rs.mv.mvvs.client.catalog.manager.U2CatalogManager - [client:400202]start a schedule task to get global/local catalog for nodejs, its period 5s 
2025-01-30 11:39:51.584 [pool-3-thread-1] INFO  com.rs.mv.mvvs.client.catalog.manager.U2CatalogManager - [client:400203]cache file auto update thread launch in nanoid account
2025-01-30 11:39:51.584 [pool-3-thread-1] INFO  com.rs.mv.mvvs.client.catalog.from.config.DirsConfigReader - [client:400206]parse dir config information
2025-01-30 11:39:51.584 [pool-3-thread-1] INFO  com.rs.mv.mvvs.client.catalog.from.config.MappingConfigReader - [client:400207]parse mapping config information
2025-01-30 11:39:51.584 [pool-3-thread-1] INFO  com.rs.mv.mvvs.client.catalog.manager.U2CatalogManager - [client:400202]start a schedule task to get global/local catalog for nanoid, its period 5s 
2025-01-30 11:39:51.585 [pool-3-thread-1] INFO  com.rs.mv.mvvs.client.catalog.manager.U2CatalogManager - [client:400203]cache file auto update thread launch in picomatch account
2025-01-30 11:39:51.585 [pool-3-thread-1] INFO  com.rs.mv.mvvs.client.catalog.from.config.DirsConfigReader - [client:400206]parse dir config information
2025-01-30 11:39:51.585 [pool-3-thread-1] INFO  com.rs.mv.mvvs.client.catalog.from.config.MappingConfigReader - [client:400207]parse mapping config information
2025-01-30 11:39:51.585 [pool-3-thread-1] INFO  com.rs.mv.mvvs.client.catalog.manager.U2CatalogManager - [client:400202]start a schedule task to get global/local catalog for picomatch, its period 5s 
2025-01-30 11:39:51.585 [pool-3-thread-1] INFO  com.rs.mv.mvvs.client.catalog.manager.U2CatalogManager - [client:400203]cache file auto update thread launch in workerpool account
2025-01-30 11:39:51.585 [pool-3-thread-1] INFO  com.rs.mv.mvvs.client.catalog.from.config.DirsConfigReader - [client:400206]parse dir config information
2025-01-30 11:39:51.585 [pool-3-thread-1] INFO  com.rs.mv.mvvs.client.catalog.from.config.MappingConfigReader - [client:400207]parse mapping config information
2025-01-30 11:39:51.586 [pool-3-thread-1] INFO  com.rs.mv.mvvs.client.catalog.manager.U2CatalogManager - [client:400202]start a schedule task to get global/local catalog for workerpool, its period 5s 
2025-01-30 11:39:51.586 [pool-3-thread-1] INFO  com.rs.mv.mvvs.client.catalog.manager.U2CatalogManager - [client:400203]cache file auto update thread launch in src account
2025-01-30 11:39:51.586 [pool-3-thread-1] INFO  com.rs.mv.mvvs.client.catalog.from.config.DirsConfigReader - [client:400206]parse dir config information
2025-01-30 11:39:51.586 [pool-3-thread-1] INFO  com.rs.mv.mvvs.client.catalog.from.config.MappingConfigReader - [client:400207]parse mapping config information
2025-01-30 11:39:51.586 [pool-3-thread-1] INFO  com.rs.mv.mvvs.client.catalog.manager.U2CatalogManager - [client:400202]start a schedule task to get global/local catalog for src, its period 5s 
2025-01-30 11:39:51.586 [pool-3-thread-1] INFO  com.rs.mv.mvvs.client.catalog.manager.U2CatalogManager - [client:400203]cache file auto update thread launch in y18n account
2025-01-30 11:39:51.586 [pool-3-thread-1] INFO  com.rs.mv.mvvs.client.catalog.from.config.DirsConfigReader - [client:400206]parse dir config information
2025-01-30 11:39:51.586 [pool-3-thread-1] INFO  com.rs.mv.mvvs.client.catalog.from.config.MappingConfigReader - [client:400207]parse mapping config information
2025-01-30 11:39:51.587 [pool-3-thread-1] INFO  com.rs.mv.mvvs.client.catalog.manager.U2CatalogManager - [client:400202]start a schedule task to get global/local catalog for y18n, its period 5s 
2025-01-30 11:39:51.587 [pool-3-thread-1] INFO  com.rs.mv.mvvs.client.catalog.manager.U2CatalogManager - [client:400203]cache file auto update thread launch in build account
2025-01-30 11:39:51.587 [pool-3-thread-1] INFO  com.rs.mv.mvvs.client.catalog.from.config.DirsConfigReader - [client:400206]parse dir config information
2025-01-30 11:39:51.587 [pool-3-thread-1] INFO  com.rs.mv.mvvs.client.catalog.from.config.MappingConfigReader - [client:400207]parse mapping config information
2025-01-30 11:39:51.587 [pool-3-thread-1] INFO  com.rs.mv.mvvs.client.catalog.manager.U2CatalogManager - [client:400202]start a schedule task to get global/local catalog for build, its period 5s 
2025-01-30 11:39:51.587 [pool-3-thread-1] INFO  com.rs.mv.mvvs.client.catalog.manager.U2CatalogManager - [client:400203]cache file auto update thread launch in lib account
2025-01-30 11:39:51.587 [pool-3-thread-1] INFO  com.rs.mv.mvvs.client.catalog.from.config.DirsConfigReader - [client:400206]parse dir config information
2025-01-30 11:39:51.587 [pool-3-thread-1] INFO  com.rs.mv.mvvs.client.catalog.from.config.MappingConfigReader - [client:400207]parse mapping config information
2025-01-30 11:39:51.587 [pool-3-thread-1] INFO  com.rs.mv.mvvs.client.catalog.manager.U2CatalogManager - [client:400202]start a schedule task to get global/local catalog for lib, its period 5s 
2025-01-30 11:39:51.587 [pool-3-thread-1] INFO  com.rs.mv.mvvs.client.catalog.manager.U2CatalogManager - [client:400203]cache file auto update thread launch in yargs account
2025-01-30 11:39:51.587 [pool-3-thread-1] INFO  com.rs.mv.mvvs.client.catalog.from.config.DirsConfigReader - [client:400206]parse dir config information
2025-01-30 11:39:51.589 [pool-3-thread-1] INFO  com.rs.mv.mvvs.client.catalog.from.config.MappingConfigReader - [client:400207]parse mapping config information
2025-01-30 11:39:51.589 [pool-3-thread-1] INFO  com.rs.mv.mvvs.client.catalog.manager.U2CatalogManager - [client:400202]start a schedule task to get global/local catalog for yargs, its period 5s 
2025-01-30 11:39:51.589 [pool-3-thread-1] INFO  com.rs.mv.mvvs.client.catalog.manager.U2CatalogManager - [client:400203]cache file auto update thread launch in build account
2025-01-30 11:39:51.589 [pool-3-thread-1] INFO  com.rs.mv.mvvs.client.catalog.from.config.DirsConfigReader - [client:400206]parse dir config information
2025-01-30 11:39:51.589 [pool-3-thread-1] INFO  com.rs.mv.mvvs.client.catalog.from.config.MappingConfigReader - [client:400207]parse mapping config information
2025-01-30 11:39:51.589 [pool-3-thread-1] INFO  com.rs.mv.mvvs.client.catalog.manager.U2CatalogManager - [client:400202]start a schedule task to get global/local catalog for build, its period 5s 
2025-01-30 11:39:51.590 [pool-3-thread-1] INFO  com.rs.mv.mvvs.client.catalog.manager.U2CatalogManager - [client:400203]cache file auto update thread launch in lib account
2025-01-30 11:39:51.590 [pool-3-thread-1] INFO  com.rs.mv.mvvs.client.catalog.from.config.DirsConfigReader - [client:400206]parse dir config information
2025-01-30 11:39:51.590 [pool-3-thread-1] INFO  com.rs.mv.mvvs.client.catalog.from.config.MappingConfigReader - [client:400207]parse mapping config information
2025-01-30 11:39:51.590 [pool-3-thread-1] INFO  com.rs.mv.mvvs.client.catalog.manager.U2CatalogManager - [client:400202]start a schedule task to get global/local catalog for lib, its period 5s 
2025-01-30 11:39:51.590 [pool-3-thread-1] INFO  com.rs.mv.mvvs.client.catalog.manager.U2CatalogManager - [client:400203]cache file auto update thread launch in lib account
2025-01-30 11:39:51.590 [pool-3-thread-1] INFO  com.rs.mv.mvvs.client.catalog.from.config.DirsConfigReader - [client:400206]parse dir config information
2025-01-30 11:39:51.590 [pool-3-thread-1] INFO  com.rs.mv.mvvs.client.catalog.from.config.MappingConfigReader - [client:400207]parse mapping config information
2025-01-30 11:39:51.591 [pool-3-thread-1] INFO  com.rs.mv.mvvs.client.catalog.manager.U2CatalogManager - [client:400202]start a schedule task to get global/local catalog for lib, its period 5s 
2025-01-30 11:39:51.591 [pool-3-thread-1] INFO  com.rs.mv.mvvs.client.catalog.manager.U2CatalogManager - [client:400203]cache file auto update thread launch in yargs-parser account
2025-01-30 11:39:51.591 [pool-3-thread-1] INFO  com.rs.mv.mvvs.client.catalog.from.config.DirsConfigReader - [client:400206]parse dir config information
2025-01-30 11:39:51.591 [pool-3-thread-1] INFO  com.rs.mv.mvvs.client.catalog.from.config.MappingConfigReader - [client:400207]parse mapping config information
2025-01-30 11:39:51.591 [pool-3-thread-1] INFO  com.rs.mv.mvvs.client.catalog.manager.U2CatalogManager - [client:400202]start a schedule task to get global/local catalog for yargs-parser, its period 5s 
2025-01-30 11:39:51.591 [pool-3-thread-1] INFO  com.rs.mv.mvvs.client.catalog.manager.U2CatalogManager - [client:400203]cache file auto update thread launch in build account
2025-01-30 11:39:51.591 [pool-3-thread-1] INFO  com.rs.mv.mvvs.client.catalog.from.config.DirsConfigReader - [client:400206]parse dir config information
2025-01-30 11:39:51.592 [pool-3-thread-1] INFO  com.rs.mv.mvvs.client.catalog.from.config.MappingConfigReader - [client:400207]parse mapping config information
2025-01-30 11:39:51.592 [pool-3-thread-1] INFO  com.rs.mv.mvvs.client.catalog.manager.U2CatalogManager - [client:400202]start a schedule task to get global/local catalog for build, its period 5s 
2025-01-30 11:39:51.592 [pool-3-thread-1] INFO  com.rs.mv.mvvs.client.catalog.manager.U2CatalogManager - [client:400203]cache file auto update thread launch in 07.API-Rest account
2025-01-30 11:39:51.592 [pool-3-thread-1] INFO  com.rs.mv.mvvs.client.catalog.from.config.DirsConfigReader - [client:400206]parse dir config information
2025-01-30 11:39:51.592 [pool-3-thread-1] INFO  com.rs.mv.mvvs.client.catalog.from.config.MappingConfigReader - [client:400207]parse mapping config information
2025-01-30 11:39:51.592 [pool-3-thread-1] INFO  com.rs.mv.mvvs.client.catalog.manager.U2CatalogManager - [client:400202]start a schedule task to get global/local catalog for 07.API-Rest, its period 5s 
2025-01-30 11:39:51.592 [pool-3-thread-1] INFO  com.rs.mv.mvvs.client.catalog.manager.U2CatalogManager - [client:400203]cache file auto update thread launch in node_modules account
2025-01-30 11:39:51.592 [pool-3-thread-1] INFO  com.rs.mv.mvvs.client.catalog.from.config.DirsConfigReader - [client:400206]parse dir config information
2025-01-30 11:39:51.592 [pool-3-thread-1] INFO  com.rs.mv.mvvs.client.catalog.from.config.MappingConfigReader - [client:400207]parse mapping config information
2025-01-30 11:39:51.592 [pool-3-thread-1] INFO  com.rs.mv.mvvs.client.catalog.manager.U2CatalogManager - [client:400202]start a schedule task to get global/local catalog for node_modules, its period 5s 
2025-01-30 11:39:51.593 [pool-3-thread-1] INFO  com.rs.mv.mvvs.client.catalog.manager.U2CatalogManager - [client:400203]cache file auto update thread launch in bignumber.js account
2025-01-30 11:39:51.593 [pool-3-thread-1] INFO  com.rs.mv.mvvs.client.catalog.from.config.DirsConfigReader - [client:400206]parse dir config information
2025-01-30 11:39:51.593 [pool-3-thread-1] INFO  com.rs.mv.mvvs.client.catalog.from.config.MappingConfigReader - [client:400207]parse mapping config information
2025-01-30 11:39:51.594 [pool-3-thread-1] INFO  com.rs.mv.mvvs.client.catalog.manager.U2CatalogManager - [client:400202]start a schedule task to get global/local catalog for bignumber.js, its period 5s 
2025-01-30 11:39:51.594 [pool-3-thread-1] INFO  com.rs.mv.mvvs.client.catalog.manager.U2CatalogManager - [client:400203]cache file auto update thread launch in body-parser account
2025-01-30 11:39:51.594 [pool-3-thread-1] INFO  com.rs.mv.mvvs.client.catalog.from.config.DirsConfigReader - [client:400206]parse dir config information
2025-01-30 11:39:51.594 [pool-3-thread-1] INFO  com.rs.mv.mvvs.client.catalog.from.config.MappingConfigReader - [client:400207]parse mapping config information
2025-01-30 11:39:51.595 [pool-3-thread-1] INFO  com.rs.mv.mvvs.client.catalog.manager.U2CatalogManager - [client:400202]start a schedule task to get global/local catalog for body-parser, its period 5s 
2025-01-30 11:39:51.595 [pool-3-thread-1] INFO  com.rs.mv.mvvs.client.catalog.manager.U2CatalogManager - [client:400203]cache file auto update thread launch in lib account
2025-01-30 11:39:51.595 [pool-3-thread-1] INFO  com.rs.mv.mvvs.client.catalog.from.config.DirsConfigReader - [client:400206]parse dir config information
2025-01-30 11:39:51.595 [pool-3-thread-1] INFO  com.rs.mv.mvvs.client.catalog.from.config.MappingConfigReader - [client:400207]parse mapping config information
2025-01-30 11:39:51.595 [pool-3-thread-1] INFO  com.rs.mv.mvvs.client.catalog.manager.U2CatalogManager - [client:400202]start a schedule task to get global/local catalog for lib, its period 5s 
2025-01-30 11:39:51.596 [pool-3-thread-1] INFO  com.rs.mv.mvvs.client.catalog.manager.U2CatalogManager - [client:400203]cache file auto update thread launch in call-bind account
2025-01-30 11:39:51.596 [pool-3-thread-1] INFO  com.rs.mv.mvvs.client.catalog.from.config.DirsConfigReader - [client:400206]parse dir config information
2025-01-30 11:39:51.596 [pool-3-thread-1] INFO  com.rs.mv.mvvs.client.catalog.from.config.MappingConfigReader - [client:400207]parse mapping config information
2025-01-30 11:39:51.596 [pool-3-thread-1] INFO  com.rs.mv.mvvs.client.catalog.manager.U2CatalogManager - [client:400202]start a schedule task to get global/local catalog for call-bind, its period 5s 
2025-01-30 11:39:51.596 [pool-3-thread-1] INFO  com.rs.mv.mvvs.client.catalog.manager.U2CatalogManager - [client:400203]cache file auto update thread launch in core-util-is account
2025-01-30 11:39:51.596 [pool-3-thread-1] INFO  com.rs.mv.mvvs.client.catalog.from.config.DirsConfigReader - [client:400206]parse dir config information
2025-01-30 11:39:51.596 [pool-3-thread-1] INFO  com.rs.mv.mvvs.client.catalog.from.config.MappingConfigReader - [client:400207]parse mapping config information
2025-01-30 11:39:51.597 [pool-3-thread-1] INFO  com.rs.mv.mvvs.client.catalog.manager.U2CatalogManager - [client:400202]start a schedule task to get global/local catalog for core-util-is, its period 5s 
2025-01-30 11:39:51.597 [pool-3-thread-1] INFO  com.rs.mv.mvvs.client.catalog.manager.U2CatalogManager - [client:400203]cache file auto update thread launch in debug account
2025-01-30 11:39:51.597 [pool-3-thread-1] INFO  com.rs.mv.mvvs.client.catalog.from.config.DirsConfigReader - [client:400206]parse dir config information
2025-01-30 11:39:51.597 [pool-3-thread-1] INFO  com.rs.mv.mvvs.client.catalog.from.config.MappingConfigReader - [client:400207]parse mapping config information
2025-01-30 11:39:51.597 [pool-3-thread-1] INFO  com.rs.mv.mvvs.client.catalog.manager.U2CatalogManager - [client:400202]start a schedule task to get global/local catalog for debug, its period 5s 
2025-01-30 11:39:51.598 [pool-3-thread-1] INFO  com.rs.mv.mvvs.client.catalog.manager.U2CatalogManager - [client:400203]cache file auto update thread launch in define-data-property account
2025-01-30 11:39:51.598 [pool-3-thread-1] INFO  com.rs.mv.mvvs.client.catalog.from.config.DirsConfigReader - [client:400206]parse dir config information
2025-01-30 11:39:51.598 [pool-3-thread-1] INFO  com.rs.mv.mvvs.client.catalog.from.config.MappingConfigReader - [client:400207]parse mapping config information
2025-01-30 11:39:51.598 [pool-3-thread-1] INFO  com.rs.mv.mvvs.client.catalog.manager.U2CatalogManager - [client:400202]start a schedule task to get global/local catalog for define-data-property, its period 5s 
2025-01-30 11:39:51.598 [pool-3-thread-1] INFO  com.rs.mv.mvvs.client.catalog.manager.U2CatalogManager - [client:400203]cache file auto update thread launch in depd account
2025-01-30 11:39:51.598 [pool-3-thread-1] INFO  com.rs.mv.mvvs.client.catalog.from.config.DirsConfigReader - [client:400206]parse dir config information
2025-01-30 11:39:51.598 [pool-3-thread-1] INFO  com.rs.mv.mvvs.client.catalog.from.config.MappingConfigReader - [client:400207]parse mapping config information
2025-01-30 11:39:51.599 [pool-3-thread-1] INFO  com.rs.mv.mvvs.client.catalog.manager.U2CatalogManager - [client:400202]start a schedule task to get global/local catalog for depd, its period 5s 
2025-01-30 11:39:51.599 [pool-3-thread-1] INFO  com.rs.mv.mvvs.client.catalog.manager.U2CatalogManager - [client:400203]cache file auto update thread launch in lib account
2025-01-30 11:39:51.599 [pool-3-thread-1] INFO  com.rs.mv.mvvs.client.catalog.from.config.DirsConfigReader - [client:400206]parse dir config information
2025-01-30 11:39:51.599 [pool-3-thread-1] INFO  com.rs.mv.mvvs.client.catalog.from.config.MappingConfigReader - [client:400207]parse mapping config information
2025-01-30 11:39:51.599 [pool-3-thread-1] INFO  com.rs.mv.mvvs.client.catalog.manager.U2CatalogManager - [client:400202]start a schedule task to get global/local catalog for lib, its period 5s 
2025-01-30 11:39:51.599 [pool-3-thread-1] INFO  com.rs.mv.mvvs.client.catalog.manager.U2CatalogManager - [client:400203]cache file auto update thread launch in express account
2025-01-30 11:39:51.599 [pool-3-thread-1] INFO  com.rs.mv.mvvs.client.catalog.from.config.DirsConfigReader - [client:400206]parse dir config information
2025-01-30 11:39:51.600 [pool-3-thread-1] INFO  com.rs.mv.mvvs.client.catalog.from.config.MappingConfigReader - [client:400207]parse mapping config information
2025-01-30 11:39:51.600 [pool-3-thread-1] INFO  com.rs.mv.mvvs.client.catalog.manager.U2CatalogManager - [client:400202]start a schedule task to get global/local catalog for express, its period 5s 
2025-01-30 11:39:51.600 [pool-3-thread-1] INFO  com.rs.mv.mvvs.client.catalog.manager.U2CatalogManager - [client:400203]cache file auto update thread launch in lib account
2025-01-30 11:39:51.600 [pool-3-thread-1] INFO  com.rs.mv.mvvs.client.catalog.from.config.DirsConfigReader - [client:400206]parse dir config information
2025-01-30 11:39:51.600 [pool-3-thread-1] INFO  com.rs.mv.mvvs.client.catalog.from.config.MappingConfigReader - [client:400207]parse mapping config information
2025-01-30 11:39:51.600 [pool-3-thread-1] INFO  com.rs.mv.mvvs.client.catalog.manager.U2CatalogManager - [client:400202]start a schedule task to get global/local catalog for lib, its period 5s 
2025-01-30 11:39:51.600 [pool-3-thread-1] INFO  com.rs.mv.mvvs.client.catalog.manager.U2CatalogManager - [client:400203]cache file auto update thread launch in node_modules account
2025-01-30 11:39:51.601 [pool-3-thread-1] INFO  com.rs.mv.mvvs.client.catalog.from.config.DirsConfigReader - [client:400206]parse dir config information
2025-01-30 11:39:51.601 [pool-3-thread-1] INFO  com.rs.mv.mvvs.client.catalog.from.config.MappingConfigReader - [client:400207]parse mapping config information
2025-01-30 11:39:51.601 [pool-3-thread-1] INFO  com.rs.mv.mvvs.client.catalog.manager.U2CatalogManager - [client:400202]start a schedule task to get global/local catalog for node_modules, its period 5s 
2025-01-30 11:39:51.601 [pool-3-thread-1] INFO  com.rs.mv.mvvs.client.catalog.manager.U2CatalogManager - [client:400203]cache file auto update thread launch in body-parser account
2025-01-30 11:39:51.601 [pool-3-thread-1] INFO  com.rs.mv.mvvs.client.catalog.from.config.DirsConfigReader - [client:400206]parse dir config information
2025-01-30 11:39:51.601 [pool-3-thread-1] INFO  com.rs.mv.mvvs.client.catalog.from.config.MappingConfigReader - [client:400207]parse mapping config information
2025-01-30 11:39:51.601 [pool-3-thread-1] INFO  com.rs.mv.mvvs.client.catalog.manager.U2CatalogManager - [client:400202]start a schedule task to get global/local catalog for body-parser, its period 5s 
2025-01-30 11:39:51.601 [pool-3-thread-1] INFO  com.rs.mv.mvvs.client.catalog.manager.U2CatalogManager - [client:400203]cache file auto update thread launch in lib account
2025-01-30 11:39:51.602 [pool-3-thread-1] INFO  com.rs.mv.mvvs.client.catalog.from.config.DirsConfigReader - [client:400206]parse dir config information
2025-01-30 11:39:51.602 [pool-3-thread-1] INFO  com.rs.mv.mvvs.client.catalog.from.config.MappingConfigReader - [client:400207]parse mapping config information
2025-01-30 11:39:51.602 [pool-3-thread-1] INFO  com.rs.mv.mvvs.client.catalog.manager.U2CatalogManager - [client:400202]start a schedule task to get global/local catalog for lib, its period 5s 
2025-01-30 11:39:51.602 [pool-3-thread-1] INFO  com.rs.mv.mvvs.client.catalog.manager.U2CatalogManager - [client:400203]cache file auto update thread launch in function-bind account
2025-01-30 11:39:51.602 [pool-3-thread-1] INFO  com.rs.mv.mvvs.client.catalog.from.config.DirsConfigReader - [client:400206]parse dir config information
2025-01-30 11:39:51.602 [pool-3-thread-1] INFO  com.rs.mv.mvvs.client.catalog.from.config.MappingConfigReader - [client:400207]parse mapping config information
2025-01-30 11:39:51.602 [pool-3-thread-1] INFO  com.rs.mv.mvvs.client.catalog.manager.U2CatalogManager - [client:400202]start a schedule task to get global/local catalog for function-bind, its period 5s 
2025-01-30 11:39:51.603 [pool-3-thread-1] INFO  com.rs.mv.mvvs.client.catalog.manager.U2CatalogManager - [client:400203]cache file auto update thread launch in get-intrinsic account
2025-01-30 11:39:51.603 [pool-3-thread-1] INFO  com.rs.mv.mvvs.client.catalog.from.config.DirsConfigReader - [client:400206]parse dir config information
2025-01-30 11:39:51.603 [pool-3-thread-1] INFO  com.rs.mv.mvvs.client.catalog.from.config.MappingConfigReader - [client:400207]parse mapping config information
2025-01-30 11:39:51.603 [pool-3-thread-1] INFO  com.rs.mv.mvvs.client.catalog.manager.U2CatalogManager - [client:400202]start a schedule task to get global/local catalog for get-intrinsic, its period 5s 
2025-01-30 11:39:51.603 [pool-3-thread-1] INFO  com.rs.mv.mvvs.client.catalog.manager.U2CatalogManager - [client:400203]cache file auto update thread launch in gopd account
2025-01-30 11:39:51.603 [pool-3-thread-1] INFO  com.rs.mv.mvvs.client.catalog.from.config.DirsConfigReader - [client:400206]parse dir config information
2025-01-30 11:39:51.604 [pool-3-thread-1] INFO  com.rs.mv.mvvs.client.catalog.from.config.MappingConfigReader - [client:400207]parse mapping config information
2025-01-30 11:39:51.604 [pool-3-thread-1] INFO  com.rs.mv.mvvs.client.catalog.manager.U2CatalogManager - [client:400202]start a schedule task to get global/local catalog for gopd, its period 5s 
2025-01-30 11:39:51.604 [pool-3-thread-1] INFO  com.rs.mv.mvvs.client.catalog.manager.U2CatalogManager - [client:400203]cache file auto update thread launch in has-property-descriptors account
2025-01-30 11:39:51.604 [pool-3-thread-1] INFO  com.rs.mv.mvvs.client.catalog.from.config.DirsConfigReader - [client:400206]parse dir config information
2025-01-30 11:39:51.604 [pool-3-thread-1] INFO  com.rs.mv.mvvs.client.catalog.from.config.MappingConfigReader - [client:400207]parse mapping config information
2025-01-30 11:39:51.604 [pool-3-thread-1] INFO  com.rs.mv.mvvs.client.catalog.manager.U2CatalogManager - [client:400202]start a schedule task to get global/local catalog for has-property-descriptors, its period 5s 
2025-01-30 11:39:51.605 [pool-3-thread-1] INFO  com.rs.mv.mvvs.client.catalog.manager.U2CatalogManager - [client:400203]cache file auto update thread launch in has-proto account
2025-01-30 11:39:51.605 [pool-3-thread-1] INFO  com.rs.mv.mvvs.client.catalog.from.config.DirsConfigReader - [client:400206]parse dir config information
2025-01-30 11:39:51.605 [pool-3-thread-1] INFO  com.rs.mv.mvvs.client.catalog.from.config.MappingConfigReader - [client:400207]parse mapping config information
2025-01-30 11:39:51.605 [pool-3-thread-1] INFO  com.rs.mv.mvvs.client.catalog.manager.U2CatalogManager - [client:400202]start a schedule task to get global/local catalog for has-proto, its period 5s 
2025-01-30 11:39:51.605 [pool-3-thread-1] INFO  com.rs.mv.mvvs.client.catalog.manager.U2CatalogManager - [client:400203]cache file auto update thread launch in has-symbols account
2025-01-30 11:39:51.605 [pool-3-thread-1] INFO  com.rs.mv.mvvs.client.catalog.from.config.DirsConfigReader - [client:400206]parse dir config information
2025-01-30 11:39:51.605 [pool-3-thread-1] INFO  com.rs.mv.mvvs.client.catalog.from.config.MappingConfigReader - [client:400207]parse mapping config information
2025-01-30 11:39:51.606 [pool-3-thread-1] INFO  com.rs.mv.mvvs.client.catalog.manager.U2CatalogManager - [client:400202]start a schedule task to get global/local catalog for has-symbols, its period 5s 
2025-01-30 11:39:51.606 [pool-3-thread-1] INFO  com.rs.mv.mvvs.client.catalog.manager.U2CatalogManager - [client:400203]cache file auto update thread launch in test account
2025-01-30 11:39:51.606 [pool-3-thread-1] INFO  com.rs.mv.mvvs.client.catalog.from.config.DirsConfigReader - [client:400206]parse dir config information
2025-01-30 11:39:51.606 [pool-3-thread-1] INFO  com.rs.mv.mvvs.client.catalog.from.config.MappingConfigReader - [client:400207]parse mapping config information
2025-01-30 11:39:51.606 [pool-3-thread-1] INFO  com.rs.mv.mvvs.client.catalog.manager.U2CatalogManager - [client:400202]start a schedule task to get global/local catalog for test, its period 5s 
2025-01-30 11:39:51.606 [pool-3-thread-1] INFO  com.rs.mv.mvvs.client.catalog.manager.U2CatalogManager - [client:400203]cache file auto update thread launch in hasown account
2025-01-30 11:39:51.606 [pool-3-thread-1] INFO  com.rs.mv.mvvs.client.catalog.from.config.DirsConfigReader - [client:400206]parse dir config information
2025-01-30 11:39:51.607 [pool-3-thread-1] INFO  com.rs.mv.mvvs.client.catalog.from.config.MappingConfigReader - [client:400207]parse mapping config information
2025-01-30 11:39:51.607 [pool-3-thread-1] INFO  com.rs.mv.mvvs.client.catalog.manager.U2CatalogManager - [client:400202]start a schedule task to get global/local catalog for hasown, its period 5s 
2025-01-30 11:39:51.607 [pool-3-thread-1] INFO  com.rs.mv.mvvs.client.catalog.manager.U2CatalogManager - [client:400203]cache file auto update thread launch in iconv-lite account
2025-01-30 11:39:51.607 [pool-3-thread-1] INFO  com.rs.mv.mvvs.client.catalog.from.config.DirsConfigReader - [client:400206]parse dir config information
2025-01-30 11:39:51.607 [pool-3-thread-1] INFO  com.rs.mv.mvvs.client.catalog.from.config.MappingConfigReader - [client:400207]parse mapping config information
2025-01-30 11:39:51.607 [pool-3-thread-1] INFO  com.rs.mv.mvvs.client.catalog.manager.U2CatalogManager - [client:400202]start a schedule task to get global/local catalog for iconv-lite, its period 5s 
2025-01-30 11:39:51.607 [pool-3-thread-1] INFO  com.rs.mv.mvvs.client.catalog.manager.U2CatalogManager - [client:400203]cache file auto update thread launch in encodings account
2025-01-30 11:39:51.608 [pool-3-thread-1] INFO  com.rs.mv.mvvs.client.catalog.from.config.DirsConfigReader - [client:400206]parse dir config information
2025-01-30 11:39:51.608 [pool-3-thread-1] INFO  com.rs.mv.mvvs.client.catalog.from.config.MappingConfigReader - [client:400207]parse mapping config information
2025-01-30 11:39:51.608 [pool-3-thread-1] INFO  com.rs.mv.mvvs.client.catalog.manager.U2CatalogManager - [client:400202]start a schedule task to get global/local catalog for encodings, its period 5s 
2025-01-30 11:39:51.608 [pool-3-thread-1] INFO  com.rs.mv.mvvs.client.catalog.manager.U2CatalogManager - [client:400203]cache file auto update thread launch in ipaddr.js account
2025-01-30 11:39:51.608 [pool-3-thread-1] INFO  com.rs.mv.mvvs.client.catalog.from.config.DirsConfigReader - [client:400206]parse dir config information
2025-01-30 11:39:51.608 [pool-3-thread-1] INFO  com.rs.mv.mvvs.client.catalog.from.config.MappingConfigReader - [client:400207]parse mapping config information
2025-01-30 11:39:51.608 [pool-3-thread-1] INFO  com.rs.mv.mvvs.client.catalog.manager.U2CatalogManager - [client:400202]start a schedule task to get global/local catalog for ipaddr.js, its period 5s 
2025-01-30 11:39:51.609 [pool-3-thread-1] INFO  com.rs.mv.mvvs.client.catalog.manager.U2CatalogManager - [client:400203]cache file auto update thread launch in mime account
2025-01-30 11:39:51.609 [pool-3-thread-1] INFO  com.rs.mv.mvvs.client.catalog.from.config.DirsConfigReader - [client:400206]parse dir config information
2025-01-30 11:39:51.609 [pool-3-thread-1] INFO  com.rs.mv.mvvs.client.catalog.from.config.MappingConfigReader - [client:400207]parse mapping config information
2025-01-30 11:39:51.609 [pool-3-thread-1] INFO  com.rs.mv.mvvs.client.catalog.manager.U2CatalogManager - [client:400202]start a schedule task to get global/local catalog for mime, its period 5s 
2025-01-30 11:39:51.609 [pool-3-thread-1] INFO  com.rs.mv.mvvs.client.catalog.manager.U2CatalogManager - [client:400203]cache file auto update thread launch in mysql account
2025-01-30 11:39:51.609 [pool-3-thread-1] INFO  com.rs.mv.mvvs.client.catalog.from.config.DirsConfigReader - [client:400206]parse dir config information
2025-01-30 11:39:51.609 [pool-3-thread-1] INFO  com.rs.mv.mvvs.client.catalog.from.config.MappingConfigReader - [client:400207]parse mapping config information
2025-01-30 11:39:51.610 [pool-3-thread-1] INFO  com.rs.mv.mvvs.client.catalog.manager.U2CatalogManager - [client:400202]start a schedule task to get global/local catalog for mysql, its period 5s 
2025-01-30 11:39:51.610 [pool-3-thread-1] INFO  com.rs.mv.mvvs.client.catalog.manager.U2CatalogManager - [client:400203]cache file auto update thread launch in lib account
2025-01-30 11:39:51.610 [pool-3-thread-1] INFO  com.rs.mv.mvvs.client.catalog.from.config.DirsConfigReader - [client:400206]parse dir config information
2025-01-30 11:39:51.610 [pool-3-thread-1] INFO  com.rs.mv.mvvs.client.catalog.from.config.MappingConfigReader - [client:400207]parse mapping config information
2025-01-30 11:39:51.610 [pool-3-thread-1] INFO  com.rs.mv.mvvs.client.catalog.manager.U2CatalogManager - [client:400202]start a schedule task to get global/local catalog for lib, its period 5s 
2025-01-30 11:39:51.611 [pool-3-thread-1] INFO  com.rs.mv.mvvs.client.catalog.manager.U2CatalogManager - [client:400203]cache file auto update thread launch in protocol account
2025-01-30 11:39:51.611 [pool-3-thread-1] INFO  com.rs.mv.mvvs.client.catalog.from.config.DirsConfigReader - [client:400206]parse dir config information
2025-01-30 11:39:51.611 [pool-3-thread-1] INFO  com.rs.mv.mvvs.client.catalog.from.config.MappingConfigReader - [client:400207]parse mapping config information
2025-01-30 11:39:51.611 [pool-3-thread-1] INFO  com.rs.mv.mvvs.client.catalog.manager.U2CatalogManager - [client:400202]start a schedule task to get global/local catalog for protocol, its period 5s 
2025-01-30 11:39:51.611 [pool-3-thread-1] INFO  com.rs.mv.mvvs.client.catalog.manager.U2CatalogManager - [client:400203]cache file auto update thread launch in node_modules account
2025-01-30 11:39:51.611 [pool-3-thread-1] INFO  com.rs.mv.mvvs.client.catalog.from.config.DirsConfigReader - [client:400206]parse dir config information
2025-01-30 11:39:51.611 [pool-3-thread-1] INFO  com.rs.mv.mvvs.client.catalog.from.config.MappingConfigReader - [client:400207]parse mapping config information
2025-01-30 11:39:51.612 [pool-3-thread-1] INFO  com.rs.mv.mvvs.client.catalog.manager.U2CatalogManager - [client:400202]start a schedule task to get global/local catalog for node_modules, its period 5s 
2025-01-30 11:39:51.612 [pool-3-thread-1] INFO  com.rs.mv.mvvs.client.catalog.manager.U2CatalogManager - [client:400203]cache file auto update thread launch in negotiator account
2025-01-30 11:39:51.612 [pool-3-thread-1] INFO  com.rs.mv.mvvs.client.catalog.from.config.DirsConfigReader - [client:400206]parse dir config information
2025-01-30 11:39:51.612 [pool-3-thread-1] INFO  com.rs.mv.mvvs.client.catalog.from.config.MappingConfigReader - [client:400207]parse mapping config information
2025-01-30 11:39:51.612 [pool-3-thread-1] INFO  com.rs.mv.mvvs.client.catalog.manager.U2CatalogManager - [client:400202]start a schedule task to get global/local catalog for negotiator, its period 5s 
2025-01-30 11:39:51.612 [pool-3-thread-1] INFO  com.rs.mv.mvvs.client.catalog.manager.U2CatalogManager - [client:400203]cache file auto update thread launch in object-inspect account
2025-01-30 11:39:51.612 [pool-3-thread-1] INFO  com.rs.mv.mvvs.client.catalog.from.config.DirsConfigReader - [client:400206]parse dir config information
2025-01-30 11:39:51.613 [pool-3-thread-1] INFO  com.rs.mv.mvvs.client.catalog.from.config.MappingConfigReader - [client:400207]parse mapping config information
2025-01-30 11:39:51.613 [pool-3-thread-1] INFO  com.rs.mv.mvvs.client.catalog.manager.U2CatalogManager - [client:400202]start a schedule task to get global/local catalog for object-inspect, its period 5s 
2025-01-30 11:39:51.613 [pool-3-thread-1] INFO  com.rs.mv.mvvs.client.catalog.manager.U2CatalogManager - [client:400203]cache file auto update thread launch in test account
2025-01-30 11:39:51.613 [pool-3-thread-1] INFO  com.rs.mv.mvvs.client.catalog.from.config.DirsConfigReader - [client:400206]parse dir config information
2025-01-30 11:39:51.613 [pool-3-thread-1] INFO  com.rs.mv.mvvs.client.catalog.from.config.MappingConfigReader - [client:400207]parse mapping config information
2025-01-30 11:39:51.613 [pool-3-thread-1] INFO  com.rs.mv.mvvs.client.catalog.manager.U2CatalogManager - [client:400202]start a schedule task to get global/local catalog for test, its period 5s 
2025-01-30 11:39:51.614 [pool-3-thread-1] INFO  com.rs.mv.mvvs.client.catalog.manager.U2CatalogManager - [client:400203]cache file auto update thread launch in qs account
2025-01-30 11:39:51.614 [pool-3-thread-1] INFO  com.rs.mv.mvvs.client.catalog.from.config.DirsConfigReader - [client:400206]parse dir config information
2025-01-30 11:39:51.614 [pool-3-thread-1] INFO  com.rs.mv.mvvs.client.catalog.from.config.MappingConfigReader - [client:400207]parse mapping config information
2025-01-30 11:39:51.614 [pool-3-thread-1] INFO  com.rs.mv.mvvs.client.catalog.manager.U2CatalogManager - [client:400202]start a schedule task to get global/local catalog for qs, its period 5s 
2025-01-30 11:39:51.614 [pool-3-thread-1] INFO  com.rs.mv.mvvs.client.catalog.manager.U2CatalogManager - [client:400203]cache file auto update thread launch in readable-stream account
2025-01-30 11:39:51.614 [pool-3-thread-1] INFO  com.rs.mv.mvvs.client.catalog.from.config.DirsConfigReader - [client:400206]parse dir config information
2025-01-30 11:39:51.614 [pool-3-thread-1] INFO  com.rs.mv.mvvs.client.catalog.from.config.MappingConfigReader - [client:400207]parse mapping config information
2025-01-30 11:39:51.615 [pool-3-thread-1] INFO  com.rs.mv.mvvs.client.catalog.manager.U2CatalogManager - [client:400202]start a schedule task to get global/local catalog for readable-stream, its period 5s 
2025-01-30 11:39:51.615 [pool-3-thread-1] INFO  com.rs.mv.mvvs.client.catalog.manager.U2CatalogManager - [client:400203]cache file auto update thread launch in doc account
2025-01-30 11:39:51.615 [pool-3-thread-1] INFO  com.rs.mv.mvvs.client.catalog.from.config.DirsConfigReader - [client:400206]parse dir config information
2025-01-30 11:39:51.615 [pool-3-thread-1] INFO  com.rs.mv.mvvs.client.catalog.from.config.MappingConfigReader - [client:400207]parse mapping config information
2025-01-30 11:39:51.615 [pool-3-thread-1] INFO  com.rs.mv.mvvs.client.catalog.manager.U2CatalogManager - [client:400202]start a schedule task to get global/local catalog for doc, its period 5s 
2025-01-30 11:39:51.616 [pool-3-thread-1] INFO  com.rs.mv.mvvs.client.catalog.manager.U2CatalogManager - [client:400203]cache file auto update thread launch in lib account
2025-01-30 11:39:51.616 [pool-3-thread-1] INFO  com.rs.mv.mvvs.client.catalog.from.config.DirsConfigReader - [client:400206]parse dir config information
2025-01-30 11:39:51.616 [pool-3-thread-1] INFO  com.rs.mv.mvvs.client.catalog.from.config.MappingConfigReader - [client:400207]parse mapping config information
2025-01-30 11:39:51.616 [pool-3-thread-1] INFO  com.rs.mv.mvvs.client.catalog.manager.U2CatalogManager - [client:400202]start a schedule task to get global/local catalog for lib, its period 5s 
2025-01-30 11:39:51.616 [pool-3-thread-1] INFO  com.rs.mv.mvvs.client.catalog.manager.U2CatalogManager - [client:400203]cache file auto update thread launch in internal account
2025-01-30 11:39:51.616 [pool-3-thread-1] INFO  com.rs.mv.mvvs.client.catalog.from.config.DirsConfigReader - [client:400206]parse dir config information
2025-01-30 11:39:51.616 [pool-3-thread-1] INFO  com.rs.mv.mvvs.client.catalog.from.config.MappingConfigReader - [client:400207]parse mapping config information
2025-01-30 11:39:51.617 [pool-3-thread-1] INFO  com.rs.mv.mvvs.client.catalog.manager.U2CatalogManager - [client:400202]start a schedule task to get global/local catalog for internal, its period 5s 
2025-01-30 11:39:51.617 [pool-3-thread-1] INFO  com.rs.mv.mvvs.client.catalog.manager.U2CatalogManager - [client:400203]cache file auto update thread launch in node_modules account
2025-01-30 11:39:51.617 [pool-3-thread-1] INFO  com.rs.mv.mvvs.client.catalog.from.config.DirsConfigReader - [client:400206]parse dir config information
2025-01-30 11:39:51.617 [pool-3-thread-1] INFO  com.rs.mv.mvvs.client.catalog.from.config.MappingConfigReader - [client:400207]parse mapping config information
2025-01-30 11:39:51.617 [pool-3-thread-1] INFO  com.rs.mv.mvvs.client.catalog.manager.U2CatalogManager - [client:400202]start a schedule task to get global/local catalog for node_modules, its period 5s 
2025-01-30 11:39:51.617 [pool-3-thread-1] INFO  com.rs.mv.mvvs.client.catalog.manager.U2CatalogManager - [client:400203]cache file auto update thread launch in send account
2025-01-30 11:39:51.617 [pool-3-thread-1] INFO  com.rs.mv.mvvs.client.catalog.from.config.DirsConfigReader - [client:400206]parse dir config information
2025-01-30 11:39:51.617 [pool-3-thread-1] INFO  com.rs.mv.mvvs.client.catalog.from.config.MappingConfigReader - [client:400207]parse mapping config information
2025-01-30 11:39:51.617 [pool-3-thread-1] INFO  com.rs.mv.mvvs.client.catalog.manager.U2CatalogManager - [client:400202]start a schedule task to get global/local catalog for send, its period 5s 
2025-01-30 11:39:51.617 [pool-3-thread-1] INFO  com.rs.mv.mvvs.client.catalog.manager.U2CatalogManager - [client:400203]cache file auto update thread launch in node_modules account
2025-01-30 11:39:51.617 [pool-3-thread-1] INFO  com.rs.mv.mvvs.client.catalog.from.config.DirsConfigReader - [client:400206]parse dir config information
2025-01-30 11:39:51.618 [pool-3-thread-1] INFO  com.rs.mv.mvvs.client.catalog.from.config.MappingConfigReader - [client:400207]parse mapping config information
2025-01-30 11:39:51.618 [pool-3-thread-1] INFO  com.rs.mv.mvvs.client.catalog.manager.U2CatalogManager - [client:400202]start a schedule task to get global/local catalog for node_modules, its period 5s 
2025-01-30 11:39:51.618 [pool-3-thread-1] INFO  com.rs.mv.mvvs.client.catalog.manager.U2CatalogManager - [client:400203]cache file auto update thread launch in set-function-length account
2025-01-30 11:39:51.618 [pool-3-thread-1] INFO  com.rs.mv.mvvs.client.catalog.from.config.DirsConfigReader - [client:400206]parse dir config information
2025-01-30 11:39:51.618 [pool-3-thread-1] INFO  com.rs.mv.mvvs.client.catalog.from.config.MappingConfigReader - [client:400207]parse mapping config information
2025-01-30 11:39:51.618 [pool-3-thread-1] INFO  com.rs.mv.mvvs.client.catalog.manager.U2CatalogManager - [client:400202]start a schedule task to get global/local catalog for set-function-length, its period 5s 
2025-01-30 11:39:51.619 [pool-3-thread-1] INFO  com.rs.mv.mvvs.client.catalog.manager.U2CatalogManager - [client:400203]cache file auto update thread launch in setprototypeof account
2025-01-30 11:39:51.619 [pool-3-thread-1] INFO  com.rs.mv.mvvs.client.catalog.from.config.DirsConfigReader - [client:400206]parse dir config information
2025-01-30 11:39:51.619 [pool-3-thread-1] INFO  com.rs.mv.mvvs.client.catalog.from.config.MappingConfigReader - [client:400207]parse mapping config information
2025-01-30 11:39:51.619 [pool-3-thread-1] INFO  com.rs.mv.mvvs.client.catalog.manager.U2CatalogManager - [client:400202]start a schedule task to get global/local catalog for setprototypeof, its period 5s 
2025-01-30 11:39:51.619 [pool-3-thread-1] INFO  com.rs.mv.mvvs.client.catalog.manager.U2CatalogManager - [client:400203]cache file auto update thread launch in side-channel account
2025-01-30 11:39:51.619 [pool-3-thread-1] INFO  com.rs.mv.mvvs.client.catalog.from.config.DirsConfigReader - [client:400206]parse dir config information
2025-01-30 11:39:51.619 [pool-3-thread-1] INFO  com.rs.mv.mvvs.client.catalog.from.config.MappingConfigReader - [client:400207]parse mapping config information
2025-01-30 11:39:51.619 [pool-3-thread-1] INFO  com.rs.mv.mvvs.client.catalog.manager.U2CatalogManager - [client:400202]start a schedule task to get global/local catalog for side-channel, its period 5s 
2025-01-30 11:39:51.620 [pool-3-thread-1] INFO  com.rs.mv.mvvs.client.catalog.manager.U2CatalogManager - [client:400203]cache file auto update thread launch in sqlstring account
2025-01-30 11:39:51.620 [pool-3-thread-1] INFO  com.rs.mv.mvvs.client.catalog.from.config.DirsConfigReader - [client:400206]parse dir config information
2025-01-30 11:39:51.620 [pool-3-thread-1] INFO  com.rs.mv.mvvs.client.catalog.from.config.MappingConfigReader - [client:400207]parse mapping config information
2025-01-30 11:39:51.620 [pool-3-thread-1] INFO  com.rs.mv.mvvs.client.catalog.manager.U2CatalogManager - [client:400202]start a schedule task to get global/local catalog for sqlstring, its period 5s 
2025-01-30 11:39:51.620 [pool-3-thread-1] INFO  com.rs.mv.mvvs.client.catalog.manager.U2CatalogManager - [client:400203]cache file auto update thread launch in string_decoder account
2025-01-30 11:39:51.620 [pool-3-thread-1] INFO  com.rs.mv.mvvs.client.catalog.from.config.DirsConfigReader - [client:400206]parse dir config information
2025-01-30 11:39:51.620 [pool-3-thread-1] INFO  com.rs.mv.mvvs.client.catalog.from.config.MappingConfigReader - [client:400207]parse mapping config information
2025-01-30 11:39:51.621 [pool-3-thread-1] INFO  com.rs.mv.mvvs.client.catalog.manager.U2CatalogManager - [client:400202]start a schedule task to get global/local catalog for string_decoder, its period 5s 
2025-01-30 11:39:51.621 [pool-3-thread-1] INFO  com.rs.mv.mvvs.client.catalog.manager.U2CatalogManager - [client:400203]cache file auto update thread launch in node_modules account
2025-01-30 11:39:51.621 [pool-3-thread-1] INFO  com.rs.mv.mvvs.client.catalog.from.config.DirsConfigReader - [client:400206]parse dir config information
2025-01-30 11:39:51.621 [pool-3-thread-1] INFO  com.rs.mv.mvvs.client.catalog.from.config.MappingConfigReader - [client:400207]parse mapping config information
2025-01-30 11:39:51.621 [pool-3-thread-1] INFO  com.rs.mv.mvvs.client.catalog.manager.U2CatalogManager - [client:400202]start a schedule task to get global/local catalog for node_modules, its period 5s 
2025-01-30 11:39:51.621 [pool-3-thread-1] INFO  com.rs.mv.mvvs.client.catalog.manager.U2CatalogManager - [client:400203]cache file auto update thread launch in I.TP-LivreApp account
2025-01-30 11:39:51.621 [pool-3-thread-1] INFO  com.rs.mv.mvvs.client.catalog.from.config.DirsConfigReader - [client:400206]parse dir config information
2025-01-30 11:39:51.622 [pool-3-thread-1] INFO  com.rs.mv.mvvs.client.catalog.from.config.MappingConfigReader - [client:400207]parse mapping config information
2025-01-30 11:39:51.622 [pool-3-thread-1] INFO  com.rs.mv.mvvs.client.catalog.manager.U2CatalogManager - [client:400202]start a schedule task to get global/local catalog for I.TP-LivreApp, its period 5s 
2025-01-30 11:39:51.622 [pool-3-thread-1] INFO  com.rs.mv.mvvs.client.catalog.manager.U2CatalogManager - [client:400203]cache file auto update thread launch in node_modules account
2025-01-30 11:39:51.622 [pool-3-thread-1] INFO  com.rs.mv.mvvs.client.catalog.from.config.DirsConfigReader - [client:400206]parse dir config information
2025-01-30 11:39:51.622 [pool-3-thread-1] INFO  com.rs.mv.mvvs.client.catalog.from.config.MappingConfigReader - [client:400207]parse mapping config information
2025-01-30 11:39:51.622 [pool-3-thread-1] INFO  com.rs.mv.mvvs.client.catalog.manager.U2CatalogManager - [client:400202]start a schedule task to get global/local catalog for node_modules, its period 5s 
2025-01-30 11:39:51.622 [pool-3-thread-1] INFO  com.rs.mv.mvvs.client.catalog.manager.U2CatalogManager - [client:400203]cache file auto update thread launch in bignumber.js account
2025-01-30 11:39:51.623 [pool-3-thread-1] INFO  com.rs.mv.mvvs.client.catalog.from.config.DirsConfigReader - [client:400206]parse dir config information
2025-01-30 11:39:51.623 [pool-3-thread-1] INFO  com.rs.mv.mvvs.client.catalog.from.config.MappingConfigReader - [client:400207]parse mapping config information
2025-01-30 11:39:51.623 [pool-3-thread-1] INFO  com.rs.mv.mvvs.client.catalog.manager.U2CatalogManager - [client:400202]start a schedule task to get global/local catalog for bignumber.js, its period 5s 
2025-01-30 11:39:51.623 [pool-3-thread-1] INFO  com.rs.mv.mvvs.client.catalog.manager.U2CatalogManager - [client:400203]cache file auto update thread launch in body-parser account
2025-01-30 11:39:51.623 [pool-3-thread-1] INFO  com.rs.mv.mvvs.client.catalog.from.config.DirsConfigReader - [client:400206]parse dir config information
2025-01-30 11:39:51.623 [pool-3-thread-1] INFO  com.rs.mv.mvvs.client.catalog.from.config.MappingConfigReader - [client:400207]parse mapping config information
2025-01-30 11:39:51.623 [pool-3-thread-1] INFO  com.rs.mv.mvvs.client.catalog.manager.U2CatalogManager - [client:400202]start a schedule task to get global/local catalog for body-parser, its period 5s 
2025-01-30 11:39:51.623 [pool-3-thread-1] INFO  com.rs.mv.mvvs.client.catalog.manager.U2CatalogManager - [client:400203]cache file auto update thread launch in lib account
2025-01-30 11:39:51.624 [pool-3-thread-1] INFO  com.rs.mv.mvvs.client.catalog.from.config.DirsConfigReader - [client:400206]parse dir config information
2025-01-30 11:39:51.624 [pool-3-thread-1] INFO  com.rs.mv.mvvs.client.catalog.from.config.MappingConfigReader - [client:400207]parse mapping config information
2025-01-30 11:39:51.624 [pool-3-thread-1] INFO  com.rs.mv.mvvs.client.catalog.manager.U2CatalogManager - [client:400202]start a schedule task to get global/local catalog for lib, its period 5s 
2025-01-30 11:39:51.624 [pool-3-thread-1] INFO  com.rs.mv.mvvs.client.catalog.manager.U2CatalogManager - [client:400203]cache file auto update thread launch in call-bind account
2025-01-30 11:39:51.624 [pool-3-thread-1] INFO  com.rs.mv.mvvs.client.catalog.from.config.DirsConfigReader - [client:400206]parse dir config information
2025-01-30 11:39:51.624 [pool-3-thread-1] INFO  com.rs.mv.mvvs.client.catalog.from.config.MappingConfigReader - [client:400207]parse mapping config information
2025-01-30 11:39:51.624 [pool-3-thread-1] INFO  com.rs.mv.mvvs.client.catalog.manager.U2CatalogManager - [client:400202]start a schedule task to get global/local catalog for call-bind, its period 5s 
2025-01-30 11:39:51.625 [pool-3-thread-1] INFO  com.rs.mv.mvvs.client.catalog.manager.U2CatalogManager - [client:400203]cache file auto update thread launch in content-disposition account
2025-01-30 11:39:51.625 [pool-3-thread-1] INFO  com.rs.mv.mvvs.client.catalog.from.config.DirsConfigReader - [client:400206]parse dir config information
2025-01-30 11:39:51.625 [pool-3-thread-1] INFO  com.rs.mv.mvvs.client.catalog.from.config.MappingConfigReader - [client:400207]parse mapping config information
2025-01-30 11:39:51.625 [pool-3-thread-1] INFO  com.rs.mv.mvvs.client.catalog.manager.U2CatalogManager - [client:400202]start a schedule task to get global/local catalog for content-disposition, its period 5s 
2025-01-30 11:39:51.625 [pool-3-thread-1] INFO  com.rs.mv.mvvs.client.catalog.manager.U2CatalogManager - [client:400203]cache file auto update thread launch in node_modules account
2025-01-30 11:39:51.625 [pool-3-thread-1] INFO  com.rs.mv.mvvs.client.catalog.from.config.DirsConfigReader - [client:400206]parse dir config information
2025-01-30 11:39:51.625 [pool-3-thread-1] INFO  com.rs.mv.mvvs.client.catalog.from.config.MappingConfigReader - [client:400207]parse mapping config information
2025-01-30 11:39:51.626 [pool-3-thread-1] INFO  com.rs.mv.mvvs.client.catalog.manager.U2CatalogManager - [client:400202]start a schedule task to get global/local catalog for node_modules, its period 5s 
2025-01-30 11:39:51.626 [pool-3-thread-1] INFO  com.rs.mv.mvvs.client.catalog.manager.U2CatalogManager - [client:400203]cache file auto update thread launch in core-util-is account
2025-01-30 11:39:51.626 [pool-3-thread-1] INFO  com.rs.mv.mvvs.client.catalog.from.config.DirsConfigReader - [client:400206]parse dir config information
2025-01-30 11:39:51.626 [pool-3-thread-1] INFO  com.rs.mv.mvvs.client.catalog.from.config.MappingConfigReader - [client:400207]parse mapping config information
2025-01-30 11:39:51.626 [pool-3-thread-1] INFO  com.rs.mv.mvvs.client.catalog.manager.U2CatalogManager - [client:400202]start a schedule task to get global/local catalog for core-util-is, its period 5s 
2025-01-30 11:39:51.627 [pool-3-thread-1] INFO  com.rs.mv.mvvs.client.catalog.manager.U2CatalogManager - [client:400203]cache file auto update thread launch in debug account
2025-01-30 11:39:51.627 [pool-3-thread-1] INFO  com.rs.mv.mvvs.client.catalog.from.config.DirsConfigReader - [client:400206]parse dir config information
2025-01-30 11:39:51.627 [pool-3-thread-1] INFO  com.rs.mv.mvvs.client.catalog.from.config.MappingConfigReader - [client:400207]parse mapping config information
2025-01-30 11:39:51.627 [pool-3-thread-1] INFO  com.rs.mv.mvvs.client.catalog.manager.U2CatalogManager - [client:400202]start a schedule task to get global/local catalog for debug, its period 5s 
2025-01-30 11:39:51.627 [pool-3-thread-1] INFO  com.rs.mv.mvvs.client.catalog.manager.U2CatalogManager - [client:400203]cache file auto update thread launch in define-data-property account
2025-01-30 11:39:51.627 [pool-3-thread-1] INFO  com.rs.mv.mvvs.client.catalog.from.config.DirsConfigReader - [client:400206]parse dir config information
2025-01-30 11:39:51.627 [pool-3-thread-1] INFO  com.rs.mv.mvvs.client.catalog.from.config.MappingConfigReader - [client:400207]parse mapping config information
2025-01-30 11:39:51.627 [pool-3-thread-1] INFO  com.rs.mv.mvvs.client.catalog.manager.U2CatalogManager - [client:400202]start a schedule task to get global/local catalog for define-data-property, its period 5s 
2025-01-30 11:39:51.628 [pool-3-thread-1] INFO  com.rs.mv.mvvs.client.catalog.manager.U2CatalogManager - [client:400203]cache file auto update thread launch in depd account
2025-01-30 11:39:51.628 [pool-3-thread-1] INFO  com.rs.mv.mvvs.client.catalog.from.config.DirsConfigReader - [client:400206]parse dir config information
2025-01-30 11:39:51.628 [pool-3-thread-1] INFO  com.rs.mv.mvvs.client.catalog.from.config.MappingConfigReader - [client:400207]parse mapping config information
2025-01-30 11:39:51.628 [pool-3-thread-1] INFO  com.rs.mv.mvvs.client.catalog.manager.U2CatalogManager - [client:400202]start a schedule task to get global/local catalog for depd, its period 5s 
2025-01-30 11:39:51.628 [pool-3-thread-1] INFO  com.rs.mv.mvvs.client.catalog.manager.U2CatalogManager - [client:400203]cache file auto update thread launch in lib account
2025-01-30 11:39:51.628 [pool-3-thread-1] INFO  com.rs.mv.mvvs.client.catalog.from.config.DirsConfigReader - [client:400206]parse dir config information
2025-01-30 11:39:51.628 [pool-3-thread-1] INFO  com.rs.mv.mvvs.client.catalog.from.config.MappingConfigReader - [client:400207]parse mapping config information
2025-01-30 11:39:51.628 [pool-3-thread-1] INFO  com.rs.mv.mvvs.client.catalog.manager.U2CatalogManager - [client:400202]start a schedule task to get global/local catalog for lib, its period 5s 
2025-01-30 11:39:51.628 [pool-3-thread-1] INFO  com.rs.mv.mvvs.client.catalog.manager.U2CatalogManager - [client:400203]cache file auto update thread launch in express account
2025-01-30 11:39:51.629 [pool-3-thread-1] INFO  com.rs.mv.mvvs.client.catalog.from.config.DirsConfigReader - [client:400206]parse dir config information
2025-01-30 11:39:51.629 [pool-3-thread-1] INFO  com.rs.mv.mvvs.client.catalog.from.config.MappingConfigReader - [client:400207]parse mapping config information
2025-01-30 11:39:51.629 [pool-3-thread-1] INFO  com.rs.mv.mvvs.client.catalog.manager.U2CatalogManager - [client:400202]start a schedule task to get global/local catalog for express, its period 5s 
2025-01-30 11:39:51.629 [pool-3-thread-1] INFO  com.rs.mv.mvvs.client.catalog.manager.U2CatalogManager - [client:400203]cache file auto update thread launch in lib account
2025-01-30 11:39:51.629 [pool-3-thread-1] INFO  com.rs.mv.mvvs.client.catalog.from.config.DirsConfigReader - [client:400206]parse dir config information
2025-01-30 11:39:51.629 [pool-3-thread-1] INFO  com.rs.mv.mvvs.client.catalog.from.config.MappingConfigReader - [client:400207]parse mapping config information
2025-01-30 11:39:51.629 [pool-3-thread-1] INFO  com.rs.mv.mvvs.client.catalog.manager.U2CatalogManager - [client:400202]start a schedule task to get global/local catalog for lib, its period 5s 
2025-01-30 11:39:51.629 [pool-3-thread-1] INFO  com.rs.mv.mvvs.client.catalog.manager.U2CatalogManager - [client:400203]cache file auto update thread launch in node_modules account
2025-01-30 11:39:51.630 [pool-3-thread-1] INFO  com.rs.mv.mvvs.client.catalog.from.config.DirsConfigReader - [client:400206]parse dir config information
2025-01-30 11:39:51.630 [pool-3-thread-1] INFO  com.rs.mv.mvvs.client.catalog.from.config.MappingConfigReader - [client:400207]parse mapping config information
2025-01-30 11:39:51.630 [pool-3-thread-1] INFO  com.rs.mv.mvvs.client.catalog.manager.U2CatalogManager - [client:400202]start a schedule task to get global/local catalog for node_modules, its period 5s 
2025-01-30 11:39:51.630 [pool-3-thread-1] INFO  com.rs.mv.mvvs.client.catalog.manager.U2CatalogManager - [client:400203]cache file auto update thread launch in body-parser account
2025-01-30 11:39:51.630 [pool-3-thread-1] INFO  com.rs.mv.mvvs.client.catalog.from.config.DirsConfigReader - [client:400206]parse dir config information
2025-01-30 11:39:51.630 [pool-3-thread-1] INFO  com.rs.mv.mvvs.client.catalog.from.config.MappingConfigReader - [client:400207]parse mapping config information
2025-01-30 11:39:51.630 [pool-3-thread-1] INFO  com.rs.mv.mvvs.client.catalog.manager.U2CatalogManager - [client:400202]start a schedule task to get global/local catalog for body-parser, its period 5s 
2025-01-30 11:39:51.630 [pool-3-thread-1] INFO  com.rs.mv.mvvs.client.catalog.manager.U2CatalogManager - [client:400203]cache file auto update thread launch in lib account
2025-01-30 11:39:51.631 [pool-3-thread-1] INFO  com.rs.mv.mvvs.client.catalog.from.config.DirsConfigReader - [client:400206]parse dir config information
2025-01-30 11:39:51.631 [pool-3-thread-1] INFO  com.rs.mv.mvvs.client.catalog.from.config.MappingConfigReader - [client:400207]parse mapping config information
2025-01-30 11:39:51.631 [pool-3-thread-1] INFO  com.rs.mv.mvvs.client.catalog.manager.U2CatalogManager - [client:400202]start a schedule task to get global/local catalog for lib, its period 5s 
2025-01-30 11:39:51.631 [pool-3-thread-1] INFO  com.rs.mv.mvvs.client.catalog.manager.U2CatalogManager - [client:400203]cache file auto update thread launch in function-bind account
2025-01-30 11:39:51.631 [pool-3-thread-1] INFO  com.rs.mv.mvvs.client.catalog.from.config.DirsConfigReader - [client:400206]parse dir config information
2025-01-30 11:39:51.631 [pool-3-thread-1] INFO  com.rs.mv.mvvs.client.catalog.from.config.MappingConfigReader - [client:400207]parse mapping config information
2025-01-30 11:39:51.631 [pool-3-thread-1] INFO  com.rs.mv.mvvs.client.catalog.manager.U2CatalogManager - [client:400202]start a schedule task to get global/local catalog for function-bind, its period 5s 
2025-01-30 11:39:51.631 [pool-3-thread-1] INFO  com.rs.mv.mvvs.client.catalog.manager.U2CatalogManager - [client:400203]cache file auto update thread launch in get-intrinsic account
2025-01-30 11:39:51.632 [pool-3-thread-1] INFO  com.rs.mv.mvvs.client.catalog.from.config.DirsConfigReader - [client:400206]parse dir config information
2025-01-30 11:39:51.632 [pool-3-thread-1] INFO  com.rs.mv.mvvs.client.catalog.from.config.MappingConfigReader - [client:400207]parse mapping config information
2025-01-30 11:39:51.632 [pool-3-thread-1] INFO  com.rs.mv.mvvs.client.catalog.manager.U2CatalogManager - [client:400202]start a schedule task to get global/local catalog for get-intrinsic, its period 5s 
2025-01-30 11:39:51.632 [pool-3-thread-1] INFO  com.rs.mv.mvvs.client.catalog.manager.U2CatalogManager - [client:400203]cache file auto update thread launch in gopd account
2025-01-30 11:39:51.632 [pool-3-thread-1] INFO  com.rs.mv.mvvs.client.catalog.from.config.DirsConfigReader - [client:400206]parse dir config information
2025-01-30 11:39:51.632 [pool-3-thread-1] INFO  com.rs.mv.mvvs.client.catalog.from.config.MappingConfigReader - [client:400207]parse mapping config information
2025-01-30 11:39:51.632 [pool-3-thread-1] INFO  com.rs.mv.mvvs.client.catalog.manager.U2CatalogManager - [client:400202]start a schedule task to get global/local catalog for gopd, its period 5s 
2025-01-30 11:39:51.632 [pool-3-thread-1] INFO  com.rs.mv.mvvs.client.catalog.manager.U2CatalogManager - [client:400203]cache file auto update thread launch in has-property-descriptors account
2025-01-30 11:39:51.632 [pool-3-thread-1] INFO  com.rs.mv.mvvs.client.catalog.from.config.DirsConfigReader - [client:400206]parse dir config information
2025-01-30 11:39:51.633 [pool-3-thread-1] INFO  com.rs.mv.mvvs.client.catalog.from.config.MappingConfigReader - [client:400207]parse mapping config information
2025-01-30 11:39:51.633 [pool-3-thread-1] INFO  com.rs.mv.mvvs.client.catalog.manager.U2CatalogManager - [client:400202]start a schedule task to get global/local catalog for has-property-descriptors, its period 5s 
2025-01-30 11:39:51.633 [pool-3-thread-1] INFO  com.rs.mv.mvvs.client.catalog.manager.U2CatalogManager - [client:400203]cache file auto update thread launch in has-proto account
2025-01-30 11:39:51.633 [pool-3-thread-1] INFO  com.rs.mv.mvvs.client.catalog.from.config.DirsConfigReader - [client:400206]parse dir config information
2025-01-30 11:39:51.633 [pool-3-thread-1] INFO  com.rs.mv.mvvs.client.catalog.from.config.MappingConfigReader - [client:400207]parse mapping config information
2025-01-30 11:39:51.633 [pool-3-thread-1] INFO  com.rs.mv.mvvs.client.catalog.manager.U2CatalogManager - [client:400202]start a schedule task to get global/local catalog for has-proto, its period 5s 
2025-01-30 11:39:51.633 [pool-3-thread-1] INFO  com.rs.mv.mvvs.client.catalog.manager.U2CatalogManager - [client:400203]cache file auto update thread launch in has-symbols account
2025-01-30 11:39:51.633 [pool-3-thread-1] INFO  com.rs.mv.mvvs.client.catalog.from.config.DirsConfigReader - [client:400206]parse dir config information
2025-01-30 11:39:51.633 [pool-3-thread-1] INFO  com.rs.mv.mvvs.client.catalog.from.config.MappingConfigReader - [client:400207]parse mapping config information
2025-01-30 11:39:51.634 [pool-3-thread-1] INFO  com.rs.mv.mvvs.client.catalog.manager.U2CatalogManager - [client:400202]start a schedule task to get global/local catalog for has-symbols, its period 5s 
2025-01-30 11:39:51.634 [pool-3-thread-1] INFO  com.rs.mv.mvvs.client.catalog.manager.U2CatalogManager - [client:400203]cache file auto update thread launch in test account
2025-01-30 11:39:51.634 [pool-3-thread-1] INFO  com.rs.mv.mvvs.client.catalog.from.config.DirsConfigReader - [client:400206]parse dir config information
2025-01-30 11:39:51.634 [pool-3-thread-1] INFO  com.rs.mv.mvvs.client.catalog.from.config.MappingConfigReader - [client:400207]parse mapping config information
2025-01-30 11:39:51.634 [pool-3-thread-1] INFO  com.rs.mv.mvvs.client.catalog.manager.U2CatalogManager - [client:400202]start a schedule task to get global/local catalog for test, its period 5s 
2025-01-30 11:39:51.634 [pool-3-thread-1] INFO  com.rs.mv.mvvs.client.catalog.manager.U2CatalogManager - [client:400203]cache file auto update thread launch in hasown account
2025-01-30 11:39:51.634 [pool-3-thread-1] INFO  com.rs.mv.mvvs.client.catalog.from.config.DirsConfigReader - [client:400206]parse dir config information
2025-01-30 11:39:51.634 [pool-3-thread-1] INFO  com.rs.mv.mvvs.client.catalog.from.config.MappingConfigReader - [client:400207]parse mapping config information
2025-01-30 11:39:51.635 [pool-3-thread-1] INFO  com.rs.mv.mvvs.client.catalog.manager.U2CatalogManager - [client:400202]start a schedule task to get global/local catalog for hasown, its period 5s 
2025-01-30 11:39:51.635 [pool-3-thread-1] INFO  com.rs.mv.mvvs.client.catalog.manager.U2CatalogManager - [client:400203]cache file auto update thread launch in iconv-lite account
2025-01-30 11:39:51.635 [pool-3-thread-1] INFO  com.rs.mv.mvvs.client.catalog.from.config.DirsConfigReader - [client:400206]parse dir config information
2025-01-30 11:39:51.635 [pool-3-thread-1] INFO  com.rs.mv.mvvs.client.catalog.from.config.MappingConfigReader - [client:400207]parse mapping config information
2025-01-30 11:39:51.635 [pool-3-thread-1] INFO  com.rs.mv.mvvs.client.catalog.manager.U2CatalogManager - [client:400202]start a schedule task to get global/local catalog for iconv-lite, its period 5s 
2025-01-30 11:39:51.635 [pool-3-thread-1] INFO  com.rs.mv.mvvs.client.catalog.manager.U2CatalogManager - [client:400203]cache file auto update thread launch in encodings account
2025-01-30 11:39:51.635 [pool-3-thread-1] INFO  com.rs.mv.mvvs.client.catalog.from.config.DirsConfigReader - [client:400206]parse dir config information
2025-01-30 11:39:51.635 [pool-3-thread-1] INFO  com.rs.mv.mvvs.client.catalog.from.config.MappingConfigReader - [client:400207]parse mapping config information
2025-01-30 11:39:51.635 [pool-3-thread-1] INFO  com.rs.mv.mvvs.client.catalog.manager.U2CatalogManager - [client:400202]start a schedule task to get global/local catalog for encodings, its period 5s 
2025-01-30 11:39:51.636 [pool-3-thread-1] INFO  com.rs.mv.mvvs.client.catalog.manager.U2CatalogManager - [client:400203]cache file auto update thread launch in ipaddr.js account
2025-01-30 11:39:51.636 [pool-3-thread-1] INFO  com.rs.mv.mvvs.client.catalog.from.config.DirsConfigReader - [client:400206]parse dir config information
2025-01-30 11:39:51.636 [pool-3-thread-1] INFO  com.rs.mv.mvvs.client.catalog.from.config.MappingConfigReader - [client:400207]parse mapping config information
2025-01-30 11:39:51.636 [pool-3-thread-1] INFO  com.rs.mv.mvvs.client.catalog.manager.U2CatalogManager - [client:400202]start a schedule task to get global/local catalog for ipaddr.js, its period 5s 
2025-01-30 11:39:51.636 [pool-3-thread-1] INFO  com.rs.mv.mvvs.client.catalog.manager.U2CatalogManager - [client:400203]cache file auto update thread launch in long account
2025-01-30 11:39:51.636 [pool-3-thread-1] INFO  com.rs.mv.mvvs.client.catalog.from.config.DirsConfigReader - [client:400206]parse dir config information
2025-01-30 11:39:51.636 [pool-3-thread-1] INFO  com.rs.mv.mvvs.client.catalog.from.config.MappingConfigReader - [client:400207]parse mapping config information
2025-01-30 11:39:51.636 [pool-3-thread-1] INFO  com.rs.mv.mvvs.client.catalog.manager.U2CatalogManager - [client:400202]start a schedule task to get global/local catalog for long, its period 5s 
2025-01-30 11:39:51.637 [pool-3-thread-1] INFO  com.rs.mv.mvvs.client.catalog.manager.U2CatalogManager - [client:400203]cache file auto update thread launch in lru-cache account
2025-01-30 11:39:51.637 [pool-3-thread-1] INFO  com.rs.mv.mvvs.client.catalog.from.config.DirsConfigReader - [client:400206]parse dir config information
2025-01-30 11:39:51.637 [pool-3-thread-1] INFO  com.rs.mv.mvvs.client.catalog.from.config.MappingConfigReader - [client:400207]parse mapping config information
2025-01-30 11:39:51.637 [pool-3-thread-1] INFO  com.rs.mv.mvvs.client.catalog.manager.U2CatalogManager - [client:400202]start a schedule task to get global/local catalog for lru-cache, its period 5s 
2025-01-30 11:39:51.637 [pool-3-thread-1] INFO  com.rs.mv.mvvs.client.catalog.manager.U2CatalogManager - [client:400203]cache file auto update thread launch in dist account
2025-01-30 11:39:51.637 [pool-3-thread-1] INFO  com.rs.mv.mvvs.client.catalog.from.config.DirsConfigReader - [client:400206]parse dir config information
2025-01-30 11:39:51.637 [pool-3-thread-1] INFO  com.rs.mv.mvvs.client.catalog.from.config.MappingConfigReader - [client:400207]parse mapping config information
2025-01-30 11:39:51.637 [pool-3-thread-1] INFO  com.rs.mv.mvvs.client.catalog.manager.U2CatalogManager - [client:400202]start a schedule task to get global/local catalog for dist, its period 5s 
2025-01-30 11:39:51.637 [pool-3-thread-1] INFO  com.rs.mv.mvvs.client.catalog.manager.U2CatalogManager - [client:400203]cache file auto update thread launch in mime account
2025-01-30 11:39:51.637 [pool-3-thread-1] INFO  com.rs.mv.mvvs.client.catalog.from.config.DirsConfigReader - [client:400206]parse dir config information
2025-01-30 11:39:51.637 [pool-3-thread-1] INFO  com.rs.mv.mvvs.client.catalog.from.config.MappingConfigReader - [client:400207]parse mapping config information
2025-01-30 11:39:51.637 [pool-3-thread-1] INFO  com.rs.mv.mvvs.client.catalog.manager.U2CatalogManager - [client:400202]start a schedule task to get global/local catalog for mime, its period 5s 
2025-01-30 11:39:51.637 [pool-3-thread-1] INFO  com.rs.mv.mvvs.client.catalog.manager.U2CatalogManager - [client:400203]cache file auto update thread launch in mysql account
2025-01-30 11:39:51.637 [pool-3-thread-1] INFO  com.rs.mv.mvvs.client.catalog.from.config.DirsConfigReader - [client:400206]parse dir config information
2025-01-30 11:39:51.639 [pool-3-thread-1] INFO  com.rs.mv.mvvs.client.catalog.from.config.MappingConfigReader - [client:400207]parse mapping config information
2025-01-30 11:39:51.639 [pool-3-thread-1] INFO  com.rs.mv.mvvs.client.catalog.manager.U2CatalogManager - [client:400202]start a schedule task to get global/local catalog for mysql, its period 5s 
2025-01-30 11:39:51.639 [pool-3-thread-1] INFO  com.rs.mv.mvvs.client.catalog.manager.U2CatalogManager - [client:400203]cache file auto update thread launch in lib account
2025-01-30 11:39:51.639 [pool-3-thread-1] INFO  com.rs.mv.mvvs.client.catalog.from.config.DirsConfigReader - [client:400206]parse dir config information
2025-01-30 11:39:51.639 [pool-3-thread-1] INFO  com.rs.mv.mvvs.client.catalog.from.config.MappingConfigReader - [client:400207]parse mapping config information
2025-01-30 11:39:51.639 [pool-3-thread-1] INFO  com.rs.mv.mvvs.client.catalog.manager.U2CatalogManager - [client:400202]start a schedule task to get global/local catalog for lib, its period 5s 
2025-01-30 11:39:51.639 [pool-3-thread-1] INFO  com.rs.mv.mvvs.client.catalog.manager.U2CatalogManager - [client:400203]cache file auto update thread launch in protocol account
2025-01-30 11:39:51.639 [pool-3-thread-1] INFO  com.rs.mv.mvvs.client.catalog.from.config.DirsConfigReader - [client:400206]parse dir config information
2025-01-30 11:39:51.639 [pool-3-thread-1] INFO  com.rs.mv.mvvs.client.catalog.from.config.MappingConfigReader - [client:400207]parse mapping config information
2025-01-30 11:39:51.640 [pool-3-thread-1] INFO  com.rs.mv.mvvs.client.catalog.manager.U2CatalogManager - [client:400202]start a schedule task to get global/local catalog for protocol, its period 5s 
2025-01-30 11:39:51.640 [pool-3-thread-1] INFO  com.rs.mv.mvvs.client.catalog.manager.U2CatalogManager - [client:400203]cache file auto update thread launch in mysql2 account
2025-01-30 11:39:51.640 [pool-3-thread-1] INFO  com.rs.mv.mvvs.client.catalog.from.config.DirsConfigReader - [client:400206]parse dir config information
2025-01-30 11:39:51.640 [pool-3-thread-1] INFO  com.rs.mv.mvvs.client.catalog.from.config.MappingConfigReader - [client:400207]parse mapping config information
2025-01-30 11:39:51.640 [pool-3-thread-1] INFO  com.rs.mv.mvvs.client.catalog.manager.U2CatalogManager - [client:400202]start a schedule task to get global/local catalog for mysql2, its period 5s 
2025-01-30 11:39:51.640 [pool-3-thread-1] INFO  com.rs.mv.mvvs.client.catalog.manager.U2CatalogManager - [client:400203]cache file auto update thread launch in lib account
2025-01-30 11:39:51.640 [pool-3-thread-1] INFO  com.rs.mv.mvvs.client.catalog.from.config.DirsConfigReader - [client:400206]parse dir config information
2025-01-30 11:39:51.640 [pool-3-thread-1] INFO  com.rs.mv.mvvs.client.catalog.from.config.MappingConfigReader - [client:400207]parse mapping config information
2025-01-30 11:39:51.641 [pool-3-thread-1] INFO  com.rs.mv.mvvs.client.catalog.manager.U2CatalogManager - [client:400202]start a schedule task to get global/local catalog for lib, its period 5s 
2025-01-30 11:39:51.641 [pool-3-thread-1] INFO  com.rs.mv.mvvs.client.catalog.manager.U2CatalogManager - [client:400203]cache file auto update thread launch in node_modules account
2025-01-30 11:39:51.641 [pool-3-thread-1] INFO  com.rs.mv.mvvs.client.catalog.from.config.DirsConfigReader - [client:400206]parse dir config information
2025-01-30 11:39:51.641 [pool-3-thread-1] INFO  com.rs.mv.mvvs.client.catalog.from.config.MappingConfigReader - [client:400207]parse mapping config information
2025-01-30 11:39:51.641 [pool-3-thread-1] INFO  com.rs.mv.mvvs.client.catalog.manager.U2CatalogManager - [client:400202]start a schedule task to get global/local catalog for node_modules, its period 5s 
2025-01-30 11:39:51.641 [pool-3-thread-1] INFO  com.rs.mv.mvvs.client.catalog.manager.U2CatalogManager - [client:400203]cache file auto update thread launch in iconv-lite account
2025-01-30 11:39:51.641 [pool-3-thread-1] INFO  com.rs.mv.mvvs.client.catalog.from.config.DirsConfigReader - [client:400206]parse dir config information
2025-01-30 11:39:51.641 [pool-3-thread-1] INFO  com.rs.mv.mvvs.client.catalog.from.config.MappingConfigReader - [client:400207]parse mapping config information
2025-01-30 11:39:51.641 [pool-3-thread-1] INFO  com.rs.mv.mvvs.client.catalog.manager.U2CatalogManager - [client:400202]start a schedule task to get global/local catalog for iconv-lite, its period 5s 
2025-01-30 11:39:51.642 [pool-3-thread-1] INFO  com.rs.mv.mvvs.client.catalog.manager.U2CatalogManager - [client:400203]cache file auto update thread launch in .idea account
2025-01-30 11:39:51.642 [pool-3-thread-1] INFO  com.rs.mv.mvvs.client.catalog.from.config.DirsConfigReader - [client:400206]parse dir config information
2025-01-30 11:39:51.642 [pool-3-thread-1] INFO  com.rs.mv.mvvs.client.catalog.from.config.MappingConfigReader - [client:400207]parse mapping config information
2025-01-30 11:39:51.642 [pool-3-thread-1] INFO  com.rs.mv.mvvs.client.catalog.manager.U2CatalogManager - [client:400202]start a schedule task to get global/local catalog for .idea, its period 5s 
2025-01-30 11:39:51.642 [pool-3-thread-1] INFO  com.rs.mv.mvvs.client.catalog.manager.U2CatalogManager - [client:400203]cache file auto update thread launch in encodings account
2025-01-30 11:39:51.642 [pool-3-thread-1] INFO  com.rs.mv.mvvs.client.catalog.from.config.DirsConfigReader - [client:400206]parse dir config information
2025-01-30 11:39:51.642 [pool-3-thread-1] INFO  com.rs.mv.mvvs.client.catalog.from.config.MappingConfigReader - [client:400207]parse mapping config information
2025-01-30 11:39:51.642 [pool-3-thread-1] INFO  com.rs.mv.mvvs.client.catalog.manager.U2CatalogManager - [client:400202]start a schedule task to get global/local catalog for encodings, its period 5s 
2025-01-30 11:39:51.642 [pool-3-thread-1] INFO  com.rs.mv.mvvs.client.catalog.manager.U2CatalogManager - [client:400203]cache file auto update thread launch in sqlstring account
2025-01-30 11:39:51.642 [pool-3-thread-1] INFO  com.rs.mv.mvvs.client.catalog.from.config.DirsConfigReader - [client:400206]parse dir config information
2025-01-30 11:39:51.642 [pool-3-thread-1] INFO  com.rs.mv.mvvs.client.catalog.from.config.MappingConfigReader - [client:400207]parse mapping config information
2025-01-30 11:39:51.642 [pool-3-thread-1] INFO  com.rs.mv.mvvs.client.catalog.manager.U2CatalogManager - [client:400202]start a schedule task to get global/local catalog for sqlstring, its period 5s 
2025-01-30 11:39:51.643 [pool-3-thread-1] INFO  com.rs.mv.mvvs.client.catalog.manager.U2CatalogManager - [client:400203]cache file auto update thread launch in typings account
2025-01-30 11:39:51.643 [pool-3-thread-1] INFO  com.rs.mv.mvvs.client.catalog.from.config.DirsConfigReader - [client:400206]parse dir config information
2025-01-30 11:39:51.643 [pool-3-thread-1] INFO  com.rs.mv.mvvs.client.catalog.from.config.MappingConfigReader - [client:400207]parse mapping config information
2025-01-30 11:39:51.643 [pool-3-thread-1] INFO  com.rs.mv.mvvs.client.catalog.manager.U2CatalogManager - [client:400202]start a schedule task to get global/local catalog for typings, its period 5s 
2025-01-30 11:39:51.643 [pool-3-thread-1] INFO  com.rs.mv.mvvs.client.catalog.manager.U2CatalogManager - [client:400203]cache file auto update thread launch in mysql account
2025-01-30 11:39:51.643 [pool-3-thread-1] INFO  com.rs.mv.mvvs.client.catalog.from.config.DirsConfigReader - [client:400206]parse dir config information
2025-01-30 11:39:51.643 [pool-3-thread-1] INFO  com.rs.mv.mvvs.client.catalog.from.config.MappingConfigReader - [client:400207]parse mapping config information
2025-01-30 11:39:51.643 [pool-3-thread-1] INFO  com.rs.mv.mvvs.client.catalog.manager.U2CatalogManager - [client:400202]start a schedule task to get global/local catalog for mysql, its period 5s 
2025-01-30 11:39:51.644 [pool-3-thread-1] INFO  com.rs.mv.mvvs.client.catalog.manager.U2CatalogManager - [client:400203]cache file auto update thread launch in lib account
2025-01-30 11:39:51.644 [pool-3-thread-1] INFO  com.rs.mv.mvvs.client.catalog.from.config.DirsConfigReader - [client:400206]parse dir config information
2025-01-30 11:39:51.644 [pool-3-thread-1] INFO  com.rs.mv.mvvs.client.catalog.from.config.MappingConfigReader - [client:400207]parse mapping config information
2025-01-30 11:39:51.644 [pool-3-thread-1] INFO  com.rs.mv.mvvs.client.catalog.manager.U2CatalogManager - [client:400202]start a schedule task to get global/local catalog for lib, its period 5s 
2025-01-30 11:39:51.644 [pool-3-thread-1] INFO  com.rs.mv.mvvs.client.catalog.manager.U2CatalogManager - [client:400203]cache file auto update thread launch in protocol account
2025-01-30 11:39:51.644 [pool-3-thread-1] INFO  com.rs.mv.mvvs.client.catalog.from.config.DirsConfigReader - [client:400206]parse dir config information
2025-01-30 11:39:51.644 [pool-3-thread-1] INFO  com.rs.mv.mvvs.client.catalog.from.config.MappingConfigReader - [client:400207]parse mapping config information
2025-01-30 11:39:51.645 [pool-3-thread-1] INFO  com.rs.mv.mvvs.client.catalog.manager.U2CatalogManager - [client:400202]start a schedule task to get global/local catalog for protocol, its period 5s 
2025-01-30 11:39:51.645 [pool-3-thread-1] INFO  com.rs.mv.mvvs.client.catalog.manager.U2CatalogManager - [client:400203]cache file auto update thread launch in packets account
2025-01-30 11:39:51.645 [pool-3-thread-1] INFO  com.rs.mv.mvvs.client.catalog.from.config.DirsConfigReader - [client:400206]parse dir config information
2025-01-30 11:39:51.645 [pool-3-thread-1] INFO  com.rs.mv.mvvs.client.catalog.from.config.MappingConfigReader - [client:400207]parse mapping config information
2025-01-30 11:39:51.645 [pool-3-thread-1] INFO  com.rs.mv.mvvs.client.catalog.manager.U2CatalogManager - [client:400202]start a schedule task to get global/local catalog for packets, its period 5s 
2025-01-30 11:39:51.645 [pool-3-thread-1] INFO  com.rs.mv.mvvs.client.catalog.manager.U2CatalogManager - [client:400203]cache file auto update thread launch in sequences account
2025-01-30 11:39:51.645 [pool-3-thread-1] INFO  com.rs.mv.mvvs.client.catalog.from.config.DirsConfigReader - [client:400206]parse dir config information
2025-01-30 11:39:51.645 [pool-3-thread-1] INFO  com.rs.mv.mvvs.client.catalog.from.config.MappingConfigReader - [client:400207]parse mapping config information
2025-01-30 11:39:51.646 [pool-3-thread-1] INFO  com.rs.mv.mvvs.client.catalog.manager.U2CatalogManager - [client:400202]start a schedule task to get global/local catalog for sequences, its period 5s 
2025-01-30 11:39:51.646 [pool-3-thread-1] INFO  com.rs.mv.mvvs.client.catalog.manager.U2CatalogManager - [client:400203]cache file auto update thread launch in named-placeholders account
2025-01-30 11:39:51.646 [pool-3-thread-1] INFO  com.rs.mv.mvvs.client.catalog.from.config.DirsConfigReader - [client:400206]parse dir config information
2025-01-30 11:39:51.646 [pool-3-thread-1] INFO  com.rs.mv.mvvs.client.catalog.from.config.MappingConfigReader - [client:400207]parse mapping config information
2025-01-30 11:39:51.646 [pool-3-thread-1] INFO  com.rs.mv.mvvs.client.catalog.manager.U2CatalogManager - [client:400202]start a schedule task to get global/local catalog for named-placeholders, its period 5s 
2025-01-30 11:39:51.646 [pool-3-thread-1] INFO  com.rs.mv.mvvs.client.catalog.manager.U2CatalogManager - [client:400203]cache file auto update thread launch in node_modules account
2025-01-30 11:39:51.646 [pool-3-thread-1] INFO  com.rs.mv.mvvs.client.catalog.from.config.DirsConfigReader - [client:400206]parse dir config information
2025-01-30 11:39:51.647 [pool-3-thread-1] INFO  com.rs.mv.mvvs.client.catalog.from.config.MappingConfigReader - [client:400207]parse mapping config information
2025-01-30 11:39:51.647 [pool-3-thread-1] INFO  com.rs.mv.mvvs.client.catalog.manager.U2CatalogManager - [client:400202]start a schedule task to get global/local catalog for node_modules, its period 5s 
2025-01-30 11:39:51.647 [pool-3-thread-1] INFO  com.rs.mv.mvvs.client.catalog.manager.U2CatalogManager - [client:400203]cache file auto update thread launch in negotiator account
2025-01-30 11:39:51.647 [pool-3-thread-1] INFO  com.rs.mv.mvvs.client.catalog.from.config.DirsConfigReader - [client:400206]parse dir config information
2025-01-30 11:39:51.647 [pool-3-thread-1] INFO  com.rs.mv.mvvs.client.catalog.from.config.MappingConfigReader - [client:400207]parse mapping config information
2025-01-30 11:39:51.647 [pool-3-thread-1] INFO  com.rs.mv.mvvs.client.catalog.manager.U2CatalogManager - [client:400202]start a schedule task to get global/local catalog for negotiator, its period 5s 
2025-01-30 11:39:51.647 [pool-3-thread-1] INFO  com.rs.mv.mvvs.client.catalog.manager.U2CatalogManager - [client:400203]cache file auto update thread launch in object-inspect account
2025-01-30 11:39:51.647 [pool-3-thread-1] INFO  com.rs.mv.mvvs.client.catalog.from.config.DirsConfigReader - [client:400206]parse dir config information
2025-01-30 11:39:51.648 [pool-3-thread-1] INFO  com.rs.mv.mvvs.client.catalog.from.config.MappingConfigReader - [client:400207]parse mapping config information
2025-01-30 11:39:51.648 [pool-3-thread-1] INFO  com.rs.mv.mvvs.client.catalog.manager.U2CatalogManager - [client:400202]start a schedule task to get global/local catalog for object-inspect, its period 5s 
2025-01-30 11:39:51.651 [pool-3-thread-1] INFO  com.rs.mv.mvvs.client.catalog.manager.U2CatalogManager - [client:400203]cache file auto update thread launch in test account
2025-01-30 11:39:51.651 [pool-3-thread-1] INFO  com.rs.mv.mvvs.client.catalog.from.config.DirsConfigReader - [client:400206]parse dir config information
2025-01-30 11:39:51.651 [pool-3-thread-1] INFO  com.rs.mv.mvvs.client.catalog.from.config.MappingConfigReader - [client:400207]parse mapping config information
2025-01-30 11:39:51.651 [pool-3-thread-1] INFO  com.rs.mv.mvvs.client.catalog.manager.U2CatalogManager - [client:400202]start a schedule task to get global/local catalog for test, its period 5s 
2025-01-30 11:39:51.651 [pool-3-thread-1] INFO  com.rs.mv.mvvs.client.catalog.manager.U2CatalogManager - [client:400203]cache file auto update thread launch in qs account
2025-01-30 11:39:51.651 [pool-3-thread-1] INFO  com.rs.mv.mvvs.client.catalog.from.config.DirsConfigReader - [client:400206]parse dir config information
2025-01-30 11:39:51.651 [pool-3-thread-1] INFO  com.rs.mv.mvvs.client.catalog.from.config.MappingConfigReader - [client:400207]parse mapping config information
2025-01-30 11:39:51.651 [pool-3-thread-1] INFO  com.rs.mv.mvvs.client.catalog.manager.U2CatalogManager - [client:400202]start a schedule task to get global/local catalog for qs, its period 5s 
2025-01-30 11:39:51.652 [pool-3-thread-1] INFO  com.rs.mv.mvvs.client.catalog.manager.U2CatalogManager - [client:400203]cache file auto update thread launch in readable-stream account
2025-01-30 11:39:51.652 [pool-3-thread-1] INFO  com.rs.mv.mvvs.client.catalog.from.config.DirsConfigReader - [client:400206]parse dir config information
2025-01-30 11:39:51.652 [pool-3-thread-1] INFO  com.rs.mv.mvvs.client.catalog.from.config.MappingConfigReader - [client:400207]parse mapping config information
2025-01-30 11:39:51.652 [pool-3-thread-1] INFO  com.rs.mv.mvvs.client.catalog.manager.U2CatalogManager - [client:400202]start a schedule task to get global/local catalog for readable-stream, its period 5s 
2025-01-30 11:39:51.652 [pool-3-thread-1] INFO  com.rs.mv.mvvs.client.catalog.manager.U2CatalogManager - [client:400203]cache file auto update thread launch in doc account
2025-01-30 11:39:51.652 [pool-3-thread-1] INFO  com.rs.mv.mvvs.client.catalog.from.config.DirsConfigReader - [client:400206]parse dir config information
2025-01-30 11:39:51.652 [pool-3-thread-1] INFO  com.rs.mv.mvvs.client.catalog.from.config.MappingConfigReader - [client:400207]parse mapping config information
2025-01-30 11:39:51.653 [pool-3-thread-1] INFO  com.rs.mv.mvvs.client.catalog.manager.U2CatalogManager - [client:400202]start a schedule task to get global/local catalog for doc, its period 5s 
2025-01-30 11:39:51.653 [pool-3-thread-1] INFO  com.rs.mv.mvvs.client.catalog.manager.U2CatalogManager - [client:400203]cache file auto update thread launch in lib account
2025-01-30 11:39:51.653 [pool-3-thread-1] INFO  com.rs.mv.mvvs.client.catalog.from.config.DirsConfigReader - [client:400206]parse dir config information
2025-01-30 11:39:51.653 [pool-3-thread-1] INFO  com.rs.mv.mvvs.client.catalog.from.config.MappingConfigReader - [client:400207]parse mapping config information
2025-01-30 11:39:51.653 [pool-3-thread-1] INFO  com.rs.mv.mvvs.client.catalog.manager.U2CatalogManager - [client:400202]start a schedule task to get global/local catalog for lib, its period 5s 
2025-01-30 11:39:51.653 [pool-3-thread-1] INFO  com.rs.mv.mvvs.client.catalog.manager.U2CatalogManager - [client:400203]cache file auto update thread launch in internal account
2025-01-30 11:39:51.653 [pool-3-thread-1] INFO  com.rs.mv.mvvs.client.catalog.from.config.DirsConfigReader - [client:400206]parse dir config information
2025-01-30 11:39:51.654 [pool-3-thread-1] INFO  com.rs.mv.mvvs.client.catalog.from.config.MappingConfigReader - [client:400207]parse mapping config information
2025-01-30 11:39:51.654 [pool-3-thread-1] INFO  com.rs.mv.mvvs.client.catalog.manager.U2CatalogManager - [client:400202]start a schedule task to get global/local catalog for internal, its period 5s 
2025-01-30 11:39:51.654 [pool-3-thread-1] INFO  com.rs.mv.mvvs.client.catalog.manager.U2CatalogManager - [client:400203]cache file auto update thread launch in send account
2025-01-30 11:39:51.654 [pool-3-thread-1] INFO  com.rs.mv.mvvs.client.catalog.from.config.DirsConfigReader - [client:400206]parse dir config information
2025-01-30 11:39:51.655 [pool-3-thread-1] INFO  com.rs.mv.mvvs.client.catalog.from.config.MappingConfigReader - [client:400207]parse mapping config information
2025-01-30 11:39:51.655 [pool-3-thread-1] INFO  com.rs.mv.mvvs.client.catalog.manager.U2CatalogManager - [client:400202]start a schedule task to get global/local catalog for send, its period 5s 
2025-01-30 11:39:51.655 [pool-3-thread-1] INFO  com.rs.mv.mvvs.client.catalog.manager.U2CatalogManager - [client:400203]cache file auto update thread launch in node_modules account
2025-01-30 11:39:51.655 [pool-3-thread-1] INFO  com.rs.mv.mvvs.client.catalog.from.config.DirsConfigReader - [client:400206]parse dir config information
2025-01-30 11:39:51.655 [pool-3-thread-1] INFO  com.rs.mv.mvvs.client.catalog.from.config.MappingConfigReader - [client:400207]parse mapping config information
2025-01-30 11:39:51.655 [pool-3-thread-1] INFO  com.rs.mv.mvvs.client.catalog.manager.U2CatalogManager - [client:400202]start a schedule task to get global/local catalog for node_modules, its period 5s 
2025-01-30 11:39:51.656 [pool-3-thread-1] INFO  com.rs.mv.mvvs.client.catalog.manager.U2CatalogManager - [client:400203]cache file auto update thread launch in seq-queue account
2025-01-30 11:39:51.656 [pool-3-thread-1] INFO  com.rs.mv.mvvs.client.catalog.from.config.DirsConfigReader - [client:400206]parse dir config information
2025-01-30 11:39:51.656 [pool-3-thread-1] INFO  com.rs.mv.mvvs.client.catalog.from.config.MappingConfigReader - [client:400207]parse mapping config information
2025-01-30 11:39:51.656 [pool-3-thread-1] INFO  com.rs.mv.mvvs.client.catalog.manager.U2CatalogManager - [client:400202]start a schedule task to get global/local catalog for seq-queue, its period 5s 
2025-01-30 11:39:51.656 [pool-3-thread-1] INFO  com.rs.mv.mvvs.client.catalog.manager.U2CatalogManager - [client:400203]cache file auto update thread launch in set-function-length account
2025-01-30 11:39:51.656 [pool-3-thread-1] INFO  com.rs.mv.mvvs.client.catalog.from.config.DirsConfigReader - [client:400206]parse dir config information
2025-01-30 11:39:51.656 [pool-3-thread-1] INFO  com.rs.mv.mvvs.client.catalog.from.config.MappingConfigReader - [client:400207]parse mapping config information
2025-01-30 11:39:51.656 [pool-3-thread-1] INFO  com.rs.mv.mvvs.client.catalog.manager.U2CatalogManager - [client:400202]start a schedule task to get global/local catalog for set-function-length, its period 5s 
2025-01-30 11:39:51.657 [pool-3-thread-1] INFO  com.rs.mv.mvvs.client.catalog.manager.U2CatalogManager - [client:400203]cache file auto update thread launch in setprototypeof account
2025-01-30 11:39:51.657 [pool-3-thread-1] INFO  com.rs.mv.mvvs.client.catalog.from.config.DirsConfigReader - [client:400206]parse dir config information
2025-01-30 11:39:51.657 [pool-3-thread-1] INFO  com.rs.mv.mvvs.client.catalog.from.config.MappingConfigReader - [client:400207]parse mapping config information
2025-01-30 11:39:51.657 [pool-3-thread-1] INFO  com.rs.mv.mvvs.client.catalog.manager.U2CatalogManager - [client:400202]start a schedule task to get global/local catalog for setprototypeof, its period 5s 
2025-01-30 11:39:51.657 [pool-3-thread-1] INFO  com.rs.mv.mvvs.client.catalog.manager.U2CatalogManager - [client:400203]cache file auto update thread launch in side-channel account
2025-01-30 11:39:51.657 [pool-3-thread-1] INFO  com.rs.mv.mvvs.client.catalog.from.config.DirsConfigReader - [client:400206]parse dir config information
2025-01-30 11:39:51.658 [pool-3-thread-1] INFO  com.rs.mv.mvvs.client.catalog.from.config.MappingConfigReader - [client:400207]parse mapping config information
2025-01-30 11:39:51.658 [pool-3-thread-1] INFO  com.rs.mv.mvvs.client.catalog.manager.U2CatalogManager - [client:400202]start a schedule task to get global/local catalog for side-channel, its period 5s 
2025-01-30 11:39:51.658 [pool-3-thread-1] INFO  com.rs.mv.mvvs.client.catalog.manager.U2CatalogManager - [client:400203]cache file auto update thread launch in sqlstring account
2025-01-30 11:39:51.658 [pool-3-thread-1] INFO  com.rs.mv.mvvs.client.catalog.from.config.DirsConfigReader - [client:400206]parse dir config information
2025-01-30 11:39:51.658 [pool-3-thread-1] INFO  com.rs.mv.mvvs.client.catalog.from.config.MappingConfigReader - [client:400207]parse mapping config information
2025-01-30 11:39:51.658 [pool-3-thread-1] INFO  com.rs.mv.mvvs.client.catalog.manager.U2CatalogManager - [client:400202]start a schedule task to get global/local catalog for sqlstring, its period 5s 
2025-01-30 11:39:51.659 [pool-3-thread-1] INFO  com.rs.mv.mvvs.client.catalog.manager.U2CatalogManager - [client:400203]cache file auto update thread launch in string_decoder account
2025-01-30 11:39:51.659 [pool-3-thread-1] INFO  com.rs.mv.mvvs.client.catalog.from.config.DirsConfigReader - [client:400206]parse dir config information
2025-01-30 11:39:51.659 [pool-3-thread-1] INFO  com.rs.mv.mvvs.client.catalog.from.config.MappingConfigReader - [client:400207]parse mapping config information
2025-01-30 11:39:51.659 [pool-3-thread-1] INFO  com.rs.mv.mvvs.client.catalog.manager.U2CatalogManager - [client:400202]start a schedule task to get global/local catalog for string_decoder, its period 5s 
2025-01-30 11:39:51.662 [pool-3-thread-1] INFO  com.rs.mv.mvvs.rmv.documentation.BasicDocumentation - [framework:30020101]documentation load start
2025-01-30 11:39:51.662 [pool-3-thread-1] INFO  com.rs.mv.mvvs.rmv.documentation.reader.SystemDocReader - [framework:30020102]system documentation path: /documentation/UNIVERSE/
2025-01-30 11:39:51.662 [pool-3-thread-1] INFO  com.rs.mv.mvvs.rmv.documentation.reader.ProjectDocReader - [framework:30020103]project documentation brief file: custom.json
2025-01-30 11:39:51.662 [pool-3-thread-1] INFO  com.rs.mv.mvvs.rmv.documentation.reader.UserDocReader - [framework:30020104]user documentation brief file: C:\Users\alexa\documentation\UNIVERSE\custom.json
2025-01-30 11:39:51.670 [pool-3-thread-1] INFO  com.rs.mv.mvvs.rmv.documentation.BasicDocumentation - [framework:30020105]documentation load end
2025-01-30 11:39:51.672 [pool-3-thread-1] INFO  com.rs.mv.mvvs.common.convertor.ConvertorManager - [framework:30030101]convertors for folder(*) load start
2025-01-30 11:39:51.672 [pool-3-thread-1] INFO  com.rs.mv.mvvs.common.convertor.ConvertorManager - [framework:30030102]comment convertor load finish
2025-01-30 11:39:51.675 [pool-3-thread-1] INFO  com.rs.mv.mvvs.common.convertor.ConvertorManager - [framework:30030103]keyword convertor load finish
2025-01-30 11:39:51.677 [pool-3-thread-1] INFO  com.rs.mv.mvvs.common.convertor.ConvertorManager - [framework:30030104]operator convertor load finish
2025-01-30 11:39:51.677 [pool-3-thread-1] INFO  com.rs.mv.mvvs.common.convertor.ConvertorManager - [framework:30030105]function name convertor load finish
2025-01-30 11:39:51.678 [pool-3-thread-1] INFO  com.rs.mv.mvvs.common.convertor.ConvertorManager - [framework:30030106]atVariable convertor load finish
2025-01-30 11:39:51.678 [pool-3-thread-1] INFO  com.rs.mv.mvvs.common.convertor.ConvertorManager - [framework:30030107]convertors for folder(*) load end
2025-01-30 11:39:51.678 [pool-3-thread-1] INFO  com.rs.mv.mvvs.client.catalog.manager.U2CatalogManager - [client:400203]cache file auto update thread launch in ... account
2025-01-30 11:39:51.679 [pool-3-thread-1] INFO  com.rs.mv.mvvs.client.catalog.from.config.DirsConfigReader - [client:400206]parse dir config information
2025-01-30 11:39:51.679 [pool-3-thread-1] INFO  com.rs.mv.mvvs.client.catalog.from.config.MappingConfigReader - [client:400207]parse mapping config information
2025-01-30 11:39:51.679 [pool-3-thread-1] INFO  com.rs.mv.mvvs.client.catalog.manager.U2CatalogManager - [client:400202]start a schedule task to get global/local catalog for ..., its period 5s 
2025-01-30 11:39:51.682 [pool-3-thread-1] INFO  com.rs.mv.mvvs.client.account.handler.ServerAccountHandler - [client:40010104]load server account: Account{name=test, path=D:/Projet-Github/nodejs-formation/D.Cookies-Authentification/07.Exercice-Chat en ligne/node_modules/has-symbols/test, type=PREDICT}
Account{name=lib, path=D:/Projet-Github/nodejs-formation/H.BDD/03.Crud/node_modules/aws-ssl-profiles/lib, type=PREDICT}
Account{name=internal, path=D:/Projet-Github/nodejs-formation/I.TP-LivreApp/node_modules/readable-stream/lib/internal, type=PREDICT}
Account{name=lib, path=D:/Projet-Github/nodejs-formation/D.Cookies-Authentification/07.Exercice-Chat en ligne/node_modules/body-parser/lib, type=PREDICT}
Account{name=test, path=D:/Projet-Github/nodejs-formation/D.Cookies-Authentification/02.Exercice-Gestionnaire de cookies/node_modules/object-inspect/test, type=PREDICT}
Account{name=amd, path=D:/Projet-Github/nodejs-formation/C.Serveur-Routing/04.HTML-Template/node_modules/handlebars/dist/amd, type=PREDICT}
Account{name=express, path=D:/Projet-Github/nodejs-formation/H.BDD/03.Crud/node_modules/express, type=PREDICT}
Account{name=depd, path=D:/Projet-Github/nodejs-formation/D.Cookies-Authentification/06.Exercice - Application de votes/node_modules/depd, type=PREDICT}
Account{name=dist, path=D:/Projet-Github/nodejs-formation/F.Npm/01.Commandes/node_modules/bootstrap/js/dist, type=PREDICT}
Account{name=packets, path=D:/Projet-Github/nodejs-formation/I.TP-LivreApp/node_modules/mysql2/typings/mysql/lib/protocol/packets, type=PREDICT}
Account{name=node_modules, path=D:/Projet-Github/nodejs-formation/H.BDD/05.Ecriture et execution tests unitaires/node_modules, type=PREDICT}
Account{name=debug, path=D:/Projet-Github/nodejs-formation/D.Cookies-Authentification/01.Les cookies/node_modules/debug, type=PREDICT}
Account{name=auth, path=D:/Projet-Github/nodejs-formation/H.BDD/01.Connexion-BDD-Mongo DB/node_modules/mongodb/src/cmap/auth, type=PREDICT}
Account{name=side-channel-map, path=D:/Projet-Github/nodejs-formation/H.BDD/03.Crud/node_modules/side-channel-map, type=PREDICT}
Account{name=get-intrinsic, path=D:/Projet-Github/nodejs-formation/I.TP-LivreApp/node_modules/get-intrinsic, type=PREDICT}
Account{name=04-Websockets, path=D:/Projet-Github/nodejs-formation/D.Cookies-Authentification/04-Websockets, type=PREDICT}
Account{name=es-errors, path=D:/Projet-Github/nodejs-formation/C.Serveur-Routing/05.Serveur-Express/node_modules/es-errors, type=PREDICT}
Account{name=src, path=D:/Projet-Github/nodejs-formation/H.BDD/01.Connexion-BDD-Mongo DB/node_modules/mongodb/src, type=PREDICT}
Account{name=encodings, path=D:/Projet-Github/nodejs-formation/B.Modules-Internes/05.Character-Set-Encoding/node_modules/iconv-lite/encodings, type=PREDICT}
Account{name=node_modules, path=D:/Projet-Github/nodejs-formation/C.Serveur-Routing/07.Routing/node_modules/send/node_modules, type=PREDICT}
Account{name=..., path=..., type=PREDICT}
2025-01-30 11:39:51.682 [pool-3-thread-1] INFO  com.rs.mv.mvvs.client.account.AccountManager - [client:40010105]load account manager finish
2025-01-30 11:39:51.683 [pool-3-thread-1] INFO  com.rs.mv.mvvs.instance.userspace.UserspaceManager - [framework:30010402]config file(C:\Users\alexa/.rmv/config) watcher launch successful
2025-01-30 11:41:37.135 [pool-3-thread-1] INFO  com.rs.mv.mvvs.client.catalog.from.scan.CurrentPathScanner - [client:400205]scan file in current open file directory(D:/Projet-Github/nodejs-formation/H.BDD/04.Controle-roles)
2025-01-30 11:41:48.586 [pool-3-thread-1] INFO  com.rs.mv.mvvs.client.catalog.from.scan.CurrentPathScanner - [client:400205]scan file in current open file directory(D:/Projet-Github/nodejs-formation/H.BDD/04.Controle-roles/controle-acces-based-roles)
2025-01-30 11:41:49.100 [pool-3-thread-1] INFO  com.rs.mv.mvvs.client.catalog.from.scan.CurrentPathScanner - [client:400205]scan file in current open file directory(D:/Projet-Github/nodejs-formation/H.BDD/04.Controle-roles/controle-acces-based-roles)
2025-01-30 11:41:50.912 [pool-3-thread-1] INFO  com.rs.mv.mvvs.client.catalog.from.scan.CurrentPathScanner - [client:400205]scan file in current open file directory(D:/Projet-Github/nodejs-formation/H.BDD/04.Controle-roles/controle-acces-based-roles)
2025-01-30 11:42:04.317 [pool-3-thread-1] INFO  com.rs.mv.mvvs.client.catalog.from.scan.CurrentPathScanner - [client:400205]scan file in current open file directory(D:/Projet-Github/nodejs-formation/H.BDD/04.Controle-roles)
2025-01-30 11:42:45.800 [pool-3-thread-1] INFO  com.rs.mv.mvvs.client.catalog.from.scan.CurrentPathScanner - [client:400205]scan file in current open file directory(D:/Projet-Github/nodejs-formation/H.BDD/05.Ecriture et execution tests unitaires)
2025-01-30 11:42:48.731 [pool-3-thread-1] INFO  com.rs.mv.mvvs.client.catalog.from.scan.CurrentPathScanner - [client:400205]scan file in current open file directory(D:/Projet-Github/nodejs-formation/H.BDD/05.Ecriture et execution tests unitaires)
2025-01-30 11:42:50.184 [pool-3-thread-1] INFO  com.rs.mv.mvvs.client.catalog.from.scan.CurrentPathScanner - [client:400205]scan file in current open file directory(D:/Projet-Github/nodejs-formation/H.BDD/05.Ecriture et execution tests unitaires)
2025-01-30 11:42:51.516 [pool-3-thread-1] INFO  com.rs.mv.mvvs.client.catalog.from.scan.CurrentPathScanner - [client:400205]scan file in current open file directory(D:/Projet-Github/nodejs-formation/H.BDD/05.Ecriture et execution tests unitaires)
2025-01-30 11:43:12.726 [pool-3-thread-1] INFO  com.rs.mv.mvvs.client.catalog.from.scan.CurrentPathScanner - [client:400205]scan file in current open file directory(D:/Projet-Github/nodejs-formation/H.BDD/05.Ecriture et execution tests unitaires)
2025-01-30 11:43:13.196 [pool-3-thread-1] INFO  com.rs.mv.mvvs.client.catalog.from.scan.CurrentPathScanner - [client:400205]scan file in current open file directory(D:/Projet-Github/nodejs-formation/H.BDD/05.Ecriture et execution tests unitaires)
2025-01-30 11:43:15.043 [pool-3-thread-1] INFO  com.rs.mv.mvvs.client.catalog.from.scan.CurrentPathScanner - [client:400205]scan file in current open file directory(D:/Projet-Github/nodejs-formation/H.BDD/05.Ecriture et execution tests unitaires)
2025-01-30 11:43:15.716 [pool-3-thread-1] INFO  com.rs.mv.mvvs.client.catalog.from.scan.CurrentPathScanner - [client:400205]scan file in current open file directory(D:/Projet-Github/nodejs-formation/H.BDD/05.Ecriture et execution tests unitaires)
2025-01-30 11:43:58.353 [pool-3-thread-1] INFO  com.rs.mv.mvvs.client.catalog.from.scan.CurrentPathScanner - [client:400205]scan file in current open file directory(D:/Projet-Github/nodejs-formation/H.BDD/06.Chai)
2025-01-30 11:44:17.469 [pool-3-thread-1] INFO  com.rs.mv.mvvs.client.catalog.from.scan.CurrentPathScanner - [client:400205]scan file in current open file directory(D:/Projet-Github/nodejs-formation/H.BDD/07.API-Rest)
2025-01-30 11:44:22.939 [pool-3-thread-1] INFO  com.rs.mv.mvvs.client.catalog.from.scan.CurrentPathScanner - [client:400205]scan file in current open file directory(D:/Projet-Github/nodejs-formation/H.BDD/07.API-Rest)
2025-01-30 11:44:26.112 [pool-3-thread-1] INFO  com.rs.mv.mvvs.client.catalog.from.scan.CurrentPathScanner - [client:400205]scan file in current open file directory(D:/Projet-Github/nodejs-formation/H.BDD/07.API-Rest)
2025-01-30 11:44:26.862 [pool-3-thread-1] INFO  com.rs.mv.mvvs.client.catalog.from.scan.CurrentPathScanner - [client:400205]scan file in current open file directory(D:/Projet-Github/nodejs-formation/H.BDD/07.API-Rest)
2025-01-30 11:44:27.429 [pool-3-thread-1] INFO  com.rs.mv.mvvs.client.catalog.from.scan.CurrentPathScanner - [client:400205]scan file in current open file directory(D:/Projet-Github/nodejs-formation/H.BDD/07.API-Rest)
2025-01-30 11:44:36.844 [pool-3-thread-1] INFO  com.rs.mv.mvvs.client.catalog.from.scan.CurrentPathScanner - [client:400205]scan file in current open file directory(D:/Projet-Github/nodejs-formation/H.BDD/08.Sécurité)
2025-01-30 11:44:37.664 [pool-3-thread-1] INFO  com.rs.mv.mvvs.client.catalog.from.scan.CurrentPathScanner - [client:400205]scan file in current open file directory(D:/Projet-Github/nodejs-formation/H.BDD/08.Sécurité)
2025-01-30 11:48:40.129 [pool-3-thread-1] INFO  com.rs.mv.mvvs.client.catalog.from.scan.CurrentPathScanner - [client:400205]scan file in current open file directory(D:/Projet-Github/nodejs-formation/H.BDD/07.API-Rest)
2025-01-30 11:49:07.685 [pool-3-thread-1] INFO  com.rs.mv.mvvs.client.catalog.from.scan.CurrentPathScanner - [client:400205]scan file in current open file directory(D:/Projet-Github/nodejs-formation/H.BDD/07.API-Rest)
2025-01-30 11:49:21.780 [pool-3-thread-1] INFO  com.rs.mv.mvvs.client.catalog.from.scan.CurrentPathScanner - [client:400205]scan file in current open file directory(D:/Projet-Github/nodejs-formation/H.BDD/08.Sécurité)
2025-01-30 11:49:35.655 [pool-3-thread-1] INFO  com.rs.mv.mvvs.client.catalog.from.scan.CurrentPathScanner - [client:400205]scan file in current open file directory(D:/Projet-Github/nodejs-formation/H.BDD/08.Sécurité)
